#! /c/Source/iverilog-install/bin/vvp
:ivl_version "12.0 (devel)" "(s20150603-1110-g18392a46)";
:ivl_delay_selection "TYPICAL";
:vpi_time_precision + 0;
:vpi_module "C:\iverilog\lib\ivl\system.vpi";
:vpi_module "C:\iverilog\lib\ivl\vhdl_sys.vpi";
:vpi_module "C:\iverilog\lib\ivl\vhdl_textio.vpi";
:vpi_module "C:\iverilog\lib\ivl\v2005_math.vpi";
:vpi_module "C:\iverilog\lib\ivl\va_math.vpi";
S_000002059b2e2210 .scope module, "FPU_tb" "FPU_tb" 2 1;
 .timescale 0 0;
P_000002059b936220 .param/l "W" 0 2 1, +C4<00000000000000000000000000100000>;
v000002059ba35f30_0 .var "EX_FPU_Control", 1 0;
v000002059ba358f0_0 .net "EX_FPU_OF", 0 0, v000002059b9032e0_0;  1 drivers
v000002059ba37bf0_0 .net "EX_FPU_Result", 31 0, v000002059b904320_0;  1 drivers
v000002059ba37c90_0 .net "EX_FPU_UF", 0 0, v000002059b9031a0_0;  1 drivers
v000002059ba35990_0 .net "EX_FPU_ZF", 0 0, v000002059b9037e0_0;  1 drivers
v000002059ba36390_0 .var "EX_FPU_en", 0 0;
v000002059ba36430_0 .net "EX_FPU_sign", 0 0, v000002059b906b20_0;  1 drivers
v000002059ba36570_0 .var "EX_F_A", 31 0;
v000002059ba366b0_0 .var "EX_F_B", 31 0;
v000002059ba37510_0 .var "EX_rm", 2 0;
v000002059ba37e70_0 .var "Stage_in", 0 0;
v000002059ba35a30_0 .net "Stage_out", 7 1, v000002059ba36070_0;  1 drivers
v000002059ba37150_0 .var "clk", 0 0;
v000002059ba37dd0_0 .net "error", 0 0, v000002059b904a00_0;  1 drivers
v000002059ba37f10_0 .var "reset", 0 0;
E_000002059b9364a0 .event negedge, v000002059b903ec0_0;
S_000002059b2e23a0 .scope module, "u_FPU" "FPU" 2 20, 3 1 0, S_000002059b2e2210;
 .timescale 0 0;
    .port_info 0 /INPUT 32 "IN_A";
    .port_info 1 /INPUT 32 "IN_B";
    .port_info 2 /INPUT 2 "op";
    .port_info 3 /INPUT 3 "rm";
    .port_info 4 /INPUT 1 "FPU_en";
    .port_info 5 /INPUT 1 "clk";
    .port_info 6 /INPUT 1 "reset";
    .port_info 7 /OUTPUT 32 "result_out";
    .port_info 8 /OUTPUT 1 "error";
    .port_info 9 /OUTPUT 1 "OF";
    .port_info 10 /OUTPUT 1 "UF";
    .port_info 11 /OUTPUT 1 "ZF";
    .port_info 12 /OUTPUT 1 "sign";
P_000002059b937060 .param/l "W" 0 3 1, +C4<00000000000000000000000000100000>;
v000002059ba355d0_0 .net "FPU_en", 0 0, v000002059ba36390_0;  1 drivers
v000002059ba352b0_0 .net "IN_A", 31 0, v000002059ba36570_0;  1 drivers
v000002059ba33190_0 .net "IN_B", 31 0, v000002059ba366b0_0;  1 drivers
v000002059ba35530_0 .net "OF", 0 0, v000002059b9032e0_0;  alias, 1 drivers
v000002059ba357b0_0 .net "UF", 0 0, v000002059b9031a0_0;  alias, 1 drivers
v000002059ba35350_0 .net "ZF", 0 0, v000002059b9037e0_0;  alias, 1 drivers
v000002059ba353f0_0 .net "clk", 0 0, v000002059ba37150_0;  1 drivers
v000002059ba35850_0 .net "error", 0 0, v000002059b904a00_0;  alias, 1 drivers
v000002059ba330f0_0 .net "op", 1 0, v000002059ba35f30_0;  1 drivers
v000002059ba332d0_0 .net "reset", 0 0, v000002059ba37f10_0;  1 drivers
v000002059ba33410_0 .net "result_out", 31 0, v000002059b904320_0;  alias, 1 drivers
v000002059ba334b0_0 .net "rm", 2 0, v000002059ba37510_0;  1 drivers
v000002059ba37830_0 .net "s1_EXPO_A", 7 0, L_000002059ba36a70;  1 drivers
v000002059ba38050_0 .net "s1_EXPO_B", 7 0, L_000002059ba370b0;  1 drivers
v000002059ba35ad0_0 .net "s1_FRAC_A", 22 0, L_000002059ba36d90;  1 drivers
v000002059ba35b70_0 .net "s1_FRAC_B", 22 0, L_000002059ba39130;  1 drivers
v000002059ba36250_0 .net "s1_IN_A", 31 0, v000002059b904280_0;  1 drivers
v000002059ba37650_0 .net "s1_IN_B", 31 0, v000002059b902d40_0;  1 drivers
v000002059ba36b10_0 .net "s1_SIGN_A", 0 0, L_000002059ba36930;  1 drivers
v000002059ba375b0_0 .net "s1_SIGN_B", 0 0, L_000002059ba36f70;  1 drivers
v000002059ba367f0_0 .net "s1_en", 0 0, v000002059b902b60_0;  1 drivers
v000002059ba37ab0_0 .net "s1_op", 1 0, v000002059b9036a0_0;  1 drivers
v000002059ba36c50_0 .net "s1_rm", 2 0, v000002059b9072a0_0;  1 drivers
v000002059ba364d0_0 .net "s2_op", 0 0, v000002059b903380_0;  1 drivers
v000002059ba35c10_0 .net "s2_rm", 2 0, v000002059b905900_0;  1 drivers
v000002059ba35d50_0 .net "s3_op", 0 0, v000002059b902c00_0;  1 drivers
v000002059ba376f0_0 .net "s3_rm", 2 0, v000002059b906a80_0;  1 drivers
v000002059ba373d0_0 .net "s4_op", 0 0, v000002059b903f60_0;  1 drivers
v000002059ba35df0_0 .net "s4_rm", 2 0, v000002059b9073e0_0;  1 drivers
v000002059ba37d30_0 .net "s5_op", 0 0, v000002059b9066c0_0;  1 drivers
v000002059ba37790_0 .net "s5_rm", 2 0, v000002059b905fe0_0;  1 drivers
v000002059ba35fd0_0 .net "s6_ADD_out", 31 0, v000002059ba26b70_0;  1 drivers
v000002059ba36890_0 .net "s6_MUL_out", 31 0, L_000002059bb109f0;  1 drivers
v000002059ba37330_0 .net "s6_OF", 0 0, v000002059b905680_0;  1 drivers
v000002059ba378d0_0 .net "s6_OF_ADD", 0 0, v000002059ba272f0_0;  1 drivers
v000002059ba361b0_0 .net "s6_OF_MUL", 0 0, v000002059ba2d790_0;  1 drivers
v000002059ba36610_0 .net "s6_UF", 0 0, v000002059b9063a0_0;  1 drivers
v000002059ba37970_0 .net "s6_UF_ADD", 0 0, v000002059ba28dd0_0;  1 drivers
v000002059ba36110_0 .net "s6_UF_MUL", 0 0, v000002059ba2b990_0;  1 drivers
v000002059ba362f0_0 .net "s6_ZF", 0 0, v000002059b907520_0;  1 drivers
v000002059ba35cb0_0 .net "s6_error", 0 0, v000002059b907a20_0;  1 drivers
v000002059ba37a10_0 .net "s6_error_ADD", 0 0, L_000002059bb05cf0;  1 drivers
v000002059ba37290_0 .net "s6_final_out", 31 0, v000002059b905540_0;  1 drivers
v000002059ba37470_0 .net "s6_op", 0 0, v000002059b906e40_0;  1 drivers
v000002059ba36bb0_0 .net "s6_rm", 2 0, v000002059b905e00_0;  1 drivers
v000002059ba37b50_0 .net "s6_sign", 0 0, v000002059b907980_0;  1 drivers
v000002059ba371f0_0 .net "sign", 0 0, v000002059b906b20_0;  alias, 1 drivers
L_000002059bad7500 .part v000002059b9036a0_0, 0, 1;
L_000002059bb12070 .part v000002059b9036a0_0, 1, 1;
S_000002059b343360 .scope module, "reg0_FPU_en" "Pipe_reg_1clk" 3 35, 4 1 0, S_000002059b2e23a0;
 .timescale 0 0;
    .port_info 0 /INPUT 1 "D";
    .port_info 1 /INPUT 1 "clk";
    .port_info 2 /INPUT 1 "reset";
    .port_info 3 /OUTPUT 1 "Q";
P_000002059b937420 .param/l "W" 0 4 1, +C4<00000000000000000000000000000001>;
v000002059b904c80_0 .net "D", 0 0, v000002059ba36390_0;  alias, 1 drivers
v000002059b902b60_0 .var "Q", 0 0;
v000002059b903ec0_0 .net "clk", 0 0, v000002059ba37150_0;  alias, 1 drivers
v000002059b9040a0_0 .net "reset", 0 0, v000002059ba37f10_0;  alias, 1 drivers
E_000002059b936f60 .event posedge, v000002059b9040a0_0, v000002059b903ec0_0;
S_000002059b3434f0 .scope module, "reg0_IN_A" "Pipe_reg_1clk" 3 32, 4 1 0, S_000002059b2e23a0;
 .timescale 0 0;
    .port_info 0 /INPUT 32 "D";
    .port_info 1 /INPUT 1 "clk";
    .port_info 2 /INPUT 1 "reset";
    .port_info 3 /OUTPUT 32 "Q";
P_000002059b936660 .param/l "W" 0 4 1, +C4<00000000000000000000000000100000>;
v000002059b9041e0_0 .net "D", 31 0, v000002059ba36570_0;  alias, 1 drivers
v000002059b904280_0 .var "Q", 31 0;
v000002059b902f20_0 .net "clk", 0 0, v000002059ba37150_0;  alias, 1 drivers
v000002059b902fc0_0 .net "reset", 0 0, v000002059ba37f10_0;  alias, 1 drivers
S_000002059b343680 .scope module, "reg0_IN_B" "Pipe_reg_1clk" 3 33, 4 1 0, S_000002059b2e23a0;
 .timescale 0 0;
    .port_info 0 /INPUT 32 "D";
    .port_info 1 /INPUT 1 "clk";
    .port_info 2 /INPUT 1 "reset";
    .port_info 3 /OUTPUT 32 "Q";
P_000002059b936e60 .param/l "W" 0 4 1, +C4<00000000000000000000000000100000>;
v000002059b903240_0 .net "D", 31 0, v000002059ba366b0_0;  alias, 1 drivers
v000002059b902d40_0 .var "Q", 31 0;
v000002059b904640_0 .net "clk", 0 0, v000002059ba37150_0;  alias, 1 drivers
v000002059b903600_0 .net "reset", 0 0, v000002059ba37f10_0;  alias, 1 drivers
S_000002059b337870 .scope module, "reg_FINAL_OUT" "Pipe_reg_1clk" 3 127, 4 1 0, S_000002059b2e23a0;
 .timescale 0 0;
    .port_info 0 /INPUT 32 "D";
    .port_info 1 /INPUT 1 "clk";
    .port_info 2 /INPUT 1 "reset";
    .port_info 3 /OUTPUT 32 "Q";
P_000002059b936b60 .param/l "W" 0 4 1, +C4<00000000000000000000000000100000>;
v000002059b904b40_0 .net "D", 31 0, v000002059b905540_0;  alias, 1 drivers
v000002059b904320_0 .var "Q", 31 0;
v000002059b903740_0 .net "clk", 0 0, v000002059ba37150_0;  alias, 1 drivers
v000002059b9046e0_0 .net "reset", 0 0, v000002059ba37f10_0;  alias, 1 drivers
S_000002059b337a00 .scope module, "reg_OF" "Pipe_reg_1clk" 3 121, 4 1 0, S_000002059b2e23a0;
 .timescale 0 0;
    .port_info 0 /INPUT 1 "D";
    .port_info 1 /INPUT 1 "clk";
    .port_info 2 /INPUT 1 "reset";
    .port_info 3 /OUTPUT 1 "Q";
P_000002059b936720 .param/l "W" 0 4 1, +C4<00000000000000000000000000000001>;
v000002059b902980_0 .net "D", 0 0, v000002059b905680_0;  alias, 1 drivers
v000002059b9032e0_0 .var "Q", 0 0;
v000002059b903ba0_0 .net "clk", 0 0, v000002059ba37150_0;  alias, 1 drivers
v000002059b904780_0 .net "reset", 0 0, v000002059ba37f10_0;  alias, 1 drivers
S_000002059b337b90 .scope module, "reg_UF" "Pipe_reg_1clk" 3 124, 4 1 0, S_000002059b2e23a0;
 .timescale 0 0;
    .port_info 0 /INPUT 1 "D";
    .port_info 1 /INPUT 1 "clk";
    .port_info 2 /INPUT 1 "reset";
    .port_info 3 /OUTPUT 1 "Q";
P_000002059b9375e0 .param/l "W" 0 4 1, +C4<00000000000000000000000000000001>;
v000002059b903060_0 .net "D", 0 0, v000002059b9063a0_0;  alias, 1 drivers
v000002059b9031a0_0 .var "Q", 0 0;
v000002059b9025c0_0 .net "clk", 0 0, v000002059ba37150_0;  alias, 1 drivers
v000002059b903c40_0 .net "reset", 0 0, v000002059ba37f10_0;  alias, 1 drivers
S_000002059b333310 .scope module, "reg_ZF" "Pipe_reg_1clk" 3 123, 4 1 0, S_000002059b2e23a0;
 .timescale 0 0;
    .port_info 0 /INPUT 1 "D";
    .port_info 1 /INPUT 1 "clk";
    .port_info 2 /INPUT 1 "reset";
    .port_info 3 /OUTPUT 1 "Q";
P_000002059b9366a0 .param/l "W" 0 4 1, +C4<00000000000000000000000000000001>;
v000002059b904820_0 .net "D", 0 0, v000002059b907520_0;  alias, 1 drivers
v000002059b9037e0_0 .var "Q", 0 0;
v000002059b9043c0_0 .net "clk", 0 0, v000002059ba37150_0;  alias, 1 drivers
v000002059b904460_0 .net "reset", 0 0, v000002059ba37f10_0;  alias, 1 drivers
S_000002059b3334a0 .scope module, "reg_error" "Pipe_reg_1clk" 3 125, 4 1 0, S_000002059b2e23a0;
 .timescale 0 0;
    .port_info 0 /INPUT 1 "D";
    .port_info 1 /INPUT 1 "clk";
    .port_info 2 /INPUT 1 "reset";
    .port_info 3 /OUTPUT 1 "Q";
P_000002059b936ce0 .param/l "W" 0 4 1, +C4<00000000000000000000000000000001>;
v000002059b9048c0_0 .net "D", 0 0, v000002059b907a20_0;  alias, 1 drivers
v000002059b904a00_0 .var "Q", 0 0;
v000002059b903100_0 .net "clk", 0 0, v000002059ba37150_0;  alias, 1 drivers
v000002059b903e20_0 .net "reset", 0 0, v000002059ba37f10_0;  alias, 1 drivers
S_000002059b333630 .scope module, "reg_op_s0_s1" "Pipe_reg_1clk" 3 98, 4 1 0, S_000002059b2e23a0;
 .timescale 0 0;
    .port_info 0 /INPUT 2 "D";
    .port_info 1 /INPUT 1 "clk";
    .port_info 2 /INPUT 1 "reset";
    .port_info 3 /OUTPUT 2 "Q";
P_000002059b936aa0 .param/l "W" 0 4 1, +C4<00000000000000000000000000000010>;
v000002059b904500_0 .net "D", 1 0, v000002059ba35f30_0;  alias, 1 drivers
v000002059b9036a0_0 .var "Q", 1 0;
v000002059b903880_0 .net "clk", 0 0, v000002059ba37150_0;  alias, 1 drivers
v000002059b902840_0 .net "reset", 0 0, v000002059ba37f10_0;  alias, 1 drivers
S_000002059b32fbb0 .scope module, "reg_op_s1_s2" "Pipe_reg_1clk" 3 99, 4 1 0, S_000002059b2e23a0;
 .timescale 0 0;
    .port_info 0 /INPUT 1 "D";
    .port_info 1 /INPUT 1 "clk";
    .port_info 2 /INPUT 1 "reset";
    .port_info 3 /OUTPUT 1 "Q";
P_000002059b936ba0 .param/l "W" 0 4 1, +C4<00000000000000000000000000000001>;
v000002059b902660_0 .net "D", 0 0, L_000002059bb12070;  1 drivers
v000002059b903380_0 .var "Q", 0 0;
v000002059b9027a0_0 .net "clk", 0 0, v000002059ba37150_0;  alias, 1 drivers
v000002059b902a20_0 .net "reset", 0 0, v000002059ba37f10_0;  alias, 1 drivers
S_000002059b32d410 .scope module, "reg_op_s2_s3" "Pipe_reg_1clk" 3 100, 4 1 0, S_000002059b2e23a0;
 .timescale 0 0;
    .port_info 0 /INPUT 1 "D";
    .port_info 1 /INPUT 1 "clk";
    .port_info 2 /INPUT 1 "reset";
    .port_info 3 /OUTPUT 1 "Q";
P_000002059b936da0 .param/l "W" 0 4 1, +C4<00000000000000000000000000000001>;
v000002059b902ac0_0 .net "D", 0 0, v000002059b903380_0;  alias, 1 drivers
v000002059b902c00_0 .var "Q", 0 0;
v000002059b902ca0_0 .net "clk", 0 0, v000002059ba37150_0;  alias, 1 drivers
v000002059b903560_0 .net "reset", 0 0, v000002059ba37f10_0;  alias, 1 drivers
S_000002059b32d5a0 .scope module, "reg_op_s3_s4" "Pipe_reg_1clk" 3 101, 4 1 0, S_000002059b2e23a0;
 .timescale 0 0;
    .port_info 0 /INPUT 1 "D";
    .port_info 1 /INPUT 1 "clk";
    .port_info 2 /INPUT 1 "reset";
    .port_info 3 /OUTPUT 1 "Q";
P_000002059b936e20 .param/l "W" 0 4 1, +C4<00000000000000000000000000000001>;
v000002059b9039c0_0 .net "D", 0 0, v000002059b902c00_0;  alias, 1 drivers
v000002059b903f60_0 .var "Q", 0 0;
v000002059b903a60_0 .net "clk", 0 0, v000002059ba37150_0;  alias, 1 drivers
v000002059b903b00_0 .net "reset", 0 0, v000002059ba37f10_0;  alias, 1 drivers
S_000002059b32d730 .scope module, "reg_op_s4_s5" "Pipe_reg_1clk" 3 102, 4 1 0, S_000002059b2e23a0;
 .timescale 0 0;
    .port_info 0 /INPUT 1 "D";
    .port_info 1 /INPUT 1 "clk";
    .port_info 2 /INPUT 1 "reset";
    .port_info 3 /OUTPUT 1 "Q";
P_000002059b937320 .param/l "W" 0 4 1, +C4<00000000000000000000000000000001>;
v000002059b903ce0_0 .net "D", 0 0, v000002059b903f60_0;  alias, 1 drivers
v000002059b9066c0_0 .var "Q", 0 0;
v000002059b906bc0_0 .net "clk", 0 0, v000002059ba37150_0;  alias, 1 drivers
v000002059b906620_0 .net "reset", 0 0, v000002059ba37f10_0;  alias, 1 drivers
S_000002059b32cec0 .scope module, "reg_op_s5_s6" "Pipe_reg_1clk" 3 103, 4 1 0, S_000002059b2e23a0;
 .timescale 0 0;
    .port_info 0 /INPUT 1 "D";
    .port_info 1 /INPUT 1 "clk";
    .port_info 2 /INPUT 1 "reset";
    .port_info 3 /OUTPUT 1 "Q";
P_000002059b937560 .param/l "W" 0 4 1, +C4<00000000000000000000000000000001>;
v000002059b9050e0_0 .net "D", 0 0, v000002059b9066c0_0;  alias, 1 drivers
v000002059b906e40_0 .var "Q", 0 0;
v000002059b905ea0_0 .net "clk", 0 0, v000002059ba37150_0;  alias, 1 drivers
v000002059b905f40_0 .net "reset", 0 0, v000002059ba37f10_0;  alias, 1 drivers
S_000002059b32d050 .scope module, "reg_rm_s0_s1" "Pipe_reg_1clk" 3 53, 4 1 0, S_000002059b2e23a0;
 .timescale 0 0;
    .port_info 0 /INPUT 3 "D";
    .port_info 1 /INPUT 1 "clk";
    .port_info 2 /INPUT 1 "reset";
    .port_info 3 /OUTPUT 3 "Q";
P_000002059b936ee0 .param/l "W" 0 4 1, +C4<00000000000000000000000000000011>;
v000002059b905a40_0 .net "D", 2 0, v000002059ba37510_0;  alias, 1 drivers
v000002059b9072a0_0 .var "Q", 2 0;
v000002059b907340_0 .net "clk", 0 0, v000002059ba37150_0;  alias, 1 drivers
v000002059b9070c0_0 .net "reset", 0 0, v000002059ba37f10_0;  alias, 1 drivers
S_000002059b8cc900 .scope module, "reg_rm_s1_s2" "Pipe_reg_1clk" 3 54, 4 1 0, S_000002059b2e23a0;
 .timescale 0 0;
    .port_info 0 /INPUT 3 "D";
    .port_info 1 /INPUT 1 "clk";
    .port_info 2 /INPUT 1 "reset";
    .port_info 3 /OUTPUT 3 "Q";
P_000002059b9369a0 .param/l "W" 0 4 1, +C4<00000000000000000000000000000011>;
v000002059b906760_0 .net "D", 2 0, v000002059b9072a0_0;  alias, 1 drivers
v000002059b905900_0 .var "Q", 2 0;
v000002059b907200_0 .net "clk", 0 0, v000002059ba37150_0;  alias, 1 drivers
v000002059b904d20_0 .net "reset", 0 0, v000002059ba37f10_0;  alias, 1 drivers
S_000002059b8cca90 .scope module, "reg_rm_s2_s3" "Pipe_reg_1clk" 3 55, 4 1 0, S_000002059b2e23a0;
 .timescale 0 0;
    .port_info 0 /INPUT 3 "D";
    .port_info 1 /INPUT 1 "clk";
    .port_info 2 /INPUT 1 "reset";
    .port_info 3 /OUTPUT 3 "Q";
P_000002059b937460 .param/l "W" 0 4 1, +C4<00000000000000000000000000000011>;
v000002059b9064e0_0 .net "D", 2 0, v000002059b905900_0;  alias, 1 drivers
v000002059b906a80_0 .var "Q", 2 0;
v000002059b9069e0_0 .net "clk", 0 0, v000002059ba37150_0;  alias, 1 drivers
v000002059b9052c0_0 .net "reset", 0 0, v000002059ba37f10_0;  alias, 1 drivers
S_000002059b8cd0d0 .scope module, "reg_rm_s3_s4" "Pipe_reg_1clk" 3 56, 4 1 0, S_000002059b2e23a0;
 .timescale 0 0;
    .port_info 0 /INPUT 3 "D";
    .port_info 1 /INPUT 1 "clk";
    .port_info 2 /INPUT 1 "reset";
    .port_info 3 /OUTPUT 3 "Q";
P_000002059b936d20 .param/l "W" 0 4 1, +C4<00000000000000000000000000000011>;
v000002059b906580_0 .net "D", 2 0, v000002059b906a80_0;  alias, 1 drivers
v000002059b9073e0_0 .var "Q", 2 0;
v000002059b906800_0 .net "clk", 0 0, v000002059ba37150_0;  alias, 1 drivers
v000002059b907160_0 .net "reset", 0 0, v000002059ba37f10_0;  alias, 1 drivers
S_000002059b8cd260 .scope module, "reg_rm_s4_s5" "Pipe_reg_1clk" 3 57, 4 1 0, S_000002059b2e23a0;
 .timescale 0 0;
    .port_info 0 /INPUT 3 "D";
    .port_info 1 /INPUT 1 "clk";
    .port_info 2 /INPUT 1 "reset";
    .port_info 3 /OUTPUT 3 "Q";
P_000002059b9367e0 .param/l "W" 0 4 1, +C4<00000000000000000000000000000011>;
v000002059b906f80_0 .net "D", 2 0, v000002059b9073e0_0;  alias, 1 drivers
v000002059b905fe0_0 .var "Q", 2 0;
v000002059b905ae0_0 .net "clk", 0 0, v000002059ba37150_0;  alias, 1 drivers
v000002059b905b80_0 .net "reset", 0 0, v000002059ba37f10_0;  alias, 1 drivers
S_000002059b8cc450 .scope module, "reg_rm_s5_s6" "Pipe_reg_1clk" 3 58, 4 1 0, S_000002059b2e23a0;
 .timescale 0 0;
    .port_info 0 /INPUT 3 "D";
    .port_info 1 /INPUT 1 "clk";
    .port_info 2 /INPUT 1 "reset";
    .port_info 3 /OUTPUT 3 "Q";
P_000002059b9368a0 .param/l "W" 0 4 1, +C4<00000000000000000000000000000011>;
v000002059b9068a0_0 .net "D", 2 0, v000002059b905fe0_0;  alias, 1 drivers
v000002059b905e00_0 .var "Q", 2 0;
v000002059b907480_0 .net "clk", 0 0, v000002059ba37150_0;  alias, 1 drivers
v000002059b906940_0 .net "reset", 0 0, v000002059ba37f10_0;  alias, 1 drivers
S_000002059b8cc5e0 .scope module, "reg_sign" "Pipe_reg_1clk" 3 122, 4 1 0, S_000002059b2e23a0;
 .timescale 0 0;
    .port_info 0 /INPUT 1 "D";
    .port_info 1 /INPUT 1 "clk";
    .port_info 2 /INPUT 1 "reset";
    .port_info 3 /OUTPUT 1 "Q";
P_000002059b936d60 .param/l "W" 0 4 1, +C4<00000000000000000000000000000001>;
v000002059b905cc0_0 .net "D", 0 0, v000002059b907980_0;  alias, 1 drivers
v000002059b906b20_0 .var "Q", 0 0;
v000002059b906080_0 .net "clk", 0 0, v000002059ba37150_0;  alias, 1 drivers
v000002059b905220_0 .net "reset", 0 0, v000002059ba37f10_0;  alias, 1 drivers
S_000002059b8ccc20 .scope module, "s1_u_unpack_A" "FPU_unpack" 3 38, 5 1 0, S_000002059b2e23a0;
 .timescale 0 0;
    .port_info 0 /INPUT 32 "IN";
    .port_info 1 /INPUT 1 "FPU_en";
    .port_info 2 /OUTPUT 1 "SIGN";
    .port_info 3 /OUTPUT 8 "EXPO";
    .port_info 4 /OUTPUT 23 "FRAC";
P_000002059b936de0 .param/l "W" 0 5 1, +C4<00000000000000000000000000100000>;
v000002059b906260_0 .net "EXPO", 7 0, L_000002059ba36a70;  alias, 1 drivers
v000002059b904dc0_0 .net "FPU_en", 0 0, v000002059b902b60_0;  alias, 1 drivers
v000002059b9059a0_0 .net "FRAC", 22 0, L_000002059ba36d90;  alias, 1 drivers
v000002059b906120_0 .net "IN", 31 0, v000002059b904280_0;  alias, 1 drivers
v000002059b904e60_0 .net "SIGN", 0 0, L_000002059ba36930;  alias, 1 drivers
v000002059b906c60_0 .net *"_ivl_1", 0 0, L_000002059ba37fb0;  1 drivers
v000002059b906ee0_0 .net *"_ivl_13", 22 0, L_000002059ba36cf0;  1 drivers
L_000002059ba508d8 .functor BUFT 1, C4<00000000000000000000000>, C4<0>, C4<0>, C4<0>;
v000002059b905c20_0 .net/2u *"_ivl_14", 22 0, L_000002059ba508d8;  1 drivers
L_000002059ba50848 .functor BUFT 1, C4<0>, C4<0>, C4<0>, C4<0>;
v000002059b906d00_0 .net/2u *"_ivl_2", 0 0, L_000002059ba50848;  1 drivers
v000002059b907020_0 .net *"_ivl_7", 7 0, L_000002059ba369d0;  1 drivers
L_000002059ba50890 .functor BUFT 1, C4<00000000>, C4<0>, C4<0>, C4<0>;
v000002059b904f00_0 .net/2u *"_ivl_8", 7 0, L_000002059ba50890;  1 drivers
L_000002059ba37fb0 .part v000002059b904280_0, 31, 1;
L_000002059ba36930 .functor MUXZ 1, L_000002059ba50848, L_000002059ba37fb0, v000002059b902b60_0, C4<>;
L_000002059ba369d0 .part v000002059b904280_0, 23, 8;
L_000002059ba36a70 .functor MUXZ 8, L_000002059ba50890, L_000002059ba369d0, v000002059b902b60_0, C4<>;
L_000002059ba36cf0 .part v000002059b904280_0, 0, 23;
L_000002059ba36d90 .functor MUXZ 23, L_000002059ba508d8, L_000002059ba36cf0, v000002059b902b60_0, C4<>;
S_000002059b8cc770 .scope module, "s1_u_unpack_B" "FPU_unpack" 3 45, 5 1 0, S_000002059b2e23a0;
 .timescale 0 0;
    .port_info 0 /INPUT 32 "IN";
    .port_info 1 /INPUT 1 "FPU_en";
    .port_info 2 /OUTPUT 1 "SIGN";
    .port_info 3 /OUTPUT 8 "EXPO";
    .port_info 4 /OUTPUT 23 "FRAC";
P_000002059b936a20 .param/l "W" 0 5 1, +C4<00000000000000000000000000100000>;
v000002059b9061c0_0 .net "EXPO", 7 0, L_000002059ba370b0;  alias, 1 drivers
v000002059b906440_0 .net "FPU_en", 0 0, v000002059b902b60_0;  alias, 1 drivers
v000002059b904fa0_0 .net "FRAC", 22 0, L_000002059ba39130;  alias, 1 drivers
v000002059b905040_0 .net "IN", 31 0, v000002059b902d40_0;  alias, 1 drivers
v000002059b906da0_0 .net "SIGN", 0 0, L_000002059ba36f70;  alias, 1 drivers
v000002059b905180_0 .net *"_ivl_1", 0 0, L_000002059ba36e30;  1 drivers
v000002059b905360_0 .net *"_ivl_13", 22 0, L_000002059ba39770;  1 drivers
L_000002059ba509b0 .functor BUFT 1, C4<00000000000000000000000>, C4<0>, C4<0>, C4<0>;
v000002059b905400_0 .net/2u *"_ivl_14", 22 0, L_000002059ba509b0;  1 drivers
L_000002059ba50920 .functor BUFT 1, C4<0>, C4<0>, C4<0>, C4<0>;
v000002059b905720_0 .net/2u *"_ivl_2", 0 0, L_000002059ba50920;  1 drivers
v000002059b906300_0 .net *"_ivl_7", 7 0, L_000002059ba37010;  1 drivers
L_000002059ba50968 .functor BUFT 1, C4<00000000>, C4<0>, C4<0>, C4<0>;
v000002059b9054a0_0 .net/2u *"_ivl_8", 7 0, L_000002059ba50968;  1 drivers
L_000002059ba36e30 .part v000002059b902d40_0, 31, 1;
L_000002059ba36f70 .functor MUXZ 1, L_000002059ba50920, L_000002059ba36e30, v000002059b902b60_0, C4<>;
L_000002059ba37010 .part v000002059b902d40_0, 23, 8;
L_000002059ba370b0 .functor MUXZ 8, L_000002059ba50968, L_000002059ba37010, v000002059b902b60_0, C4<>;
L_000002059ba39770 .part v000002059b902d40_0, 0, 23;
L_000002059ba39130 .functor MUXZ 23, L_000002059ba509b0, L_000002059ba39770, v000002059b902b60_0, C4<>;
S_000002059b8ccdb0 .scope module, "s6_u_mux" "MUX" 3 105, 6 1 0, S_000002059b2e23a0;
 .timescale 0 0;
    .port_info 0 /INPUT 32 "ADD_out";
    .port_info 1 /INPUT 32 "MUL_out";
    .port_info 2 /INPUT 1 "OF_ADD";
    .port_info 3 /INPUT 1 "UF_ADD";
    .port_info 4 /INPUT 1 "error_ADD";
    .port_info 5 /INPUT 1 "OF_MUL";
    .port_info 6 /INPUT 1 "UF_MUL";
    .port_info 7 /INPUT 1 "op";
    .port_info 8 /OUTPUT 1 "OF";
    .port_info 9 /OUTPUT 1 "UF";
    .port_info 10 /OUTPUT 1 "error";
    .port_info 11 /OUTPUT 1 "sign";
    .port_info 12 /OUTPUT 1 "ZF";
    .port_info 13 /OUTPUT 32 "Final_out";
P_000002059b937360 .param/l "W" 0 6 1, +C4<00000000000000000000000000100000>;
v000002059b905d60_0 .net "ADD_out", 31 0, v000002059ba26b70_0;  alias, 1 drivers
v000002059b905540_0 .var "Final_out", 31 0;
v000002059b9055e0_0 .net "MUL_out", 31 0, L_000002059bb109f0;  alias, 1 drivers
v000002059b905680_0 .var "OF", 0 0;
v000002059b9057c0_0 .net "OF_ADD", 0 0, v000002059ba272f0_0;  alias, 1 drivers
v000002059b905860_0 .net "OF_MUL", 0 0, v000002059ba2d790_0;  alias, 1 drivers
v000002059b9063a0_0 .var "UF", 0 0;
v000002059b908060_0 .net "UF_ADD", 0 0, v000002059ba28dd0_0;  alias, 1 drivers
v000002059b907b60_0 .net "UF_MUL", 0 0, v000002059ba2b990_0;  alias, 1 drivers
v000002059b907520_0 .var "ZF", 0 0;
v000002059b907a20_0 .var "error", 0 0;
v000002059b907840_0 .net "error_ADD", 0 0, L_000002059bb05cf0;  alias, 1 drivers
v000002059b9078e0_0 .net "op", 0 0, v000002059b906e40_0;  alias, 1 drivers
v000002059b907980_0 .var "sign", 0 0;
E_000002059b936fe0/0 .event anyedge, v000002059b904b40_0, v000002059b906e40_0, v000002059b9055e0_0, v000002059b905860_0;
E_000002059b936fe0/1 .event anyedge, v000002059b907b60_0, v000002059b905d60_0, v000002059b9057c0_0, v000002059b908060_0;
E_000002059b936fe0/2 .event anyedge, v000002059b907840_0;
E_000002059b936fe0 .event/or E_000002059b936fe0/0, E_000002059b936fe0/1, E_000002059b936fe0/2;
S_000002059b8ccf40 .scope module, "u_FADD_core" "FADD_core" 3 61, 7 2 0, S_000002059b2e23a0;
 .timescale 0 0;
    .port_info 0 /INPUT 1 "s1_en";
    .port_info 1 /INPUT 1 "s1_SIGN_A";
    .port_info 2 /INPUT 1 "s1_SIGN_B";
    .port_info 3 /INPUT 8 "s1_EXPO_A";
    .port_info 4 /INPUT 8 "s1_EXPO_B";
    .port_info 5 /INPUT 23 "s1_FRAC_A";
    .port_info 6 /INPUT 23 "s1_FRAC_B";
    .port_info 7 /INPUT 1 "clk";
    .port_info 8 /INPUT 1 "reset";
    .port_info 9 /INPUT 3 "s6_rm";
    .port_info 10 /INPUT 1 "s1_op";
    .port_info 11 /OUTPUT 1 "s6_error";
    .port_info 12 /OUTPUT 1 "s6_OF";
    .port_info 13 /OUTPUT 1 "s6_UF";
    .port_info 14 /OUTPUT 32 "s6_ADD_out";
P_000002059b9370e0 .param/l "W" 0 7 2, +C4<00000000000000000000000000100000>;
L_000002059ba509f8 .functor BUFT 1, C4<1>, C4<0>, C4<0>, C4<0>;
v000002059ba27e30_0 .net/2u *"_ivl_0", 0 0, L_000002059ba509f8;  1 drivers
L_000002059ba50c38 .functor BUFT 1, C4<0>, C4<0>, C4<0>, C4<0>;
v000002059ba27390_0 .net/2u *"_ivl_14", 0 0, L_000002059ba50c38;  1 drivers
L_000002059ba50a40 .functor BUFT 1, C4<000000000000000000000000>, C4<0>, C4<0>, C4<0>;
v000002059ba28f10_0 .net/2u *"_ivl_2", 23 0, L_000002059ba50a40;  1 drivers
L_000002059ba50a88 .functor BUFT 1, C4<1>, C4<0>, C4<0>, C4<0>;
v000002059ba27110_0 .net/2u *"_ivl_6", 0 0, L_000002059ba50a88;  1 drivers
L_000002059ba50ad0 .functor BUFT 1, C4<000000000000000000000000>, C4<0>, C4<0>, C4<0>;
v000002059ba27430_0 .net/2u *"_ivl_8", 23 0, L_000002059ba50ad0;  1 drivers
v000002059ba28fb0_0 .net "clk", 0 0, v000002059ba37150_0;  alias, 1 drivers
v000002059ba28bf0_0 .net "reset", 0 0, v000002059ba37f10_0;  alias, 1 drivers
v000002059ba268f0_0 .net "s1_EXPO_A", 7 0, L_000002059ba36a70;  alias, 1 drivers
v000002059ba27890_0 .net "s1_EXPO_B", 7 0, L_000002059ba370b0;  alias, 1 drivers
v000002059ba29050_0 .net "s1_EXPO_big", 7 0, L_000002059bad8180;  1 drivers
v000002059ba26990_0 .net "s1_EXPO_count", 7 0, v000002059b758020_0;  1 drivers
v000002059ba27c50_0 .net "s1_EXPO_direction", 0 0, v000002059b7597e0_0;  1 drivers
v000002059ba281f0_0 .net "s1_EXPO_doing_A", 0 0, v000002059b758a20_0;  1 drivers
v000002059ba286f0_0 .net "s1_EXPO_doing_B", 0 0, v000002059b758520_0;  1 drivers
v000002059ba28650_0 .net "s1_FRAC_A", 22 0, L_000002059ba36d90;  alias, 1 drivers
v000002059ba27cf0_0 .net "s1_FRAC_B", 22 0, L_000002059ba39130;  alias, 1 drivers
v000002059ba26a30_0 .net "s1_SIGN_A", 0 0, L_000002059ba36930;  alias, 1 drivers
v000002059ba28510_0 .net "s1_SIGN_B", 0 0, L_000002059ba36f70;  alias, 1 drivers
v000002059ba26ad0_0 .net "s1_bigger", 0 0, L_000002059bad6ba0;  1 drivers
v000002059ba274d0_0 .net "s1_en", 0 0, v000002059b902b60_0;  alias, 1 drivers
v000002059ba27570_0 .net "s1_op", 0 0, L_000002059bad7500;  1 drivers
v000002059ba27930_0 .net "s2_EXPO_big", 7 0, v000002059b8f85c0_0;  1 drivers
v000002059ba27a70_0 .net "s2_EXPO_count", 7 0, v000002059b8f9740_0;  1 drivers
v000002059ba27f70_0 .net "s2_EXPO_direction", 0 0, v000002059b8f9c40_0;  1 drivers
v000002059ba28010_0 .net "s2_EXPO_doing_A", 0 0, v000002059b8f8520_0;  1 drivers
v000002059ba2b2b0_0 .net "s2_EXPO_doing_B", 0 0, v000002059b8fa780_0;  1 drivers
v000002059ba29ff0_0 .net "s2_FRAC_A", 47 0, v000002059b8fa8c0_0;  1 drivers
v000002059ba2b850_0 .net "s2_FRAC_B", 47 0, v000002059b8f8e80_0;  1 drivers
v000002059ba2a1d0_0 .net "s2_FRAC_cond_A", 47 0, v000002059b873500_0;  1 drivers
v000002059ba2a4f0_0 .net "s2_FRAC_cond_B", 47 0, v000002059b760720_0;  1 drivers
v000002059ba2a450_0 .net "s2_FRAC_shifted_A", 47 0, v000002059b760c20_0;  1 drivers
v000002059ba295f0_0 .net "s2_FRAC_shifted_B", 47 0, v000002059b7600e0_0;  1 drivers
v000002059ba2a270_0 .net "s2_SIGN_A", 0 0, v000002059b8f88e0_0;  1 drivers
v000002059ba2ae50_0 .net "s2_SIGN_B", 0 0, v000002059b8f8ca0_0;  1 drivers
v000002059ba2b350_0 .net "s2_bigger", 0 0, v000002059b8fa960_0;  1 drivers
v000002059ba29c30_0 .net "s2_eff_sub", 0 0, L_000002059b9318b0;  1 drivers
v000002059ba2a8b0_0 .net "s2_en", 0 0, v000002059b908100_0;  1 drivers
v000002059ba29370_0 .net "s2_final_SIGN", 0 0, v000002059b86f860_0;  1 drivers
v000002059ba29410_0 .net "s2_op", 0 0, v000002059b8f96a0_0;  1 drivers
v000002059ba290f0_0 .net "s3_EXPO_big", 7 0, v000002059b8f9ba0_0;  1 drivers
v000002059ba297d0_0 .net "s3_FRAC_A", 47 0, v000002059b8fb9a0_0;  1 drivers
v000002059ba299b0_0 .net "s3_FRAC_B", 47 0, v000002059b8fe880_0;  1 drivers
v000002059ba2af90_0 .net "s3_FRAC_Cout", 0 0, v000002059ba25bd0_0;  1 drivers
v000002059ba2b7b0_0 .net "s3_FRAC_Cout1", 0 0, L_000002059bac77e0;  1 drivers
v000002059ba29730_0 .net "s3_FRAC_SUM", 47 0, v000002059ba25270_0;  1 drivers
v000002059ba29870_0 .net "s3_FRAC_Sum1", 47 0, L_000002059bae4c10;  1 drivers
v000002059ba2b210_0 .net "s3_FRAC_Sum2", 47 0, L_000002059bb07260;  1 drivers
v000002059ba2aef0_0 .net "s3_FRAC_shifted_A", 47 0, v000002059b8fac80_0;  1 drivers
v000002059ba2a3b0_0 .net "s3_FRAC_shifted_B", 47 0, v000002059b8fafa0_0;  1 drivers
v000002059ba29a50_0 .net "s3_eff_sub", 0 0, v000002059b8fbea0_0;  1 drivers
v000002059ba2ac70_0 .net "s3_en", 0 0, v000002059b907c00_0;  1 drivers
v000002059ba2b530_0 .net "s3_final_SIGN", 0 0, v000002059b8ffb40_0;  1 drivers
v000002059ba2ad10_0 .net "s4_EXPO_big", 7 0, v000002059b8fee20_0;  1 drivers
v000002059ba2b3f0_0 .net "s4_FRAC_Cout", 0 0, v000002059b8fea60_0;  1 drivers
v000002059ba2a770_0 .net "s4_FRAC_Sum", 47 0, v000002059b8fde80_0;  1 drivers
v000002059ba2a090_0 .net "s4_FRAC_nor_FRAC", 48 0, L_000002059bad7640;  1 drivers
v000002059ba2a590_0 .net "s4_FRAC_nor_count", 7 0, v000002059ba26170_0;  1 drivers
v000002059ba2a130_0 .net "s4_FRAC_nor_direction", 0 0, v000002059ba244b0_0;  1 drivers
v000002059ba2a630_0 .net "s4_FRAC_nor_doing", 0 0, v000002059ba26210_0;  1 drivers
v000002059ba2b030_0 .net "s4_en", 0 0, v000002059b907de0_0;  1 drivers
v000002059ba29910_0 .net "s4_final_SIGN", 0 0, v000002059b8fe060_0;  1 drivers
v000002059ba2a6d0_0 .net "s5_EXPO", 8 0, v000002059ba263f0_0;  1 drivers
v000002059ba2a950_0 .net "s5_EXPO_big", 7 0, v000002059b901a80_0;  1 drivers
v000002059ba2a810_0 .net "s5_FRAC_nor_FRAC", 48 0, v000002059b901620_0;  1 drivers
v000002059ba2ab30_0 .net "s5_FRAC_nor_count", 7 0, v000002059b901080_0;  1 drivers
v000002059ba2a9f0_0 .net "s5_FRAC_nor_direction", 0 0, v000002059b9013a0_0;  1 drivers
v000002059ba2aa90_0 .net "s5_FRAC_nor_doing", 0 0, v000002059b9000e0_0;  1 drivers
v000002059ba2b490_0 .net "s5_FRAC_shifted", 48 0, v000002059ba24d70_0;  1 drivers
v000002059ba29d70_0 .net "s5_en", 0 0, v000002059b908240_0;  1 drivers
v000002059ba2abd0_0 .net "s5_final_SIGN", 0 0, v000002059b900360_0;  1 drivers
v000002059ba2a310_0 .net "s6_ADD_out", 31 0, v000002059ba26b70_0;  alias, 1 drivers
v000002059ba2adb0_0 .net "s6_EXPO", 8 0, v000002059b900900_0;  1 drivers
v000002059ba2b0d0_0 .net "s6_FRAC_shifted", 47 0, v000002059b9023e0_0;  1 drivers
v000002059ba29af0_0 .net "s6_OF", 0 0, v000002059ba272f0_0;  alias, 1 drivers
v000002059ba29b90_0 .net "s6_Rounding_count", 0 0, L_000002059bb05c80;  1 drivers
v000002059ba2b170_0 .net "s6_UF", 0 0, v000002059ba28dd0_0;  alias, 1 drivers
v000002059ba2b5d0_0 .net "s6_error", 0 0, L_000002059bb05cf0;  alias, 1 drivers
v000002059ba29690_0 .net "s6_final_EXPO", 8 0, L_000002059bad7320;  1 drivers
v000002059ba2b670_0 .net "s6_final_FRAC", 22 0, L_000002059bad7820;  1 drivers
v000002059ba29cd0_0 .net "s6_final_SIGN", 0 0, v000002059b758980_0;  1 drivers
v000002059ba2b710_0 .net "s6_rm", 2 0, v000002059b905e00_0;  alias, 1 drivers
L_000002059ba385f0 .concat [ 24 23 1 0], L_000002059ba50a40, L_000002059ba36d90, L_000002059ba509f8;
L_000002059ba399f0 .concat [ 24 23 1 0], L_000002059ba50ad0, L_000002059ba39130, L_000002059ba50a88;
L_000002059bad7aa0 .part v000002059ba24d70_0, 0, 48;
L_000002059bad7a00 .concat [ 8 1 0 0], v000002059b901a80_0, L_000002059ba50c38;
L_000002059bad6b00 .part v000002059b901080_0, 0, 6;
S_000002059b9ce0e0 .scope module, "reg0_en_s1_s2" "Pipe_reg_1clk" 7 70, 4 1 0, S_000002059b8ccf40;
 .timescale 0 0;
    .port_info 0 /INPUT 1 "D";
    .port_info 1 /INPUT 1 "clk";
    .port_info 2 /INPUT 1 "reset";
    .port_info 3 /OUTPUT 1 "Q";
P_000002059b9366e0 .param/l "W" 0 4 1, +C4<00000000000000000000000000000001>;
v000002059b9082e0_0 .net "D", 0 0, v000002059b902b60_0;  alias, 1 drivers
v000002059b908100_0 .var "Q", 0 0;
v000002059b907ca0_0 .net "clk", 0 0, v000002059ba37150_0;  alias, 1 drivers
v000002059b9077a0_0 .net "reset", 0 0, v000002059ba37f10_0;  alias, 1 drivers
S_000002059b9cdc30 .scope module, "reg0_en_s2_s3" "Pipe_reg_1clk" 7 71, 4 1 0, S_000002059b8ccf40;
 .timescale 0 0;
    .port_info 0 /INPUT 1 "D";
    .port_info 1 /INPUT 1 "clk";
    .port_info 2 /INPUT 1 "reset";
    .port_info 3 /OUTPUT 1 "Q";
P_000002059b9375a0 .param/l "W" 0 4 1, +C4<00000000000000000000000000000001>;
v000002059b9075c0_0 .net "D", 0 0, v000002059b908100_0;  alias, 1 drivers
v000002059b907c00_0 .var "Q", 0 0;
v000002059b907ac0_0 .net "clk", 0 0, v000002059ba37150_0;  alias, 1 drivers
v000002059b9081a0_0 .net "reset", 0 0, v000002059ba37f10_0;  alias, 1 drivers
S_000002059b9ccb00 .scope module, "reg0_en_s3_s4" "Pipe_reg_1clk" 7 72, 4 1 0, S_000002059b8ccf40;
 .timescale 0 0;
    .port_info 0 /INPUT 1 "D";
    .port_info 1 /INPUT 1 "clk";
    .port_info 2 /INPUT 1 "reset";
    .port_info 3 /OUTPUT 1 "Q";
P_000002059b9374a0 .param/l "W" 0 4 1, +C4<00000000000000000000000000000001>;
v000002059b907d40_0 .net "D", 0 0, v000002059b907c00_0;  alias, 1 drivers
v000002059b907de0_0 .var "Q", 0 0;
v000002059b907e80_0 .net "clk", 0 0, v000002059ba37150_0;  alias, 1 drivers
v000002059b907f20_0 .net "reset", 0 0, v000002059ba37f10_0;  alias, 1 drivers
S_000002059b9cdaa0 .scope module, "reg0_en_s4_s5" "Pipe_reg_1clk" 7 73, 4 1 0, S_000002059b8ccf40;
 .timescale 0 0;
    .port_info 0 /INPUT 1 "D";
    .port_info 1 /INPUT 1 "clk";
    .port_info 2 /INPUT 1 "reset";
    .port_info 3 /OUTPUT 1 "Q";
P_000002059b936ea0 .param/l "W" 0 4 1, +C4<00000000000000000000000000000001>;
v000002059b907fc0_0 .net "D", 0 0, v000002059b907de0_0;  alias, 1 drivers
v000002059b908240_0 .var "Q", 0 0;
v000002059b907660_0 .net "clk", 0 0, v000002059ba37150_0;  alias, 1 drivers
v000002059b907700_0 .net "reset", 0 0, v000002059ba37f10_0;  alias, 1 drivers
S_000002059b9ce270 .scope module, "reg1_EXPO_count_s1_s2" "Pipe_reg_1clk_en" 7 203, 8 1 0, S_000002059b8ccf40;
 .timescale 0 0;
    .port_info 0 /INPUT 8 "D";
    .port_info 1 /INPUT 1 "clk";
    .port_info 2 /INPUT 1 "reset";
    .port_info 3 /INPUT 1 "en";
    .port_info 4 /OUTPUT 8 "Q";
P_000002059b936760 .param/l "W" 0 8 1, +C4<00000000000000000000000000001000>;
v000002059b908380_0 .net "D", 7 0, v000002059b758020_0;  alias, 1 drivers
v000002059b8f9740_0 .var "Q", 7 0;
v000002059b8f9560_0 .net "clk", 0 0, v000002059ba37150_0;  alias, 1 drivers
v000002059b8f8ac0_0 .net "en", 0 0, v000002059b902b60_0;  alias, 1 drivers
v000002059b8f9ce0_0 .net "reset", 0 0, v000002059ba37f10_0;  alias, 1 drivers
S_000002059b9cddc0 .scope module, "reg1_EXPO_direction_s1_s2" "Pipe_reg_1clk_en" 7 204, 8 1 0, S_000002059b8ccf40;
 .timescale 0 0;
    .port_info 0 /INPUT 1 "D";
    .port_info 1 /INPUT 1 "clk";
    .port_info 2 /INPUT 1 "reset";
    .port_info 3 /INPUT 1 "en";
    .port_info 4 /OUTPUT 1 "Q";
P_000002059b9369e0 .param/l "W" 0 8 1, +C4<00000000000000000000000000000001>;
v000002059b8fa460_0 .net "D", 0 0, v000002059b7597e0_0;  alias, 1 drivers
v000002059b8f9c40_0 .var "Q", 0 0;
v000002059b8fabe0_0 .net "clk", 0 0, v000002059ba37150_0;  alias, 1 drivers
v000002059b8f8980_0 .net "en", 0 0, v000002059b902b60_0;  alias, 1 drivers
v000002059b8f8a20_0 .net "reset", 0 0, v000002059ba37f10_0;  alias, 1 drivers
S_000002059b9cc970 .scope module, "reg1_EXPO_doing_A_s1_s2" "Pipe_reg_1clk_en" 7 205, 8 1 0, S_000002059b8ccf40;
 .timescale 0 0;
    .port_info 0 /INPUT 1 "D";
    .port_info 1 /INPUT 1 "clk";
    .port_info 2 /INPUT 1 "reset";
    .port_info 3 /INPUT 1 "en";
    .port_info 4 /OUTPUT 1 "Q";
P_000002059b936f20 .param/l "W" 0 8 1, +C4<00000000000000000000000000000001>;
v000002059b8f9d80_0 .net "D", 0 0, v000002059b758a20_0;  alias, 1 drivers
v000002059b8f8520_0 .var "Q", 0 0;
v000002059b8f92e0_0 .net "clk", 0 0, v000002059ba37150_0;  alias, 1 drivers
v000002059b8f91a0_0 .net "en", 0 0, v000002059b902b60_0;  alias, 1 drivers
v000002059b8f97e0_0 .net "reset", 0 0, v000002059ba37f10_0;  alias, 1 drivers
S_000002059b9cdf50 .scope module, "reg1_EXPO_doing_B_s1_s2" "Pipe_reg_1clk_en" 7 206, 8 1 0, S_000002059b8ccf40;
 .timescale 0 0;
    .port_info 0 /INPUT 1 "D";
    .port_info 1 /INPUT 1 "clk";
    .port_info 2 /INPUT 1 "reset";
    .port_info 3 /INPUT 1 "en";
    .port_info 4 /OUTPUT 1 "Q";
P_000002059b937020 .param/l "W" 0 8 1, +C4<00000000000000000000000000000001>;
v000002059b8f9380_0 .net "D", 0 0, v000002059b758520_0;  alias, 1 drivers
v000002059b8fa780_0 .var "Q", 0 0;
v000002059b8f94c0_0 .net "clk", 0 0, v000002059ba37150_0;  alias, 1 drivers
v000002059b8fa280_0 .net "en", 0 0, v000002059b902b60_0;  alias, 1 drivers
v000002059b8f99c0_0 .net "reset", 0 0, v000002059ba37f10_0;  alias, 1 drivers
S_000002059b9cce20 .scope module, "reg1_EXPO_s1_s2" "Pipe_reg_1clk_en" 7 207, 8 1 0, S_000002059b8ccf40;
 .timescale 0 0;
    .port_info 0 /INPUT 8 "D";
    .port_info 1 /INPUT 1 "clk";
    .port_info 2 /INPUT 1 "reset";
    .port_info 3 /INPUT 1 "en";
    .port_info 4 /OUTPUT 8 "Q";
P_000002059b9372a0 .param/l "W" 0 8 1, +C4<00000000000000000000000000001000>;
v000002059b8fa0a0_0 .net "D", 7 0, L_000002059bad8180;  alias, 1 drivers
v000002059b8f85c0_0 .var "Q", 7 0;
v000002059b8f9420_0 .net "clk", 0 0, v000002059ba37150_0;  alias, 1 drivers
v000002059b8fa140_0 .net "en", 0 0, v000002059b902b60_0;  alias, 1 drivers
v000002059b8f9ec0_0 .net "reset", 0 0, v000002059ba37f10_0;  alias, 1 drivers
S_000002059b9ccc90 .scope module, "reg1_FRAC_A_s1_s2" "Pipe_reg_1clk_en" 7 76, 8 1 0, S_000002059b8ccf40;
 .timescale 0 0;
    .port_info 0 /INPUT 48 "D";
    .port_info 1 /INPUT 1 "clk";
    .port_info 2 /INPUT 1 "reset";
    .port_info 3 /INPUT 1 "en";
    .port_info 4 /OUTPUT 48 "Q";
P_000002059b936a60 .param/l "W" 0 8 1, +C4<00000000000000000000000000110000>;
v000002059b8f8b60_0 .net "D", 47 0, L_000002059ba385f0;  1 drivers
v000002059b8fa8c0_0 .var "Q", 47 0;
v000002059b8f8de0_0 .net "clk", 0 0, v000002059ba37150_0;  alias, 1 drivers
v000002059b8f9060_0 .net "en", 0 0, v000002059b902b60_0;  alias, 1 drivers
v000002059b8fa5a0_0 .net "reset", 0 0, v000002059ba37f10_0;  alias, 1 drivers
S_000002059b9cd780 .scope module, "reg1_FRAC_B_s1_s2" "Pipe_reg_1clk_en" 7 77, 8 1 0, S_000002059b8ccf40;
 .timescale 0 0;
    .port_info 0 /INPUT 48 "D";
    .port_info 1 /INPUT 1 "clk";
    .port_info 2 /INPUT 1 "reset";
    .port_info 3 /INPUT 1 "en";
    .port_info 4 /OUTPUT 48 "Q";
P_000002059b9370a0 .param/l "W" 0 8 1, +C4<00000000000000000000000000110000>;
v000002059b8f9e20_0 .net "D", 47 0, L_000002059ba399f0;  1 drivers
v000002059b8f8e80_0 .var "Q", 47 0;
v000002059b8f8f20_0 .net "clk", 0 0, v000002059ba37150_0;  alias, 1 drivers
v000002059b8f8660_0 .net "en", 0 0, v000002059b902b60_0;  alias, 1 drivers
v000002059b8fa000_0 .net "reset", 0 0, v000002059ba37f10_0;  alias, 1 drivers
S_000002059b9cd140 .scope module, "reg1_SIGN_A_s1_s2" "Pipe_reg_1clk_en" 7 94, 8 1 0, S_000002059b8ccf40;
 .timescale 0 0;
    .port_info 0 /INPUT 1 "D";
    .port_info 1 /INPUT 1 "clk";
    .port_info 2 /INPUT 1 "reset";
    .port_info 3 /INPUT 1 "en";
    .port_info 4 /OUTPUT 1 "Q";
P_000002059b937120 .param/l "W" 0 8 1, +C4<00000000000000000000000000000001>;
v000002059b8fa820_0 .net "D", 0 0, L_000002059ba36930;  alias, 1 drivers
v000002059b8f88e0_0 .var "Q", 0 0;
v000002059b8f9600_0 .net "clk", 0 0, v000002059ba37150_0;  alias, 1 drivers
v000002059b8f8c00_0 .net "en", 0 0, v000002059b902b60_0;  alias, 1 drivers
v000002059b8fa320_0 .net "reset", 0 0, v000002059ba37f10_0;  alias, 1 drivers
S_000002059b9ce400 .scope module, "reg1_SIGN_B_s1_s2" "Pipe_reg_1clk_en" 7 95, 8 1 0, S_000002059b8ccf40;
 .timescale 0 0;
    .port_info 0 /INPUT 1 "D";
    .port_info 1 /INPUT 1 "clk";
    .port_info 2 /INPUT 1 "reset";
    .port_info 3 /INPUT 1 "en";
    .port_info 4 /OUTPUT 1 "Q";
P_000002059b936820 .param/l "W" 0 8 1, +C4<00000000000000000000000000000001>;
v000002059b8fa3c0_0 .net "D", 0 0, L_000002059ba36f70;  alias, 1 drivers
v000002059b8f8ca0_0 .var "Q", 0 0;
v000002059b8f9880_0 .net "clk", 0 0, v000002059ba37150_0;  alias, 1 drivers
v000002059b8faaa0_0 .net "en", 0 0, v000002059b902b60_0;  alias, 1 drivers
v000002059b8f9100_0 .net "reset", 0 0, v000002059ba37f10_0;  alias, 1 drivers
S_000002059b9ce590 .scope module, "reg1_SIGN_bigger_s1_s2" "Pipe_reg_1clk_en" 7 247, 8 1 0, S_000002059b8ccf40;
 .timescale 0 0;
    .port_info 0 /INPUT 1 "D";
    .port_info 1 /INPUT 1 "clk";
    .port_info 2 /INPUT 1 "reset";
    .port_info 3 /INPUT 1 "en";
    .port_info 4 /OUTPUT 1 "Q";
P_000002059b9371a0 .param/l "W" 0 8 1, +C4<00000000000000000000000000000001>;
v000002059b8f9240_0 .net "D", 0 0, L_000002059bad6ba0;  alias, 1 drivers
v000002059b8fa960_0 .var "Q", 0 0;
v000002059b8f8d40_0 .net "clk", 0 0, v000002059ba37150_0;  alias, 1 drivers
v000002059b8fa640_0 .net "en", 0 0, v000002059b902b60_0;  alias, 1 drivers
v000002059b8fa1e0_0 .net "reset", 0 0, v000002059ba37f10_0;  alias, 1 drivers
S_000002059b9cd2d0 .scope module, "reg1_op_s1_s2" "Pipe_reg_1clk_en" 7 97, 8 1 0, S_000002059b8ccf40;
 .timescale 0 0;
    .port_info 0 /INPUT 1 "D";
    .port_info 1 /INPUT 1 "clk";
    .port_info 2 /INPUT 1 "reset";
    .port_info 3 /INPUT 1 "en";
    .port_info 4 /OUTPUT 1 "Q";
P_000002059b937160 .param/l "W" 0 8 1, +C4<00000000000000000000000000000001>;
v000002059b8f8fc0_0 .net "D", 0 0, L_000002059bad7500;  alias, 1 drivers
v000002059b8f96a0_0 .var "Q", 0 0;
v000002059b8f9a60_0 .net "clk", 0 0, v000002059ba37150_0;  alias, 1 drivers
v000002059b8f9b00_0 .net "en", 0 0, v000002059b902b60_0;  alias, 1 drivers
v000002059b8f9920_0 .net "reset", 0 0, v000002059ba37f10_0;  alias, 1 drivers
S_000002059b9ccfb0 .scope module, "reg2_EXPO_s2_s3" "Pipe_reg_1clk_en" 7 210, 8 1 0, S_000002059b8ccf40;
 .timescale 0 0;
    .port_info 0 /INPUT 8 "D";
    .port_info 1 /INPUT 1 "clk";
    .port_info 2 /INPUT 1 "reset";
    .port_info 3 /INPUT 1 "en";
    .port_info 4 /OUTPUT 8 "Q";
P_000002059b936ae0 .param/l "W" 0 8 1, +C4<00000000000000000000000000001000>;
v000002059b8fa6e0_0 .net "D", 7 0, v000002059b8f85c0_0;  alias, 1 drivers
v000002059b8f9ba0_0 .var "Q", 7 0;
v000002059b8fa500_0 .net "clk", 0 0, v000002059ba37150_0;  alias, 1 drivers
v000002059b8f9f60_0 .net "en", 0 0, v000002059b908100_0;  alias, 1 drivers
v000002059b8faa00_0 .net "reset", 0 0, v000002059ba37f10_0;  alias, 1 drivers
S_000002059b9cd460 .scope module, "reg2_FRAC_A_s2_s3" "Pipe_reg_1clk_en" 7 120, 8 1 0, S_000002059b8ccf40;
 .timescale 0 0;
    .port_info 0 /INPUT 48 "D";
    .port_info 1 /INPUT 1 "clk";
    .port_info 2 /INPUT 1 "reset";
    .port_info 3 /INPUT 1 "en";
    .port_info 4 /OUTPUT 48 "Q";
P_000002059b937220 .param/l "W" 0 8 1, +C4<00000000000000000000000000110000>;
v000002059b8fab40_0 .net "D", 47 0, v000002059b873500_0;  alias, 1 drivers
v000002059b8fac80_0 .var "Q", 47 0;
v000002059b8f87a0_0 .net "clk", 0 0, v000002059ba37150_0;  alias, 1 drivers
v000002059b8f8700_0 .net "en", 0 0, v000002059b908100_0;  alias, 1 drivers
v000002059b8f8840_0 .net "reset", 0 0, v000002059ba37f10_0;  alias, 1 drivers
S_000002059b9cd5f0 .scope module, "reg2_FRAC_B_s2_s3" "Pipe_reg_1clk_en" 7 121, 8 1 0, S_000002059b8ccf40;
 .timescale 0 0;
    .port_info 0 /INPUT 48 "D";
    .port_info 1 /INPUT 1 "clk";
    .port_info 2 /INPUT 1 "reset";
    .port_info 3 /INPUT 1 "en";
    .port_info 4 /OUTPUT 48 "Q";
P_000002059b937260 .param/l "W" 0 8 1, +C4<00000000000000000000000000110000>;
v000002059b8fd340_0 .net "D", 47 0, v000002059b760720_0;  alias, 1 drivers
v000002059b8fafa0_0 .var "Q", 47 0;
v000002059b8fc620_0 .net "clk", 0 0, v000002059ba37150_0;  alias, 1 drivers
v000002059b8fcbc0_0 .net "en", 0 0, v000002059b908100_0;  alias, 1 drivers
v000002059b8fb720_0 .net "reset", 0 0, v000002059ba37f10_0;  alias, 1 drivers
S_000002059b9cc7e0 .scope module, "reg2_FRAC_eff_sub_s2_s3" "Pipe_reg_1clk_en" 7 117, 8 1 0, S_000002059b8ccf40;
 .timescale 0 0;
    .port_info 0 /INPUT 1 "D";
    .port_info 1 /INPUT 1 "clk";
    .port_info 2 /INPUT 1 "reset";
    .port_info 3 /INPUT 1 "en";
    .port_info 4 /OUTPUT 1 "Q";
P_000002059b9372e0 .param/l "W" 0 8 1, +C4<00000000000000000000000000000001>;
v000002059b8fb360_0 .net "D", 0 0, L_000002059b9318b0;  alias, 1 drivers
v000002059b8fbea0_0 .var "Q", 0 0;
v000002059b8fb400_0 .net "clk", 0 0, v000002059ba37150_0;  alias, 1 drivers
v000002059b8fb4a0_0 .net "en", 0 0, v000002059b908100_0;  alias, 1 drivers
v000002059b8fb540_0 .net "reset", 0 0, v000002059ba37f10_0;  alias, 1 drivers
S_000002059b9cd910 .scope module, "reg2_FRAC_shifted_A_s2_s3" "Pipe_reg_1clk_en" 7 118, 8 1 0, S_000002059b8ccf40;
 .timescale 0 0;
    .port_info 0 /INPUT 48 "D";
    .port_info 1 /INPUT 1 "clk";
    .port_info 2 /INPUT 1 "reset";
    .port_info 3 /INPUT 1 "en";
    .port_info 4 /OUTPUT 48 "Q";
P_000002059b936c20 .param/l "W" 0 8 1, +C4<00000000000000000000000000110000>;
v000002059b8fb680_0 .net "D", 47 0, v000002059b760c20_0;  alias, 1 drivers
v000002059b8fb9a0_0 .var "Q", 47 0;
v000002059b8fbb80_0 .net "clk", 0 0, v000002059ba37150_0;  alias, 1 drivers
v000002059b8fed80_0 .net "en", 0 0, v000002059b908100_0;  alias, 1 drivers
v000002059b8fd5c0_0 .net "reset", 0 0, v000002059ba37f10_0;  alias, 1 drivers
S_000002059b9cf150 .scope module, "reg2_FRAC_shifted_B_s2_s3" "Pipe_reg_1clk_en" 7 119, 8 1 0, S_000002059b8ccf40;
 .timescale 0 0;
    .port_info 0 /INPUT 48 "D";
    .port_info 1 /INPUT 1 "clk";
    .port_info 2 /INPUT 1 "reset";
    .port_info 3 /INPUT 1 "en";
    .port_info 4 /OUTPUT 48 "Q";
P_000002059b936860 .param/l "W" 0 8 1, +C4<00000000000000000000000000110000>;
v000002059b8fe6a0_0 .net "D", 47 0, v000002059b7600e0_0;  alias, 1 drivers
v000002059b8fe880_0 .var "Q", 47 0;
v000002059b8fd7a0_0 .net "clk", 0 0, v000002059ba37150_0;  alias, 1 drivers
v000002059b8fd8e0_0 .net "en", 0 0, v000002059b908100_0;  alias, 1 drivers
v000002059b8fd660_0 .net "reset", 0 0, v000002059ba37f10_0;  alias, 1 drivers
S_000002059b9ce7f0 .scope module, "reg2_SIGN_s2_s3" "Pipe_reg_1clk_en" 7 258, 8 1 0, S_000002059b8ccf40;
 .timescale 0 0;
    .port_info 0 /INPUT 1 "D";
    .port_info 1 /INPUT 1 "clk";
    .port_info 2 /INPUT 1 "reset";
    .port_info 3 /INPUT 1 "en";
    .port_info 4 /OUTPUT 1 "Q";
P_000002059b9368e0 .param/l "W" 0 8 1, +C4<00000000000000000000000000000001>;
v000002059b8fe560_0 .net "D", 0 0, v000002059b86f860_0;  alias, 1 drivers
v000002059b8ffb40_0 .var "Q", 0 0;
v000002059b8fe7e0_0 .net "clk", 0 0, v000002059ba37150_0;  alias, 1 drivers
v000002059b8ff8c0_0 .net "en", 0 0, v000002059b908100_0;  alias, 1 drivers
v000002059b8fef60_0 .net "reset", 0 0, v000002059ba37f10_0;  alias, 1 drivers
S_000002059b9d0410 .scope module, "reg3_EXPO_s3_s4" "Pipe_reg_1clk_en" 7 213, 8 1 0, S_000002059b8ccf40;
 .timescale 0 0;
    .port_info 0 /INPUT 8 "D";
    .port_info 1 /INPUT 1 "clk";
    .port_info 2 /INPUT 1 "reset";
    .port_info 3 /INPUT 1 "en";
    .port_info 4 /OUTPUT 8 "Q";
P_000002059b936920 .param/l "W" 0 8 1, +C4<00000000000000000000000000001000>;
v000002059b8ffc80_0 .net "D", 7 0, v000002059b8f9ba0_0;  alias, 1 drivers
v000002059b8fee20_0 .var "Q", 7 0;
v000002059b8ff320_0 .net "clk", 0 0, v000002059ba37150_0;  alias, 1 drivers
v000002059b8fd980_0 .net "en", 0 0, v000002059b907c00_0;  alias, 1 drivers
v000002059b8fdac0_0 .net "reset", 0 0, v000002059ba37f10_0;  alias, 1 drivers
S_000002059b9ceb10 .scope module, "reg3_FRAC_Cout_s3_s4" "Pipe_reg_1clk_en" 7 151, 8 1 0, S_000002059b8ccf40;
 .timescale 0 0;
    .port_info 0 /INPUT 1 "D";
    .port_info 1 /INPUT 1 "clk";
    .port_info 2 /INPUT 1 "reset";
    .port_info 3 /INPUT 1 "en";
    .port_info 4 /OUTPUT 1 "Q";
P_000002059b937520 .param/l "W" 0 8 1, +C4<00000000000000000000000000000001>;
v000002059b8fdca0_0 .net "D", 0 0, v000002059ba25bd0_0;  alias, 1 drivers
v000002059b8fea60_0 .var "Q", 0 0;
v000002059b8fe9c0_0 .net "clk", 0 0, v000002059ba37150_0;  alias, 1 drivers
v000002059b8feb00_0 .net "en", 0 0, v000002059b907c00_0;  alias, 1 drivers
v000002059b8fdd40_0 .net "reset", 0 0, v000002059ba37f10_0;  alias, 1 drivers
S_000002059b9cefc0 .scope module, "reg3_FRAC_Sum_s3_s4" "Pipe_reg_1clk_en" 7 150, 8 1 0, S_000002059b8ccf40;
 .timescale 0 0;
    .port_info 0 /INPUT 48 "D";
    .port_info 1 /INPUT 1 "clk";
    .port_info 2 /INPUT 1 "reset";
    .port_info 3 /INPUT 1 "en";
    .port_info 4 /OUTPUT 48 "Q";
P_000002059b936960 .param/l "W" 0 8 1, +C4<00000000000000000000000000110000>;
v000002059b8feec0_0 .net "D", 47 0, v000002059ba25270_0;  alias, 1 drivers
v000002059b8fde80_0 .var "Q", 47 0;
v000002059b8fe240_0 .net "clk", 0 0, v000002059ba37150_0;  alias, 1 drivers
v000002059b8fdf20_0 .net "en", 0 0, v000002059b907c00_0;  alias, 1 drivers
v000002059b8fe4c0_0 .net "reset", 0 0, v000002059ba37f10_0;  alias, 1 drivers
S_000002059b9ceca0 .scope module, "reg3_SIGN_s3_s4" "Pipe_reg_1clk_en" 7 261, 8 1 0, S_000002059b8ccf40;
 .timescale 0 0;
    .port_info 0 /INPUT 1 "D";
    .port_info 1 /INPUT 1 "clk";
    .port_info 2 /INPUT 1 "reset";
    .port_info 3 /INPUT 1 "en";
    .port_info 4 /OUTPUT 1 "Q";
P_000002059b936b20 .param/l "W" 0 8 1, +C4<00000000000000000000000000000001>;
v000002059b8fdfc0_0 .net "D", 0 0, v000002059b8ffb40_0;  alias, 1 drivers
v000002059b8fe060_0 .var "Q", 0 0;
v000002059b8fe1a0_0 .net "clk", 0 0, v000002059ba37150_0;  alias, 1 drivers
v000002059b8fe2e0_0 .net "en", 0 0, v000002059b907c00_0;  alias, 1 drivers
v000002059b9014e0_0 .net "reset", 0 0, v000002059ba37f10_0;  alias, 1 drivers
S_000002059b9ce980 .scope module, "reg4_EXPO_s4_s5" "Pipe_reg_1clk_en" 7 216, 8 1 0, S_000002059b8ccf40;
 .timescale 0 0;
    .port_info 0 /INPUT 8 "D";
    .port_info 1 /INPUT 1 "clk";
    .port_info 2 /INPUT 1 "reset";
    .port_info 3 /INPUT 1 "en";
    .port_info 4 /OUTPUT 8 "Q";
P_000002059b936be0 .param/l "W" 0 8 1, +C4<00000000000000000000000000001000>;
v000002059b9018a0_0 .net "D", 7 0, v000002059b8fee20_0;  alias, 1 drivers
v000002059b901a80_0 .var "Q", 7 0;
v000002059b900220_0 .net "clk", 0 0, v000002059ba37150_0;  alias, 1 drivers
v000002059b9009a0_0 .net "en", 0 0, v000002059b907de0_0;  alias, 1 drivers
v000002059b900fe0_0 .net "reset", 0 0, v000002059ba37f10_0;  alias, 1 drivers
S_000002059b9d05a0 .scope module, "reg4_FRAC_count_s4_s5" "Pipe_reg_1clk_en" 7 163, 8 1 0, S_000002059b8ccf40;
 .timescale 0 0;
    .port_info 0 /INPUT 8 "D";
    .port_info 1 /INPUT 1 "clk";
    .port_info 2 /INPUT 1 "reset";
    .port_info 3 /INPUT 1 "en";
    .port_info 4 /OUTPUT 8 "Q";
P_000002059b936c60 .param/l "W" 0 8 1, +C4<00000000000000000000000000001000>;
v000002059b901f80_0 .net "D", 7 0, v000002059ba26170_0;  alias, 1 drivers
v000002059b901080_0 .var "Q", 7 0;
v000002059b901b20_0 .net "clk", 0 0, v000002059ba37150_0;  alias, 1 drivers
v000002059b901bc0_0 .net "en", 0 0, v000002059b907de0_0;  alias, 1 drivers
v000002059b9011c0_0 .net "reset", 0 0, v000002059ba37f10_0;  alias, 1 drivers
S_000002059b9cee30 .scope module, "reg4_FRAC_direction_s4_s5" "Pipe_reg_1clk_en" 7 164, 8 1 0, S_000002059b8ccf40;
 .timescale 0 0;
    .port_info 0 /INPUT 1 "D";
    .port_info 1 /INPUT 1 "clk";
    .port_info 2 /INPUT 1 "reset";
    .port_info 3 /INPUT 1 "en";
    .port_info 4 /OUTPUT 1 "Q";
P_000002059b937a60 .param/l "W" 0 8 1, +C4<00000000000000000000000000000001>;
v000002059b900cc0_0 .net "D", 0 0, v000002059ba244b0_0;  alias, 1 drivers
v000002059b9013a0_0 .var "Q", 0 0;
v000002059b902160_0 .net "clk", 0 0, v000002059ba37150_0;  alias, 1 drivers
v000002059b901c60_0 .net "en", 0 0, v000002059b907de0_0;  alias, 1 drivers
v000002059b900040_0 .net "reset", 0 0, v000002059ba37f10_0;  alias, 1 drivers
S_000002059b9cf600 .scope module, "reg4_FRAC_doing_s4_s5" "Pipe_reg_1clk_en" 7 165, 8 1 0, S_000002059b8ccf40;
 .timescale 0 0;
    .port_info 0 /INPUT 1 "D";
    .port_info 1 /INPUT 1 "clk";
    .port_info 2 /INPUT 1 "reset";
    .port_info 3 /INPUT 1 "en";
    .port_info 4 /OUTPUT 1 "Q";
P_000002059b937ce0 .param/l "W" 0 8 1, +C4<00000000000000000000000000000001>;
v000002059b901260_0 .net "D", 0 0, v000002059ba26210_0;  alias, 1 drivers
v000002059b9000e0_0 .var "Q", 0 0;
v000002059b900400_0 .net "clk", 0 0, v000002059ba37150_0;  alias, 1 drivers
v000002059b900540_0 .net "en", 0 0, v000002059b907de0_0;  alias, 1 drivers
v000002059b900680_0 .net "reset", 0 0, v000002059ba37f10_0;  alias, 1 drivers
S_000002059b9cfc40 .scope module, "reg4_FRAC_nor_FRAC_s4_s5" "Pipe_reg_1clk_en" 7 166, 8 1 0, S_000002059b8ccf40;
 .timescale 0 0;
    .port_info 0 /INPUT 49 "D";
    .port_info 1 /INPUT 1 "clk";
    .port_info 2 /INPUT 1 "reset";
    .port_info 3 /INPUT 1 "en";
    .port_info 4 /OUTPUT 49 "Q";
P_000002059b938160 .param/l "W" 0 8 1, +C4<00000000000000000000000000110001>;
v000002059b901e40_0 .net "D", 48 0, L_000002059bad7640;  alias, 1 drivers
v000002059b901620_0 .var "Q", 48 0;
v000002059b901580_0 .net "clk", 0 0, v000002059ba37150_0;  alias, 1 drivers
v000002059b900d60_0 .net "en", 0 0, v000002059b907de0_0;  alias, 1 drivers
v000002059b9002c0_0 .net "reset", 0 0, v000002059ba37f10_0;  alias, 1 drivers
S_000002059b9cf2e0 .scope module, "reg4_SIGN_s4_s5" "Pipe_reg_1clk_en" 7 264, 8 1 0, S_000002059b8ccf40;
 .timescale 0 0;
    .port_info 0 /INPUT 1 "D";
    .port_info 1 /INPUT 1 "clk";
    .port_info 2 /INPUT 1 "reset";
    .port_info 3 /INPUT 1 "en";
    .port_info 4 /OUTPUT 1 "Q";
P_000002059b937e60 .param/l "W" 0 8 1, +C4<00000000000000000000000000000001>;
v000002059b9004a0_0 .net "D", 0 0, v000002059b8fe060_0;  alias, 1 drivers
v000002059b900360_0 .var "Q", 0 0;
v000002059b900720_0 .net "clk", 0 0, v000002059ba37150_0;  alias, 1 drivers
v000002059b9019e0_0 .net "en", 0 0, v000002059b907de0_0;  alias, 1 drivers
v000002059b902200_0 .net "reset", 0 0, v000002059ba37f10_0;  alias, 1 drivers
S_000002059b9cf470 .scope module, "reg5_EXPO_s5_s6" "Pipe_reg_1clk_en" 7 226, 8 1 0, S_000002059b8ccf40;
 .timescale 0 0;
    .port_info 0 /INPUT 9 "D";
    .port_info 1 /INPUT 1 "clk";
    .port_info 2 /INPUT 1 "reset";
    .port_info 3 /INPUT 1 "en";
    .port_info 4 /OUTPUT 9 "Q";
P_000002059b937b60 .param/l "W" 0 8 1, +C4<00000000000000000000000000001001>;
v000002059b9022a0_0 .net "D", 8 0, v000002059ba263f0_0;  alias, 1 drivers
v000002059b900900_0 .var "Q", 8 0;
v000002059b901ee0_0 .net "clk", 0 0, v000002059ba37150_0;  alias, 1 drivers
v000002059b8ffd20_0 .net "en", 0 0, v000002059b908240_0;  alias, 1 drivers
v000002059b900a40_0 .net "reset", 0 0, v000002059ba37f10_0;  alias, 1 drivers
S_000002059b9cf790 .scope module, "reg5_FRAC_shifted_s5_s6" "Pipe_reg_1clk_en" 7 177, 8 1 0, S_000002059b8ccf40;
 .timescale 0 0;
    .port_info 0 /INPUT 48 "D";
    .port_info 1 /INPUT 1 "clk";
    .port_info 2 /INPUT 1 "reset";
    .port_info 3 /INPUT 1 "en";
    .port_info 4 /OUTPUT 48 "Q";
P_000002059b937da0 .param/l "W" 0 8 1, +C4<00000000000000000000000000110000>;
v000002059b9020c0_0 .net "D", 47 0, L_000002059bad7aa0;  1 drivers
v000002059b9023e0_0 .var "Q", 47 0;
v000002059b902480_0 .net "clk", 0 0, v000002059ba37150_0;  alias, 1 drivers
v000002059b9007c0_0 .net "en", 0 0, v000002059b908240_0;  alias, 1 drivers
v000002059b900ea0_0 .net "reset", 0 0, v000002059ba37f10_0;  alias, 1 drivers
S_000002059b9cf920 .scope module, "reg5_SIGN_s5_s6" "Pipe_reg_1clk_en" 7 267, 8 1 0, S_000002059b8ccf40;
 .timescale 0 0;
    .port_info 0 /INPUT 1 "D";
    .port_info 1 /INPUT 1 "clk";
    .port_info 2 /INPUT 1 "reset";
    .port_info 3 /INPUT 1 "en";
    .port_info 4 /OUTPUT 1 "Q";
P_000002059b937c60 .param/l "W" 0 8 1, +C4<00000000000000000000000000000001>;
v000002059b901300_0 .net "D", 0 0, v000002059b900360_0;  alias, 1 drivers
v000002059b758980_0 .var "Q", 0 0;
v000002059b759ba0_0 .net "clk", 0 0, v000002059ba37150_0;  alias, 1 drivers
v000002059b758480_0 .net "en", 0 0, v000002059b908240_0;  alias, 1 drivers
v000002059b759240_0 .net "reset", 0 0, v000002059ba37f10_0;  alias, 1 drivers
S_000002059b9cfab0 .scope module, "s1_u_comparator" "comparator" 7 238, 9 1 0, S_000002059b8ccf40;
 .timescale 0 0;
    .port_info 0 /INPUT 8 "EXPO_A";
    .port_info 1 /INPUT 8 "EXPO_B";
    .port_info 2 /INPUT 23 "FRAC_A";
    .port_info 3 /INPUT 23 "FRAC_B";
    .port_info 4 /OUTPUT 1 "bigger";
v000002059b758c00_0 .net "EXPO_A", 7 0, L_000002059ba36a70;  alias, 1 drivers
v000002059b758340_0 .net "EXPO_B", 7 0, L_000002059ba370b0;  alias, 1 drivers
v000002059b758660_0 .net "FRAC_A", 22 0, L_000002059ba36d90;  alias, 1 drivers
v000002059b7583e0_0 .net "FRAC_B", 22 0, L_000002059ba39130;  alias, 1 drivers
v000002059b757f80_0 .net *"_ivl_4", 0 0, L_000002059bad7c80;  1 drivers
L_000002059ba50d10 .functor BUFT 1, C4<0>, C4<0>, C4<0>, C4<0>;
v000002059b759100_0 .net/2u *"_ivl_6", 0 0, L_000002059ba50d10;  1 drivers
L_000002059ba50d58 .functor BUFT 1, C4<1>, C4<0>, C4<0>, C4<0>;
v000002059b758ca0_0 .net/2u *"_ivl_8", 0 0, L_000002059ba50d58;  1 drivers
v000002059b759740_0 .net "bigger", 0 0, L_000002059bad6ba0;  alias, 1 drivers
v000002059b759880_0 .net "mag_a", 30 0, L_000002059bad7460;  1 drivers
v000002059b7599c0_0 .net "mag_b", 30 0, L_000002059bad87c0;  1 drivers
L_000002059bad7460 .concat [ 23 8 0 0], L_000002059ba36d90, L_000002059ba36a70;
L_000002059bad87c0 .concat [ 23 8 0 0], L_000002059ba39130, L_000002059ba370b0;
L_000002059bad7c80 .cmp/ge 31, L_000002059bad7460, L_000002059bad87c0;
L_000002059bad6ba0 .functor MUXZ 1, L_000002059ba50d58, L_000002059ba50d10, L_000002059bad7c80, C4<>;
S_000002059b9cfdd0 .scope module, "s1_u_expo_sub" "EXPO_SUB" 7 192, 10 1 0, S_000002059b8ccf40;
 .timescale 0 0;
    .port_info 0 /INPUT 8 "EXPO_a";
    .port_info 1 /INPUT 8 "EXPO_b";
    .port_info 2 /OUTPUT 8 "count";
    .port_info 3 /OUTPUT 1 "direction";
    .port_info 4 /OUTPUT 1 "doing_A";
    .port_info 5 /OUTPUT 1 "doing_B";
    .port_info 6 /OUTPUT 8 "EXPO_big";
P_000002059b9384e0 .param/l "W" 0 10 1, +C4<00000000000000000000000000001000>;
v000002059b758700_0 .net "EXPO_a", 7 0, L_000002059ba36a70;  alias, 1 drivers
v000002059b758840_0 .net "EXPO_b", 7 0, L_000002059ba370b0;  alias, 1 drivers
v000002059b7591a0_0 .net "EXPO_big", 7 0, L_000002059bad8180;  alias, 1 drivers
v000002059b758e80_0 .net *"_ivl_0", 0 0, L_000002059bad7140;  1 drivers
v000002059b758020_0 .var "count", 7 0;
v000002059b7597e0_0 .var "direction", 0 0;
v000002059b758a20_0 .var "doing_A", 0 0;
v000002059b758520_0 .var "doing_B", 0 0;
E_000002059b937ba0 .event anyedge, v000002059b906260_0, v000002059b9061c0_0;
L_000002059bad7140 .cmp/gt 8, L_000002059ba36a70, L_000002059ba370b0;
L_000002059bad8180 .functor MUXZ 8, L_000002059ba370b0, L_000002059ba36a70, L_000002059bad7140, C4<>;
S_000002059b9cff60 .scope module, "s2_mode_dector" "Mode_Detector" 7 99, 11 1 0, S_000002059b8ccf40;
 .timescale 0 0;
    .port_info 0 /INPUT 1 "sign_A";
    .port_info 1 /INPUT 1 "sign_B";
    .port_info 2 /INPUT 1 "mode";
    .port_info 3 /OUTPUT 1 "eff_sub";
L_000002059b931300 .functor XOR 1, v000002059b8f88e0_0, v000002059b8f8ca0_0, C4<0>, C4<0>;
L_000002059b9318b0 .functor XOR 1, L_000002059b931300, v000002059b8f96a0_0, C4<0>, C4<0>;
v000002059b7588e0_0 .net *"_ivl_0", 0 0, L_000002059b931300;  1 drivers
v000002059b7585c0_0 .net "eff_sub", 0 0, L_000002059b9318b0;  alias, 1 drivers
v000002059b758f20_0 .net "mode", 0 0, v000002059b8f96a0_0;  alias, 1 drivers
v000002059b759920_0 .net "sign_A", 0 0, v000002059b8f88e0_0;  alias, 1 drivers
v000002059b759a60_0 .net "sign_B", 0 0, v000002059b8f8ca0_0;  alias, 1 drivers
S_000002059b9d00f0 .scope module, "s2_u_FRAC_shifter1_A" "barrel_shifter" 7 79, 12 1 0, S_000002059b8ccf40;
 .timescale 0 0;
    .port_info 0 /INPUT 1 "direction";
    .port_info 1 /INPUT 1 "doing";
    .port_info 2 /INPUT 8 "count";
    .port_info 3 /INPUT 48 "shift";
    .port_info 4 /OUTPUT 48 "SHIFT";
P_000002059b937de0 .param/l "W" 0 12 1, +C4<00000000000000000000000000110000>;
v000002059b760c20_0 .var "SHIFT", 47 0;
v000002059b7605e0_0 .net "count", 7 0, v000002059b8f9740_0;  alias, 1 drivers
v000002059b760d60_0 .net "direction", 0 0, v000002059b8f9c40_0;  alias, 1 drivers
v000002059b75f6e0_0 .net "doing", 0 0, v000002059b8f8520_0;  alias, 1 drivers
v000002059b75fb40_0 .net "shift", 47 0, v000002059b8fa8c0_0;  alias, 1 drivers
E_000002059b9378e0 .event anyedge, v000002059b8f8520_0, v000002059b8f9c40_0, v000002059b8fa8c0_0, v000002059b8f9740_0;
S_000002059b9d0280 .scope module, "s2_u_FRAC_shifter1_B" "barrel_shifter" 7 86, 12 1 0, S_000002059b8ccf40;
 .timescale 0 0;
    .port_info 0 /INPUT 1 "direction";
    .port_info 1 /INPUT 1 "doing";
    .port_info 2 /INPUT 8 "count";
    .port_info 3 /INPUT 48 "shift";
    .port_info 4 /OUTPUT 48 "SHIFT";
P_000002059b9376a0 .param/l "W" 0 12 1, +C4<00000000000000000000000000110000>;
v000002059b7600e0_0 .var "SHIFT", 47 0;
v000002059b760f40_0 .net "count", 7 0, v000002059b8f9740_0;  alias, 1 drivers
v000002059b760180_0 .net "direction", 0 0, v000002059b8f9c40_0;  alias, 1 drivers
v000002059b760220_0 .net "doing", 0 0, v000002059b8fa780_0;  alias, 1 drivers
v000002059b760400_0 .net "shift", 47 0, v000002059b8f8e80_0;  alias, 1 drivers
E_000002059b937c20 .event anyedge, v000002059b8fa780_0, v000002059b8f9c40_0, v000002059b8f8e80_0, v000002059b8f9740_0;
S_000002059b9d2fe0 .scope module, "s2_u_cond_inverter_AB" "Cond_Inverter" 7 105, 13 1 0, S_000002059b8ccf40;
 .timescale 0 0;
    .port_info 0 /INPUT 1 "eff_sub";
    .port_info 1 /INPUT 48 "FRAC_B";
    .port_info 2 /OUTPUT 48 "FRAC_cla_B";
    .port_info 3 /OUTPUT 1 "Cin";
P_000002059b9382e0 .param/l "W" 0 13 1, +C4<00000000000000000000000000110000>;
v000002059b761120_0 .var "Cin", 0 0;
v000002059b760ea0_0 .net "FRAC_B", 47 0, v000002059b7600e0_0;  alias, 1 drivers
v000002059b760720_0 .var "FRAC_cla_B", 47 0;
v000002059b7604a0_0 .net "eff_sub", 0 0, L_000002059b9318b0;  alias, 1 drivers
E_000002059b9381e0 .event anyedge, v000002059b8fb360_0, v000002059b8fe6a0_0;
S_000002059b9d3300 .scope module, "s2_u_cond_inverter_BA" "Cond_Inverter" 7 110, 13 1 0, S_000002059b8ccf40;
 .timescale 0 0;
    .port_info 0 /INPUT 1 "eff_sub";
    .port_info 1 /INPUT 48 "FRAC_B";
    .port_info 2 /OUTPUT 48 "FRAC_cla_B";
    .port_info 3 /OUTPUT 1 "Cin";
P_000002059b9384a0 .param/l "W" 0 13 1, +C4<00000000000000000000000000110000>;
v000002059b7607c0_0 .var "Cin", 0 0;
v000002059b75f280_0 .net "FRAC_B", 47 0, v000002059b760c20_0;  alias, 1 drivers
v000002059b873500_0 .var "FRAC_cla_B", 47 0;
v000002059b86c0c0_0 .net "eff_sub", 0 0, L_000002059b9318b0;  alias, 1 drivers
E_000002059b9376e0 .event anyedge, v000002059b8fb360_0, v000002059b8fb680_0;
S_000002059b9d2b30 .scope module, "s2_u_sign" "SIGN" 7 249, 14 1 0, S_000002059b8ccf40;
 .timescale 0 0;
    .port_info 0 /INPUT 1 "SIGN_A";
    .port_info 1 /INPUT 1 "SIGN_B";
    .port_info 2 /INPUT 1 "mode";
    .port_info 3 /INPUT 1 "bigger";
    .port_info 4 /OUTPUT 1 "result_SIGN";
v000002059b86c160_0 .net "SIGN_A", 0 0, v000002059b8f88e0_0;  alias, 1 drivers
v000002059b86c5c0_0 .net "SIGN_B", 0 0, v000002059b8f8ca0_0;  alias, 1 drivers
v000002059b86cf20_0 .net "bigger", 0 0, v000002059b8fa960_0;  alias, 1 drivers
v000002059b86e960_0 .net "mode", 0 0, v000002059b8f96a0_0;  alias, 1 drivers
v000002059b86f860_0 .var "result_SIGN", 0 0;
E_000002059b9381a0 .event anyedge, v000002059b8f96a0_0, v000002059b8f88e0_0, v000002059b8f8ca0_0, v000002059b8fa960_0;
S_000002059b9d3170 .scope module, "s3_u_cla_AB" "CLA" 7 124, 15 1 0, S_000002059b8ccf40;
 .timescale 0 0;
    .port_info 0 /INPUT 48 "A";
    .port_info 1 /INPUT 48 "B";
    .port_info 2 /INPUT 1 "Cin";
    .port_info 3 /OUTPUT 48 "Sum";
    .port_info 4 /OUTPUT 1 "Cout";
P_000002059b9379a0 .param/l "W" 0 15 1, +C4<00000000000000000000000000110000>;
L_000002059bae3a20 .functor AND 48, v000002059b8fb9a0_0, v000002059b8fafa0_0, C4<111111111111111111111111111111111111111111111111>, C4<111111111111111111111111111111111111111111111111>;
L_000002059bae3400 .functor XOR 48, v000002059b8fb9a0_0, v000002059b8fafa0_0, C4<000000000000000000000000000000000000000000000000>, C4<000000000000000000000000000000000000000000000000>;
L_000002059bae49e0 .functor BUFZ 1, v000002059b8fbea0_0, C4<0>, C4<0>, C4<0>;
L_000002059bae4c10 .functor XOR 48, L_000002059bae3400, L_000002059bac5ee0, C4<000000000000000000000000000000000000000000000000>, C4<000000000000000000000000000000000000000000000000>;
v000002059b9f6a50_0 .net "A", 47 0, v000002059b8fb9a0_0;  alias, 1 drivers
v000002059b9fa290_0 .net "B", 47 0, v000002059b8fafa0_0;  alias, 1 drivers
v000002059b9fae70_0 .net "C", 48 0, L_000002059bac7740;  1 drivers
v000002059b9fab50_0 .net "Cin", 0 0, v000002059b8fbea0_0;  alias, 1 drivers
v000002059b9fad30_0 .net "Cout", 0 0, L_000002059bac77e0;  alias, 1 drivers
v000002059b9faf10_0 .net "G", 47 0, L_000002059bae3a20;  1 drivers
v000002059b9fb550_0 .net "P", 47 0, L_000002059bae3400;  1 drivers
v000002059b9fabf0_0 .net "Sum", 47 0, L_000002059bae4c10;  alias, 1 drivers
v000002059b9fa150_0 .net *"_ivl_512", 0 0, L_000002059bae49e0;  1 drivers
v000002059b9fb4b0_0 .net *"_ivl_516", 47 0, L_000002059bac5ee0;  1 drivers
L_000002059ba39810 .part L_000002059bae3a20, 0, 1;
L_000002059ba396d0 .part L_000002059bae3400, 0, 1;
L_000002059ba38c30 .part L_000002059bac7740, 0, 1;
L_000002059ba38f50 .part L_000002059bae3a20, 1, 1;
L_000002059ba384b0 .part L_000002059bae3400, 1, 1;
L_000002059ba39630 .part L_000002059bae3a20, 0, 1;
L_000002059ba39a90 .part L_000002059bae3400, 1, 1;
L_000002059ba39c70 .part L_000002059bae3400, 0, 1;
L_000002059ba398b0 .part L_000002059bac7740, 0, 1;
L_000002059ba38370 .part L_000002059bae3a20, 2, 1;
L_000002059ba38e10 .part L_000002059bae3400, 2, 1;
L_000002059ba38690 .part L_000002059bae3a20, 1, 1;
L_000002059ba39e50 .part L_000002059bae3400, 2, 1;
L_000002059ba389b0 .part L_000002059bae3400, 1, 1;
L_000002059ba39950 .part L_000002059bae3a20, 0, 1;
L_000002059ba38ff0 .part L_000002059bae3400, 2, 1;
L_000002059ba38a50 .part L_000002059bae3400, 1, 1;
L_000002059ba38b90 .part L_000002059bae3400, 0, 1;
L_000002059ba39090 .part L_000002059bac7740, 0, 1;
L_000002059ba391d0 .part L_000002059bae3a20, 3, 1;
L_000002059ba39d10 .part L_000002059bae3400, 3, 1;
L_000002059ba39590 .part L_000002059bae3a20, 2, 1;
L_000002059ba39270 .part L_000002059bae3400, 3, 1;
L_000002059ba38cd0 .part L_000002059bae3400, 2, 1;
L_000002059ba39310 .part L_000002059bae3a20, 1, 1;
L_000002059ba382d0 .part L_000002059bae3400, 3, 1;
L_000002059ba38410 .part L_000002059bae3400, 2, 1;
L_000002059ba38730 .part L_000002059bae3400, 1, 1;
L_000002059ba387d0 .part L_000002059bae3a20, 0, 1;
L_000002059ba38550 .part L_000002059bae3400, 3, 1;
L_000002059ba38870 .part L_000002059bae3400, 2, 1;
L_000002059ba380f0 .part L_000002059bae3400, 1, 1;
L_000002059ba39b30 .part L_000002059bae3400, 0, 1;
L_000002059ba38910 .part L_000002059bac7740, 0, 1;
L_000002059ba39bd0 .part L_000002059bae3a20, 4, 1;
L_000002059ba38af0 .part L_000002059bae3400, 4, 1;
L_000002059ba393b0 .part L_000002059bac7740, 4, 1;
L_000002059ba38d70 .part L_000002059bae3a20, 5, 1;
L_000002059ba38eb0 .part L_000002059bae3400, 5, 1;
L_000002059ba39db0 .part L_000002059bae3a20, 4, 1;
L_000002059ba39ef0 .part L_000002059bae3400, 5, 1;
L_000002059ba39450 .part L_000002059bae3400, 4, 1;
L_000002059ba39f90 .part L_000002059bac7740, 4, 1;
L_000002059ba38190 .part L_000002059bae3a20, 6, 1;
L_000002059ba394f0 .part L_000002059bae3400, 6, 1;
L_000002059ba38230 .part L_000002059bae3a20, 5, 1;
L_000002059bab9780 .part L_000002059bae3400, 6, 1;
L_000002059bab9960 .part L_000002059bae3400, 5, 1;
L_000002059bab91e0 .part L_000002059bae3a20, 4, 1;
L_000002059bab8c40 .part L_000002059bae3400, 6, 1;
L_000002059bab8920 .part L_000002059bae3400, 5, 1;
L_000002059baba7c0 .part L_000002059bae3400, 4, 1;
L_000002059baba180 .part L_000002059bac7740, 4, 1;
L_000002059babad60 .part L_000002059bae3a20, 7, 1;
L_000002059baba540 .part L_000002059bae3400, 7, 1;
L_000002059bab89c0 .part L_000002059bae3a20, 6, 1;
L_000002059bab8f60 .part L_000002059bae3400, 7, 1;
L_000002059bab9140 .part L_000002059bae3400, 6, 1;
L_000002059bab9d20 .part L_000002059bae3a20, 5, 1;
L_000002059baba680 .part L_000002059bae3400, 7, 1;
L_000002059bab8d80 .part L_000002059bae3400, 6, 1;
L_000002059bab8e20 .part L_000002059bae3400, 5, 1;
L_000002059bab8ba0 .part L_000002059bae3a20, 4, 1;
L_000002059baba9a0 .part L_000002059bae3400, 7, 1;
L_000002059bab9280 .part L_000002059bae3400, 6, 1;
L_000002059bab9a00 .part L_000002059bae3400, 5, 1;
L_000002059baba220 .part L_000002059bae3400, 4, 1;
L_000002059babaf40 .part L_000002059bac7740, 4, 1;
L_000002059babae00 .part L_000002059bae3a20, 8, 1;
L_000002059bab9b40 .part L_000002059bae3400, 8, 1;
L_000002059bab8ce0 .part L_000002059bac7740, 8, 1;
L_000002059bab90a0 .part L_000002059bae3a20, 9, 1;
L_000002059bab8a60 .part L_000002059bae3400, 9, 1;
L_000002059bab9320 .part L_000002059bae3a20, 8, 1;
L_000002059babaea0 .part L_000002059bae3400, 9, 1;
L_000002059babafe0 .part L_000002059bae3400, 8, 1;
L_000002059baba2c0 .part L_000002059bac7740, 8, 1;
L_000002059bab8ec0 .part L_000002059bae3a20, 10, 1;
L_000002059bab9000 .part L_000002059bae3400, 10, 1;
L_000002059babaa40 .part L_000002059bae3a20, 9, 1;
L_000002059bab9460 .part L_000002059bae3400, 10, 1;
L_000002059bab93c0 .part L_000002059bae3400, 9, 1;
L_000002059bab9aa0 .part L_000002059bae3a20, 8, 1;
L_000002059bab9be0 .part L_000002059bae3400, 10, 1;
L_000002059bab9c80 .part L_000002059bae3400, 9, 1;
L_000002059bab9dc0 .part L_000002059bae3400, 8, 1;
L_000002059bab9500 .part L_000002059bac7740, 8, 1;
L_000002059bab95a0 .part L_000002059bae3a20, 11, 1;
L_000002059bab8b00 .part L_000002059bae3400, 11, 1;
L_000002059bab9640 .part L_000002059bae3a20, 10, 1;
L_000002059babb080 .part L_000002059bae3400, 11, 1;
L_000002059bab9820 .part L_000002059bae3400, 10, 1;
L_000002059baba360 .part L_000002059bae3a20, 9, 1;
L_000002059babab80 .part L_000002059bae3400, 11, 1;
L_000002059baba5e0 .part L_000002059bae3400, 10, 1;
L_000002059bab96e0 .part L_000002059bae3400, 9, 1;
L_000002059babaae0 .part L_000002059bae3a20, 8, 1;
L_000002059babac20 .part L_000002059bae3400, 11, 1;
L_000002059bab98c0 .part L_000002059bae3400, 10, 1;
L_000002059bab9e60 .part L_000002059bae3400, 9, 1;
L_000002059bab9f00 .part L_000002059bae3400, 8, 1;
L_000002059baba720 .part L_000002059bac7740, 8, 1;
L_000002059bab9fa0 .part L_000002059bae3a20, 12, 1;
L_000002059baba040 .part L_000002059bae3400, 12, 1;
L_000002059baba0e0 .part L_000002059bac7740, 12, 1;
L_000002059babacc0 .part L_000002059bae3a20, 13, 1;
L_000002059baba400 .part L_000002059bae3400, 13, 1;
L_000002059baba4a0 .part L_000002059bae3a20, 12, 1;
L_000002059baba860 .part L_000002059bae3400, 13, 1;
L_000002059baba900 .part L_000002059bae3400, 12, 1;
L_000002059babb300 .part L_000002059bac7740, 12, 1;
L_000002059babcca0 .part L_000002059bae3a20, 14, 1;
L_000002059babbc60 .part L_000002059bae3400, 14, 1;
L_000002059babc8e0 .part L_000002059bae3a20, 13, 1;
L_000002059babbd00 .part L_000002059bae3400, 14, 1;
L_000002059babd420 .part L_000002059bae3400, 13, 1;
L_000002059babd380 .part L_000002059bae3a20, 12, 1;
L_000002059babb800 .part L_000002059bae3400, 14, 1;
L_000002059babd740 .part L_000002059bae3400, 13, 1;
L_000002059babbda0 .part L_000002059bae3400, 12, 1;
L_000002059babbe40 .part L_000002059bac7740, 12, 1;
L_000002059babb760 .part L_000002059bae3a20, 15, 1;
L_000002059babce80 .part L_000002059bae3400, 15, 1;
L_000002059babc200 .part L_000002059bae3a20, 14, 1;
L_000002059babc2a0 .part L_000002059bae3400, 15, 1;
L_000002059babd4c0 .part L_000002059bae3400, 14, 1;
L_000002059babcde0 .part L_000002059bae3a20, 13, 1;
L_000002059babc520 .part L_000002059bae3400, 15, 1;
L_000002059babcd40 .part L_000002059bae3400, 14, 1;
L_000002059babd240 .part L_000002059bae3400, 13, 1;
L_000002059babcf20 .part L_000002059bae3a20, 12, 1;
L_000002059babb3a0 .part L_000002059bae3400, 15, 1;
L_000002059babcfc0 .part L_000002059bae3400, 14, 1;
L_000002059babb9e0 .part L_000002059bae3400, 13, 1;
L_000002059babb440 .part L_000002059bae3400, 12, 1;
L_000002059babd600 .part L_000002059bac7740, 12, 1;
L_000002059babba80 .part L_000002059bae3a20, 16, 1;
L_000002059babd060 .part L_000002059bae3400, 16, 1;
L_000002059babd6a0 .part L_000002059bac7740, 16, 1;
L_000002059babd560 .part L_000002059bae3a20, 17, 1;
L_000002059babbf80 .part L_000002059bae3400, 17, 1;
L_000002059babc700 .part L_000002059bae3a20, 16, 1;
L_000002059babbee0 .part L_000002059bae3400, 17, 1;
L_000002059babd100 .part L_000002059bae3400, 16, 1;
L_000002059babbb20 .part L_000002059bac7740, 16, 1;
L_000002059babd7e0 .part L_000002059bae3a20, 18, 1;
L_000002059babd1a0 .part L_000002059bae3400, 18, 1;
L_000002059babc5c0 .part L_000002059bae3a20, 17, 1;
L_000002059babd2e0 .part L_000002059bae3400, 18, 1;
L_000002059babd880 .part L_000002059bae3400, 17, 1;
L_000002059babc0c0 .part L_000002059bae3a20, 16, 1;
L_000002059babb120 .part L_000002059bae3400, 18, 1;
L_000002059babcac0 .part L_000002059bae3400, 17, 1;
L_000002059babbbc0 .part L_000002059bae3400, 16, 1;
L_000002059babc340 .part L_000002059bac7740, 16, 1;
L_000002059babb1c0 .part L_000002059bae3a20, 19, 1;
L_000002059babc3e0 .part L_000002059bae3400, 19, 1;
L_000002059babb4e0 .part L_000002059bae3a20, 18, 1;
L_000002059babb8a0 .part L_000002059bae3400, 19, 1;
L_000002059babb260 .part L_000002059bae3400, 18, 1;
L_000002059babc480 .part L_000002059bae3a20, 17, 1;
L_000002059babb6c0 .part L_000002059bae3400, 19, 1;
L_000002059babc020 .part L_000002059bae3400, 18, 1;
L_000002059babb580 .part L_000002059bae3400, 17, 1;
L_000002059babb620 .part L_000002059bae3a20, 16, 1;
L_000002059babcc00 .part L_000002059bae3400, 19, 1;
L_000002059babb940 .part L_000002059bae3400, 18, 1;
L_000002059babc160 .part L_000002059bae3400, 17, 1;
L_000002059babc660 .part L_000002059bae3400, 16, 1;
L_000002059babc7a0 .part L_000002059bac7740, 16, 1;
L_000002059babc840 .part L_000002059bae3a20, 20, 1;
L_000002059babcb60 .part L_000002059bae3400, 20, 1;
L_000002059babc980 .part L_000002059bac7740, 20, 1;
L_000002059babca20 .part L_000002059bae3a20, 21, 1;
L_000002059babe140 .part L_000002059bae3400, 21, 1;
L_000002059babe1e0 .part L_000002059bae3a20, 20, 1;
L_000002059babfea0 .part L_000002059bae3400, 21, 1;
L_000002059babf180 .part L_000002059bae3400, 20, 1;
L_000002059babfd60 .part L_000002059bac7740, 20, 1;
L_000002059babf0e0 .part L_000002059bae3a20, 22, 1;
L_000002059babdb00 .part L_000002059bae3400, 22, 1;
L_000002059babdf60 .part L_000002059bae3a20, 21, 1;
L_000002059babe460 .part L_000002059bae3400, 22, 1;
L_000002059babf220 .part L_000002059bae3400, 21, 1;
L_000002059babdd80 .part L_000002059bae3a20, 20, 1;
L_000002059babf7c0 .part L_000002059bae3400, 22, 1;
L_000002059babdba0 .part L_000002059bae3400, 21, 1;
L_000002059babf860 .part L_000002059bae3400, 20, 1;
L_000002059babdc40 .part L_000002059bac7740, 20, 1;
L_000002059babf360 .part L_000002059bae3a20, 23, 1;
L_000002059babe280 .part L_000002059bae3400, 23, 1;
L_000002059babeaa0 .part L_000002059bae3a20, 22, 1;
L_000002059babe000 .part L_000002059bae3400, 23, 1;
L_000002059babe820 .part L_000002059bae3400, 22, 1;
L_000002059babef00 .part L_000002059bae3a20, 21, 1;
L_000002059babd920 .part L_000002059bae3400, 23, 1;
L_000002059babfe00 .part L_000002059bae3400, 22, 1;
L_000002059babd9c0 .part L_000002059bae3400, 21, 1;
L_000002059babe5a0 .part L_000002059bae3a20, 20, 1;
L_000002059babda60 .part L_000002059bae3400, 23, 1;
L_000002059babe6e0 .part L_000002059bae3400, 22, 1;
L_000002059babf5e0 .part L_000002059bae3400, 21, 1;
L_000002059babe320 .part L_000002059bae3400, 20, 1;
L_000002059babfae0 .part L_000002059bac7740, 20, 1;
L_000002059babfb80 .part L_000002059bae3a20, 24, 1;
L_000002059babffe0 .part L_000002059bae3400, 24, 1;
L_000002059babfc20 .part L_000002059bac7740, 24, 1;
L_000002059babe0a0 .part L_000002059bae3a20, 25, 1;
L_000002059babff40 .part L_000002059bae3400, 25, 1;
L_000002059babf9a0 .part L_000002059bae3a20, 24, 1;
L_000002059babe640 .part L_000002059bae3400, 25, 1;
L_000002059babf2c0 .part L_000002059bae3400, 24, 1;
L_000002059babf900 .part L_000002059bac7740, 24, 1;
L_000002059babde20 .part L_000002059bae3a20, 26, 1;
L_000002059babe3c0 .part L_000002059bae3400, 26, 1;
L_000002059babf4a0 .part L_000002059bae3a20, 25, 1;
L_000002059babf680 .part L_000002059bae3400, 26, 1;
L_000002059babe960 .part L_000002059bae3400, 25, 1;
L_000002059babe780 .part L_000002059bae3a20, 24, 1;
L_000002059babfa40 .part L_000002059bae3400, 26, 1;
L_000002059babe8c0 .part L_000002059bae3400, 25, 1;
L_000002059babf400 .part L_000002059bae3400, 24, 1;
L_000002059babeb40 .part L_000002059bac7740, 24, 1;
L_000002059babec80 .part L_000002059bae3a20, 27, 1;
L_000002059babfcc0 .part L_000002059bae3400, 27, 1;
L_000002059babf540 .part L_000002059bae3a20, 26, 1;
L_000002059babebe0 .part L_000002059bae3400, 27, 1;
L_000002059bac0080 .part L_000002059bae3400, 26, 1;
L_000002059babed20 .part L_000002059bae3a20, 25, 1;
L_000002059babea00 .part L_000002059bae3400, 27, 1;
L_000002059babdce0 .part L_000002059bae3400, 26, 1;
L_000002059babdec0 .part L_000002059bae3400, 25, 1;
L_000002059babf720 .part L_000002059bae3a20, 24, 1;
L_000002059babefa0 .part L_000002059bae3400, 27, 1;
L_000002059babedc0 .part L_000002059bae3400, 26, 1;
L_000002059babe500 .part L_000002059bae3400, 25, 1;
L_000002059babee60 .part L_000002059bae3400, 24, 1;
L_000002059babf040 .part L_000002059bac7740, 24, 1;
L_000002059bac09e0 .part L_000002059bae3a20, 28, 1;
L_000002059bac03a0 .part L_000002059bae3400, 28, 1;
L_000002059bac13e0 .part L_000002059bac7740, 28, 1;
L_000002059bac0b20 .part L_000002059bae3a20, 29, 1;
L_000002059bac0580 .part L_000002059bae3400, 29, 1;
L_000002059bac0da0 .part L_000002059bae3a20, 28, 1;
L_000002059bac0ee0 .part L_000002059bae3400, 29, 1;
L_000002059bac1ac0 .part L_000002059bae3400, 28, 1;
L_000002059bac0440 .part L_000002059bac7740, 28, 1;
L_000002059bac1480 .part L_000002059bae3a20, 30, 1;
L_000002059bac2560 .part L_000002059bae3400, 30, 1;
L_000002059bac1c00 .part L_000002059bae3a20, 29, 1;
L_000002059bac1160 .part L_000002059bae3400, 30, 1;
L_000002059bac2600 .part L_000002059bae3400, 29, 1;
L_000002059bac1520 .part L_000002059bae3a20, 28, 1;
L_000002059bac04e0 .part L_000002059bae3400, 30, 1;
L_000002059bac0120 .part L_000002059bae3400, 29, 1;
L_000002059bac1fc0 .part L_000002059bae3400, 28, 1;
L_000002059bac1980 .part L_000002059bac7740, 28, 1;
L_000002059bac1020 .part L_000002059bae3a20, 31, 1;
L_000002059bac0760 .part L_000002059bae3400, 31, 1;
L_000002059bac24c0 .part L_000002059bae3a20, 30, 1;
L_000002059bac0620 .part L_000002059bae3400, 31, 1;
L_000002059bac15c0 .part L_000002059bae3400, 30, 1;
L_000002059bac01c0 .part L_000002059bae3a20, 29, 1;
L_000002059bac06c0 .part L_000002059bae3400, 31, 1;
L_000002059bac0800 .part L_000002059bae3400, 30, 1;
L_000002059bac1660 .part L_000002059bae3400, 29, 1;
L_000002059bac2880 .part L_000002059bae3a20, 28, 1;
L_000002059bac1340 .part L_000002059bae3400, 31, 1;
L_000002059bac10c0 .part L_000002059bae3400, 30, 1;
L_000002059bac0d00 .part L_000002059bae3400, 29, 1;
L_000002059bac0260 .part L_000002059bae3400, 28, 1;
L_000002059bac0bc0 .part L_000002059bac7740, 28, 1;
L_000002059bac2740 .part L_000002059bae3a20, 32, 1;
L_000002059bac21a0 .part L_000002059bae3400, 32, 1;
L_000002059bac1200 .part L_000002059bac7740, 32, 1;
L_000002059bac1a20 .part L_000002059bae3a20, 33, 1;
L_000002059bac0a80 .part L_000002059bae3400, 33, 1;
L_000002059bac0300 .part L_000002059bae3a20, 32, 1;
L_000002059bac1e80 .part L_000002059bae3400, 33, 1;
L_000002059bac26a0 .part L_000002059bae3400, 32, 1;
L_000002059bac12a0 .part L_000002059bac7740, 32, 1;
L_000002059bac1700 .part L_000002059bae3a20, 34, 1;
L_000002059bac17a0 .part L_000002059bae3400, 34, 1;
L_000002059bac2380 .part L_000002059bae3a20, 33, 1;
L_000002059bac08a0 .part L_000002059bae3400, 34, 1;
L_000002059bac1840 .part L_000002059bae3400, 33, 1;
L_000002059bac1b60 .part L_000002059bae3a20, 32, 1;
L_000002059bac0940 .part L_000002059bae3400, 34, 1;
L_000002059bac18e0 .part L_000002059bae3400, 33, 1;
L_000002059bac0c60 .part L_000002059bae3400, 32, 1;
L_000002059bac1ca0 .part L_000002059bac7740, 32, 1;
L_000002059bac1d40 .part L_000002059bae3a20, 35, 1;
L_000002059bac1de0 .part L_000002059bae3400, 35, 1;
L_000002059bac1f20 .part L_000002059bae3a20, 34, 1;
L_000002059bac2060 .part L_000002059bae3400, 35, 1;
L_000002059bac0f80 .part L_000002059bae3400, 34, 1;
L_000002059bac22e0 .part L_000002059bae3a20, 33, 1;
L_000002059bac0e40 .part L_000002059bae3400, 35, 1;
L_000002059bac2100 .part L_000002059bae3400, 34, 1;
L_000002059bac27e0 .part L_000002059bae3400, 33, 1;
L_000002059bac2240 .part L_000002059bae3a20, 32, 1;
L_000002059bac2420 .part L_000002059bae3400, 35, 1;
L_000002059bac3460 .part L_000002059bae3400, 34, 1;
L_000002059bac29c0 .part L_000002059bae3400, 33, 1;
L_000002059bac4b80 .part L_000002059bae3400, 32, 1;
L_000002059bac3320 .part L_000002059bac7740, 32, 1;
L_000002059bac5080 .part L_000002059bae3a20, 36, 1;
L_000002059bac4ea0 .part L_000002059bae3400, 36, 1;
L_000002059bac2920 .part L_000002059bac7740, 36, 1;
L_000002059bac3280 .part L_000002059bae3a20, 37, 1;
L_000002059bac33c0 .part L_000002059bae3400, 37, 1;
L_000002059bac3c80 .part L_000002059bae3a20, 36, 1;
L_000002059bac2b00 .part L_000002059bae3400, 37, 1;
L_000002059bac3000 .part L_000002059bae3400, 36, 1;
L_000002059bac3780 .part L_000002059bac7740, 36, 1;
L_000002059bac42c0 .part L_000002059bae3a20, 38, 1;
L_000002059bac45e0 .part L_000002059bae3400, 38, 1;
L_000002059bac4ae0 .part L_000002059bae3a20, 37, 1;
L_000002059bac3140 .part L_000002059bae3400, 38, 1;
L_000002059bac31e0 .part L_000002059bae3400, 37, 1;
L_000002059bac3500 .part L_000002059bae3a20, 36, 1;
L_000002059bac4680 .part L_000002059bae3400, 38, 1;
L_000002059bac4d60 .part L_000002059bae3400, 37, 1;
L_000002059bac3820 .part L_000002059bae3400, 36, 1;
L_000002059bac2ba0 .part L_000002059bac7740, 36, 1;
L_000002059bac44a0 .part L_000002059bae3a20, 39, 1;
L_000002059bac35a0 .part L_000002059bae3400, 39, 1;
L_000002059bac40e0 .part L_000002059bae3a20, 38, 1;
L_000002059bac3640 .part L_000002059bae3400, 39, 1;
L_000002059bac2ec0 .part L_000002059bae3400, 38, 1;
L_000002059bac4720 .part L_000002059bae3a20, 37, 1;
L_000002059bac36e0 .part L_000002059bae3400, 39, 1;
L_000002059bac38c0 .part L_000002059bae3400, 38, 1;
L_000002059bac30a0 .part L_000002059bae3400, 37, 1;
L_000002059bac4f40 .part L_000002059bae3a20, 36, 1;
L_000002059bac4540 .part L_000002059bae3400, 39, 1;
L_000002059bac2a60 .part L_000002059bae3400, 38, 1;
L_000002059bac47c0 .part L_000002059bae3400, 37, 1;
L_000002059bac2f60 .part L_000002059bae3400, 36, 1;
L_000002059bac4e00 .part L_000002059bac7740, 36, 1;
L_000002059bac4a40 .part L_000002059bae3a20, 40, 1;
L_000002059bac3960 .part L_000002059bae3400, 40, 1;
L_000002059bac4180 .part L_000002059bac7740, 40, 1;
L_000002059bac2c40 .part L_000002059bae3a20, 41, 1;
L_000002059bac3a00 .part L_000002059bae3400, 41, 1;
L_000002059bac3aa0 .part L_000002059bae3a20, 40, 1;
L_000002059bac49a0 .part L_000002059bae3400, 41, 1;
L_000002059bac4360 .part L_000002059bae3400, 40, 1;
L_000002059bac3b40 .part L_000002059bac7740, 40, 1;
L_000002059bac4fe0 .part L_000002059bae3a20, 42, 1;
L_000002059bac2ce0 .part L_000002059bae3400, 42, 1;
L_000002059bac3be0 .part L_000002059bae3a20, 41, 1;
L_000002059bac2d80 .part L_000002059bae3400, 42, 1;
L_000002059bac2e20 .part L_000002059bae3400, 41, 1;
L_000002059bac3d20 .part L_000002059bae3a20, 40, 1;
L_000002059bac3dc0 .part L_000002059bae3400, 42, 1;
L_000002059bac3e60 .part L_000002059bae3400, 41, 1;
L_000002059bac3f00 .part L_000002059bae3400, 40, 1;
L_000002059bac3fa0 .part L_000002059bac7740, 40, 1;
L_000002059bac4860 .part L_000002059bae3a20, 43, 1;
L_000002059bac4900 .part L_000002059bae3400, 43, 1;
L_000002059bac4400 .part L_000002059bae3a20, 42, 1;
L_000002059bac4220 .part L_000002059bae3400, 43, 1;
L_000002059bac4c20 .part L_000002059bae3400, 42, 1;
L_000002059bac4040 .part L_000002059bae3a20, 41, 1;
L_000002059bac4cc0 .part L_000002059bae3400, 43, 1;
L_000002059bac6020 .part L_000002059bae3400, 42, 1;
L_000002059bac5940 .part L_000002059bae3400, 41, 1;
L_000002059bac7100 .part L_000002059bae3a20, 40, 1;
L_000002059bac7560 .part L_000002059bae3400, 43, 1;
L_000002059bac5620 .part L_000002059bae3400, 42, 1;
L_000002059bac6d40 .part L_000002059bae3400, 41, 1;
L_000002059bac60c0 .part L_000002059bae3400, 40, 1;
L_000002059bac5300 .part L_000002059bac7740, 40, 1;
L_000002059bac6520 .part L_000002059bae3a20, 44, 1;
L_000002059bac6ca0 .part L_000002059bae3400, 44, 1;
L_000002059bac5c60 .part L_000002059bac7740, 44, 1;
L_000002059bac5a80 .part L_000002059bae3a20, 45, 1;
L_000002059bac59e0 .part L_000002059bae3400, 45, 1;
L_000002059bac56c0 .part L_000002059bae3a20, 44, 1;
L_000002059bac7060 .part L_000002059bae3400, 45, 1;
L_000002059bac5e40 .part L_000002059bae3400, 44, 1;
L_000002059bac7240 .part L_000002059bac7740, 44, 1;
L_000002059bac5b20 .part L_000002059bae3a20, 46, 1;
L_000002059bac62a0 .part L_000002059bae3400, 46, 1;
L_000002059bac5bc0 .part L_000002059bae3a20, 45, 1;
L_000002059bac6160 .part L_000002059bae3400, 46, 1;
L_000002059bac5760 .part L_000002059bae3400, 45, 1;
L_000002059bac71a0 .part L_000002059bae3a20, 44, 1;
L_000002059bac7600 .part L_000002059bae3400, 46, 1;
L_000002059bac65c0 .part L_000002059bae3400, 45, 1;
L_000002059bac5d00 .part L_000002059bae3400, 44, 1;
L_000002059bac5580 .part L_000002059bac7740, 44, 1;
L_000002059bac72e0 .part L_000002059bae3a20, 47, 1;
L_000002059bac7880 .part L_000002059bae3400, 47, 1;
L_000002059bac53a0 .part L_000002059bae3a20, 46, 1;
L_000002059bac6f20 .part L_000002059bae3400, 47, 1;
L_000002059bac6480 .part L_000002059bae3400, 46, 1;
L_000002059bac5800 .part L_000002059bae3a20, 45, 1;
L_000002059bac6200 .part L_000002059bae3400, 47, 1;
L_000002059bac6700 .part L_000002059bae3400, 46, 1;
L_000002059bac7380 .part L_000002059bae3400, 45, 1;
L_000002059bac6660 .part L_000002059bae3a20, 44, 1;
L_000002059bac67a0 .part L_000002059bae3400, 47, 1;
L_000002059bac6340 .part L_000002059bae3400, 46, 1;
L_000002059bac76a0 .part L_000002059bae3400, 45, 1;
L_000002059bac5da0 .part L_000002059bae3400, 44, 1;
L_000002059bac74c0 .part L_000002059bac7740, 44, 1;
LS_000002059bac7740_0_0 .concat8 [ 1 1 1 1], L_000002059bae49e0, L_000002059b92ffc0, L_000002059b931990, L_000002059b930d50;
LS_000002059bac7740_0_4 .concat8 [ 1 1 1 1], L_000002059b930ea0, L_000002059b931370, L_000002059b931610, L_000002059b931e60;
LS_000002059bac7740_0_8 .concat8 [ 1 1 1 1], L_000002059b92ec80, L_000002059b92eeb0, L_000002059b92f460, L_000002059b92ef20;
LS_000002059bac7740_0_12 .concat8 [ 1 1 1 1], L_000002059b6d2af0, L_000002059b6d24d0, L_000002059b6d2c40, L_000002059b6d2bd0;
LS_000002059bac7740_0_16 .concat8 [ 1 1 1 1], L_000002059b76be80, L_000002059b36c360, L_000002059bad8cd0, L_000002059bada390;
LS_000002059bac7740_0_20 .concat8 [ 1 1 1 1], L_000002059bad9130, L_000002059bad8aa0, L_000002059bad92f0, L_000002059bad9590;
LS_000002059bac7740_0_24 .concat8 [ 1 1 1 1], L_000002059bad9fa0, L_000002059bad9a60, L_000002059badb0b0, L_000002059badb970;
LS_000002059bac7740_0_28 .concat8 [ 1 1 1 1], L_000002059badbf90, L_000002059bada550, L_000002059badb2e0, L_000002059badb3c0;
LS_000002059bac7740_0_32 .concat8 [ 1 1 1 1], L_000002059badb430, L_000002059badb820, L_000002059badbba0, L_000002059badc310;
LS_000002059bac7740_0_36 .concat8 [ 1 1 1 1], L_000002059bae1b80, L_000002059bae3320, L_000002059bae26e0, L_000002059bae2590;
LS_000002059bac7740_0_40 .concat8 [ 1 1 1 1], L_000002059bae1f70, L_000002059bae1cd0, L_000002059bae24b0, L_000002059bae2c90;
LS_000002059bac7740_0_44 .concat8 [ 1 1 1 1], L_000002059bae2fa0, L_000002059bae4820, L_000002059bae4900, L_000002059bae3390;
LS_000002059bac7740_0_48 .concat8 [ 1 0 0 0], L_000002059bae4e40;
LS_000002059bac7740_1_0 .concat8 [ 4 4 4 4], LS_000002059bac7740_0_0, LS_000002059bac7740_0_4, LS_000002059bac7740_0_8, LS_000002059bac7740_0_12;
LS_000002059bac7740_1_4 .concat8 [ 4 4 4 4], LS_000002059bac7740_0_16, LS_000002059bac7740_0_20, LS_000002059bac7740_0_24, LS_000002059bac7740_0_28;
LS_000002059bac7740_1_8 .concat8 [ 4 4 4 4], LS_000002059bac7740_0_32, LS_000002059bac7740_0_36, LS_000002059bac7740_0_40, LS_000002059bac7740_0_44;
LS_000002059bac7740_1_12 .concat8 [ 1 0 0 0], LS_000002059bac7740_0_48;
L_000002059bac7740 .concat8 [ 16 16 16 1], LS_000002059bac7740_1_0, LS_000002059bac7740_1_4, LS_000002059bac7740_1_8, LS_000002059bac7740_1_12;
L_000002059bac77e0 .part L_000002059bac7740, 48, 1;
L_000002059bac5ee0 .part L_000002059bac7740, 0, 48;
S_000002059b9d42a0 .scope generate, "cla_blocks[0]" "cla_blocks[0]" 15 15, 15 15 0, S_000002059b9d3170;
 .timescale 0 0;
P_000002059b938060 .param/l "i" 0 15 15, +C4<00>;
L_000002059b931920 .functor AND 1, L_000002059ba396d0, L_000002059ba38c30, C4<1>, C4<1>;
L_000002059b92ffc0 .functor OR 1, L_000002059ba39810, L_000002059b931920, C4<0>, C4<0>;
L_000002059b9301f0 .functor AND 1, L_000002059ba384b0, L_000002059ba39630, C4<1>, C4<1>;
L_000002059b930730 .functor OR 1, L_000002059ba38f50, L_000002059b9301f0, C4<0>, C4<0>;
L_000002059b9311b0 .functor AND 1, L_000002059ba39a90, L_000002059ba39c70, C4<1>, C4<1>;
L_000002059b930880 .functor AND 1, L_000002059b9311b0, L_000002059ba398b0, C4<1>, C4<1>;
L_000002059b931990 .functor OR 1, L_000002059b930730, L_000002059b930880, C4<0>, C4<0>;
L_000002059b930ce0 .functor AND 1, L_000002059ba38e10, L_000002059ba38690, C4<1>, C4<1>;
L_000002059b9313e0 .functor OR 1, L_000002059ba38370, L_000002059b930ce0, C4<0>, C4<0>;
L_000002059b92fee0 .functor AND 1, L_000002059ba39e50, L_000002059ba389b0, C4<1>, C4<1>;
L_000002059b92ff50 .functor AND 1, L_000002059b92fee0, L_000002059ba39950, C4<1>, C4<1>;
L_000002059b930570 .functor OR 1, L_000002059b9313e0, L_000002059b92ff50, C4<0>, C4<0>;
L_000002059b931a00 .functor AND 1, L_000002059ba38ff0, L_000002059ba38a50, C4<1>, C4<1>;
L_000002059b92fe70 .functor AND 1, L_000002059b931a00, L_000002059ba38b90, C4<1>, C4<1>;
L_000002059b930500 .functor AND 1, L_000002059b92fe70, L_000002059ba39090, C4<1>, C4<1>;
L_000002059b930d50 .functor OR 1, L_000002059b930570, L_000002059b930500, C4<0>, C4<0>;
L_000002059b9300a0 .functor AND 1, L_000002059ba39d10, L_000002059ba39590, C4<1>, C4<1>;
L_000002059b9305e0 .functor OR 1, L_000002059ba391d0, L_000002059b9300a0, C4<0>, C4<0>;
L_000002059b930a40 .functor AND 1, L_000002059ba39270, L_000002059ba38cd0, C4<1>, C4<1>;
L_000002059b930260 .functor AND 1, L_000002059b930a40, L_000002059ba39310, C4<1>, C4<1>;
L_000002059b931760 .functor OR 1, L_000002059b9305e0, L_000002059b930260, C4<0>, C4<0>;
L_000002059b930110 .functor AND 1, L_000002059ba382d0, L_000002059ba38410, C4<1>, C4<1>;
L_000002059b931450 .functor AND 1, L_000002059b930110, L_000002059ba38730, C4<1>, C4<1>;
L_000002059b9303b0 .functor AND 1, L_000002059b931450, L_000002059ba387d0, C4<1>, C4<1>;
L_000002059b930650 .functor OR 1, L_000002059b931760, L_000002059b9303b0, C4<0>, C4<0>;
L_000002059b931220 .functor AND 1, L_000002059ba38550, L_000002059ba38870, C4<1>, C4<1>;
L_000002059b930960 .functor AND 1, L_000002059b931220, L_000002059ba380f0, C4<1>, C4<1>;
L_000002059b931290 .functor AND 1, L_000002059b930960, L_000002059ba39b30, C4<1>, C4<1>;
L_000002059b930dc0 .functor AND 1, L_000002059b931290, L_000002059ba38910, C4<1>, C4<1>;
L_000002059b930ea0 .functor OR 1, L_000002059b930650, L_000002059b930dc0, C4<0>, C4<0>;
v000002059b86fc20_0 .net *"_ivl_0", 0 0, L_000002059ba39810;  1 drivers
v000002059b871700_0 .net *"_ivl_1", 0 0, L_000002059ba396d0;  1 drivers
v000002059b8722e0_0 .net *"_ivl_10", 0 0, L_000002059b9301f0;  1 drivers
v000002059b8717a0_0 .net *"_ivl_12", 0 0, L_000002059b930730;  1 drivers
v000002059b8718e0_0 .net *"_ivl_14", 0 0, L_000002059ba39a90;  1 drivers
v000002059b895830_0 .net *"_ivl_15", 0 0, L_000002059ba39c70;  1 drivers
v000002059b894e30_0 .net *"_ivl_16", 0 0, L_000002059b9311b0;  1 drivers
v000002059b895010_0 .net *"_ivl_18", 0 0, L_000002059ba398b0;  1 drivers
v000002059b895bf0_0 .net *"_ivl_19", 0 0, L_000002059b930880;  1 drivers
v000002059b8965f0_0 .net *"_ivl_2", 0 0, L_000002059ba38c30;  1 drivers
v000002059b897bd0_0 .net *"_ivl_21", 0 0, L_000002059b931990;  1 drivers
v000002059b896a50_0 .net *"_ivl_23", 0 0, L_000002059ba38370;  1 drivers
v000002059b897310_0 .net *"_ivl_24", 0 0, L_000002059ba38e10;  1 drivers
v000002059b8991b0_0 .net *"_ivl_25", 0 0, L_000002059ba38690;  1 drivers
v000002059b898d50_0 .net *"_ivl_26", 0 0, L_000002059b930ce0;  1 drivers
v000002059b898fd0_0 .net *"_ivl_28", 0 0, L_000002059b9313e0;  1 drivers
v000002059b89b2d0_0 .net *"_ivl_3", 0 0, L_000002059b931920;  1 drivers
v000002059b8cb1e0_0 .net *"_ivl_30", 0 0, L_000002059ba39e50;  1 drivers
v000002059b8c5a60_0 .net *"_ivl_31", 0 0, L_000002059ba389b0;  1 drivers
v000002059b8c4160_0 .net *"_ivl_32", 0 0, L_000002059b92fee0;  1 drivers
v000002059b8c4a20_0 .net *"_ivl_34", 0 0, L_000002059ba39950;  1 drivers
v000002059b8c5c40_0 .net *"_ivl_35", 0 0, L_000002059b92ff50;  1 drivers
v000002059b8c61e0_0 .net *"_ivl_37", 0 0, L_000002059b930570;  1 drivers
v000002059b8c6fa0_0 .net *"_ivl_39", 0 0, L_000002059ba38ff0;  1 drivers
v000002059b8c7ae0_0 .net *"_ivl_40", 0 0, L_000002059ba38a50;  1 drivers
v000002059b8ca880_0 .net *"_ivl_41", 0 0, L_000002059b931a00;  1 drivers
v000002059b8cace0_0 .net *"_ivl_43", 0 0, L_000002059ba38b90;  1 drivers
v000002059b8c90c0_0 .net *"_ivl_44", 0 0, L_000002059b92fe70;  1 drivers
v000002059b8c9ca0_0 .net *"_ivl_46", 0 0, L_000002059ba39090;  1 drivers
v000002059b82e8c0_0 .net *"_ivl_47", 0 0, L_000002059b930500;  1 drivers
v000002059b828c40_0 .net *"_ivl_49", 0 0, L_000002059b930d50;  1 drivers
v000002059b82b260_0 .net *"_ivl_5", 0 0, L_000002059b92ffc0;  1 drivers
v000002059b8296e0_0 .net *"_ivl_51", 0 0, L_000002059ba391d0;  1 drivers
v000002059b82b3a0_0 .net *"_ivl_52", 0 0, L_000002059ba39d10;  1 drivers
v000002059b82d4c0_0 .net *"_ivl_53", 0 0, L_000002059ba39590;  1 drivers
v000002059b82c700_0 .net *"_ivl_54", 0 0, L_000002059b9300a0;  1 drivers
v000002059b82c8e0_0 .net *"_ivl_56", 0 0, L_000002059b9305e0;  1 drivers
v000002059b821300_0 .net *"_ivl_58", 0 0, L_000002059ba39270;  1 drivers
v000002059b79cf70_0 .net *"_ivl_59", 0 0, L_000002059ba38cd0;  1 drivers
v000002059b7a7b70_0 .net *"_ivl_60", 0 0, L_000002059b930a40;  1 drivers
v000002059b332820_0 .net *"_ivl_62", 0 0, L_000002059ba39310;  1 drivers
v000002059b9d5430_0 .net *"_ivl_63", 0 0, L_000002059b930260;  1 drivers
v000002059b9d6fb0_0 .net *"_ivl_65", 0 0, L_000002059b931760;  1 drivers
v000002059b9d66f0_0 .net *"_ivl_67", 0 0, L_000002059ba382d0;  1 drivers
v000002059b9d5610_0 .net *"_ivl_68", 0 0, L_000002059ba38410;  1 drivers
v000002059b9d6d30_0 .net *"_ivl_69", 0 0, L_000002059b930110;  1 drivers
v000002059b9d4850_0 .net *"_ivl_7", 0 0, L_000002059ba38f50;  1 drivers
v000002059b9d5a70_0 .net *"_ivl_71", 0 0, L_000002059ba38730;  1 drivers
v000002059b9d51b0_0 .net *"_ivl_72", 0 0, L_000002059b931450;  1 drivers
v000002059b9d65b0_0 .net *"_ivl_74", 0 0, L_000002059ba387d0;  1 drivers
v000002059b9d5b10_0 .net *"_ivl_75", 0 0, L_000002059b9303b0;  1 drivers
v000002059b9d5d90_0 .net *"_ivl_77", 0 0, L_000002059b930650;  1 drivers
v000002059b9d6510_0 .net *"_ivl_79", 0 0, L_000002059ba38550;  1 drivers
v000002059b9d6b50_0 .net *"_ivl_8", 0 0, L_000002059ba384b0;  1 drivers
v000002059b9d4f30_0 .net *"_ivl_80", 0 0, L_000002059ba38870;  1 drivers
v000002059b9d56b0_0 .net *"_ivl_81", 0 0, L_000002059b931220;  1 drivers
v000002059b9d5390_0 .net *"_ivl_83", 0 0, L_000002059ba380f0;  1 drivers
v000002059b9d48f0_0 .net *"_ivl_84", 0 0, L_000002059b930960;  1 drivers
v000002059b9d4fd0_0 .net *"_ivl_86", 0 0, L_000002059ba39b30;  1 drivers
v000002059b9d5570_0 .net *"_ivl_87", 0 0, L_000002059b931290;  1 drivers
v000002059b9d6830_0 .net *"_ivl_89", 0 0, L_000002059ba38910;  1 drivers
v000002059b9d5750_0 .net *"_ivl_9", 0 0, L_000002059ba39630;  1 drivers
v000002059b9d4d50_0 .net *"_ivl_90", 0 0, L_000002059b930dc0;  1 drivers
v000002059b9d6dd0_0 .net *"_ivl_92", 0 0, L_000002059b930ea0;  1 drivers
S_000002059b9d3620 .scope generate, "cla_blocks[1]" "cla_blocks[1]" 15 15, 15 15 0, S_000002059b9d3170;
 .timescale 0 0;
P_000002059b937720 .param/l "i" 0 15 15, +C4<01>;
L_000002059b9315a0 .functor AND 1, L_000002059ba38af0, L_000002059ba393b0, C4<1>, C4<1>;
L_000002059b931370 .functor OR 1, L_000002059ba39bd0, L_000002059b9315a0, C4<0>, C4<0>;
L_000002059b930f10 .functor AND 1, L_000002059ba38eb0, L_000002059ba39db0, C4<1>, C4<1>;
L_000002059b930ff0 .functor OR 1, L_000002059ba38d70, L_000002059b930f10, C4<0>, C4<0>;
L_000002059b9314c0 .functor AND 1, L_000002059ba39ef0, L_000002059ba39450, C4<1>, C4<1>;
L_000002059b931530 .functor AND 1, L_000002059b9314c0, L_000002059ba39f90, C4<1>, C4<1>;
L_000002059b931610 .functor OR 1, L_000002059b930ff0, L_000002059b931530, C4<0>, C4<0>;
L_000002059b931ca0 .functor AND 1, L_000002059ba394f0, L_000002059ba38230, C4<1>, C4<1>;
L_000002059b932090 .functor OR 1, L_000002059ba38190, L_000002059b931ca0, C4<0>, C4<0>;
L_000002059b932100 .functor AND 1, L_000002059bab9780, L_000002059bab9960, C4<1>, C4<1>;
L_000002059b931ed0 .functor AND 1, L_000002059b932100, L_000002059bab91e0, C4<1>, C4<1>;
L_000002059b932170 .functor OR 1, L_000002059b932090, L_000002059b931ed0, C4<0>, C4<0>;
L_000002059b931bc0 .functor AND 1, L_000002059bab8c40, L_000002059bab8920, C4<1>, C4<1>;
L_000002059b931ae0 .functor AND 1, L_000002059b931bc0, L_000002059baba7c0, C4<1>, C4<1>;
L_000002059b931a70 .functor AND 1, L_000002059b931ae0, L_000002059baba180, C4<1>, C4<1>;
L_000002059b931e60 .functor OR 1, L_000002059b932170, L_000002059b931a70, C4<0>, C4<0>;
L_000002059b931df0 .functor AND 1, L_000002059baba540, L_000002059bab89c0, C4<1>, C4<1>;
L_000002059b931f40 .functor OR 1, L_000002059babad60, L_000002059b931df0, C4<0>, C4<0>;
L_000002059b931fb0 .functor AND 1, L_000002059bab8f60, L_000002059bab9140, C4<1>, C4<1>;
L_000002059b932020 .functor AND 1, L_000002059b931fb0, L_000002059bab9d20, C4<1>, C4<1>;
L_000002059b931b50 .functor OR 1, L_000002059b931f40, L_000002059b932020, C4<0>, C4<0>;
L_000002059b931c30 .functor AND 1, L_000002059baba680, L_000002059bab8d80, C4<1>, C4<1>;
L_000002059b931d10 .functor AND 1, L_000002059b931c30, L_000002059bab8e20, C4<1>, C4<1>;
L_000002059b931d80 .functor AND 1, L_000002059b931d10, L_000002059bab8ba0, C4<1>, C4<1>;
L_000002059b92e9e0 .functor OR 1, L_000002059b931b50, L_000002059b931d80, C4<0>, C4<0>;
L_000002059b92e4a0 .functor AND 1, L_000002059baba9a0, L_000002059bab9280, C4<1>, C4<1>;
L_000002059b92fd20 .functor AND 1, L_000002059b92e4a0, L_000002059bab9a00, C4<1>, C4<1>;
L_000002059b92f4d0 .functor AND 1, L_000002059b92fd20, L_000002059baba220, C4<1>, C4<1>;
L_000002059b92eb30 .functor AND 1, L_000002059b92f4d0, L_000002059babaf40, C4<1>, C4<1>;
L_000002059b92ec80 .functor OR 1, L_000002059b92e9e0, L_000002059b92eb30, C4<0>, C4<0>;
v000002059b9d4990_0 .net *"_ivl_0", 0 0, L_000002059ba39bd0;  1 drivers
v000002059b9d5070_0 .net *"_ivl_1", 0 0, L_000002059ba38af0;  1 drivers
v000002059b9d6790_0 .net *"_ivl_10", 0 0, L_000002059b930f10;  1 drivers
v000002059b9d4e90_0 .net *"_ivl_12", 0 0, L_000002059b930ff0;  1 drivers
v000002059b9d5110_0 .net *"_ivl_14", 0 0, L_000002059ba39ef0;  1 drivers
v000002059b9d5930_0 .net *"_ivl_15", 0 0, L_000002059ba39450;  1 drivers
v000002059b9d60b0_0 .net *"_ivl_16", 0 0, L_000002059b9314c0;  1 drivers
v000002059b9d6150_0 .net *"_ivl_18", 0 0, L_000002059ba39f90;  1 drivers
v000002059b9d59d0_0 .net *"_ivl_19", 0 0, L_000002059b931530;  1 drivers
v000002059b9d4cb0_0 .net *"_ivl_2", 0 0, L_000002059ba393b0;  1 drivers
v000002059b9d6ab0_0 .net *"_ivl_21", 0 0, L_000002059b931610;  1 drivers
v000002059b9d57f0_0 .net *"_ivl_23", 0 0, L_000002059ba38190;  1 drivers
v000002059b9d6650_0 .net *"_ivl_24", 0 0, L_000002059ba394f0;  1 drivers
v000002059b9d6010_0 .net *"_ivl_25", 0 0, L_000002059ba38230;  1 drivers
v000002059b9d5bb0_0 .net *"_ivl_26", 0 0, L_000002059b931ca0;  1 drivers
v000002059b9d68d0_0 .net *"_ivl_28", 0 0, L_000002059b932090;  1 drivers
v000002059b9d6bf0_0 .net *"_ivl_3", 0 0, L_000002059b9315a0;  1 drivers
v000002059b9d61f0_0 .net *"_ivl_30", 0 0, L_000002059bab9780;  1 drivers
v000002059b9d6970_0 .net *"_ivl_31", 0 0, L_000002059bab9960;  1 drivers
v000002059b9d6a10_0 .net *"_ivl_32", 0 0, L_000002059b932100;  1 drivers
v000002059b9d5250_0 .net *"_ivl_34", 0 0, L_000002059bab91e0;  1 drivers
v000002059b9d5890_0 .net *"_ivl_35", 0 0, L_000002059b931ed0;  1 drivers
v000002059b9d6290_0 .net *"_ivl_37", 0 0, L_000002059b932170;  1 drivers
v000002059b9d6c90_0 .net *"_ivl_39", 0 0, L_000002059bab8c40;  1 drivers
v000002059b9d6330_0 .net *"_ivl_40", 0 0, L_000002059bab8920;  1 drivers
v000002059b9d4df0_0 .net *"_ivl_41", 0 0, L_000002059b931bc0;  1 drivers
v000002059b9d6e70_0 .net *"_ivl_43", 0 0, L_000002059baba7c0;  1 drivers
v000002059b9d5e30_0 .net *"_ivl_44", 0 0, L_000002059b931ae0;  1 drivers
v000002059b9d5c50_0 .net *"_ivl_46", 0 0, L_000002059baba180;  1 drivers
v000002059b9d63d0_0 .net *"_ivl_47", 0 0, L_000002059b931a70;  1 drivers
v000002059b9d52f0_0 .net *"_ivl_49", 0 0, L_000002059b931e60;  1 drivers
v000002059b9d6f10_0 .net *"_ivl_5", 0 0, L_000002059b931370;  1 drivers
v000002059b9d4a30_0 .net *"_ivl_51", 0 0, L_000002059babad60;  1 drivers
v000002059b9d4ad0_0 .net *"_ivl_52", 0 0, L_000002059baba540;  1 drivers
v000002059b9d5cf0_0 .net *"_ivl_53", 0 0, L_000002059bab89c0;  1 drivers
v000002059b9d5ed0_0 .net *"_ivl_54", 0 0, L_000002059b931df0;  1 drivers
v000002059b9d54d0_0 .net *"_ivl_56", 0 0, L_000002059b931f40;  1 drivers
v000002059b9d6470_0 .net *"_ivl_58", 0 0, L_000002059bab8f60;  1 drivers
v000002059b9d5f70_0 .net *"_ivl_59", 0 0, L_000002059bab9140;  1 drivers
v000002059b9d4b70_0 .net *"_ivl_60", 0 0, L_000002059b931fb0;  1 drivers
v000002059b9d4c10_0 .net *"_ivl_62", 0 0, L_000002059bab9d20;  1 drivers
v000002059b9d8a90_0 .net *"_ivl_63", 0 0, L_000002059b932020;  1 drivers
v000002059b9d8130_0 .net *"_ivl_65", 0 0, L_000002059b931b50;  1 drivers
v000002059b9d7690_0 .net *"_ivl_67", 0 0, L_000002059baba680;  1 drivers
v000002059b9d8270_0 .net *"_ivl_68", 0 0, L_000002059bab8d80;  1 drivers
v000002059b9d93f0_0 .net *"_ivl_69", 0 0, L_000002059b931c30;  1 drivers
v000002059b9d8ef0_0 .net *"_ivl_7", 0 0, L_000002059ba38d70;  1 drivers
v000002059b9d9170_0 .net *"_ivl_71", 0 0, L_000002059bab8e20;  1 drivers
v000002059b9d7e10_0 .net *"_ivl_72", 0 0, L_000002059b931d10;  1 drivers
v000002059b9d8e50_0 .net *"_ivl_74", 0 0, L_000002059bab8ba0;  1 drivers
v000002059b9d70f0_0 .net *"_ivl_75", 0 0, L_000002059b931d80;  1 drivers
v000002059b9d7050_0 .net *"_ivl_77", 0 0, L_000002059b92e9e0;  1 drivers
v000002059b9d8f90_0 .net *"_ivl_79", 0 0, L_000002059baba9a0;  1 drivers
v000002059b9d8b30_0 .net *"_ivl_8", 0 0, L_000002059ba38eb0;  1 drivers
v000002059b9d7eb0_0 .net *"_ivl_80", 0 0, L_000002059bab9280;  1 drivers
v000002059b9d7a50_0 .net *"_ivl_81", 0 0, L_000002059b92e4a0;  1 drivers
v000002059b9d9670_0 .net *"_ivl_83", 0 0, L_000002059bab9a00;  1 drivers
v000002059b9d8310_0 .net *"_ivl_84", 0 0, L_000002059b92fd20;  1 drivers
v000002059b9d8950_0 .net *"_ivl_86", 0 0, L_000002059baba220;  1 drivers
v000002059b9d81d0_0 .net *"_ivl_87", 0 0, L_000002059b92f4d0;  1 drivers
v000002059b9d7f50_0 .net *"_ivl_89", 0 0, L_000002059babaf40;  1 drivers
v000002059b9d7190_0 .net *"_ivl_9", 0 0, L_000002059ba39db0;  1 drivers
v000002059b9d86d0_0 .net *"_ivl_90", 0 0, L_000002059b92eb30;  1 drivers
v000002059b9d9490_0 .net *"_ivl_92", 0 0, L_000002059b92ec80;  1 drivers
S_000002059b9d3df0 .scope generate, "cla_blocks[2]" "cla_blocks[2]" 15 15, 15 15 0, S_000002059b9d3170;
 .timescale 0 0;
P_000002059b937e20 .param/l "i" 0 15 15, +C4<010>;
L_000002059b92faf0 .functor AND 1, L_000002059bab9b40, L_000002059bab8ce0, C4<1>, C4<1>;
L_000002059b92eeb0 .functor OR 1, L_000002059babae00, L_000002059b92faf0, C4<0>, C4<0>;
L_000002059b92ea50 .functor AND 1, L_000002059bab8a60, L_000002059bab9320, C4<1>, C4<1>;
L_000002059b92f9a0 .functor OR 1, L_000002059bab90a0, L_000002059b92ea50, C4<0>, C4<0>;
L_000002059b92f5b0 .functor AND 1, L_000002059babaea0, L_000002059babafe0, C4<1>, C4<1>;
L_000002059b92fa10 .functor AND 1, L_000002059b92f5b0, L_000002059baba2c0, C4<1>, C4<1>;
L_000002059b92f460 .functor OR 1, L_000002059b92f9a0, L_000002059b92fa10, C4<0>, C4<0>;
L_000002059b92e270 .functor AND 1, L_000002059bab9000, L_000002059babaa40, C4<1>, C4<1>;
L_000002059b92e2e0 .functor OR 1, L_000002059bab8ec0, L_000002059b92e270, C4<0>, C4<0>;
L_000002059b92e510 .functor AND 1, L_000002059bab9460, L_000002059bab93c0, C4<1>, C4<1>;
L_000002059b92e580 .functor AND 1, L_000002059b92e510, L_000002059bab9aa0, C4<1>, C4<1>;
L_000002059b92eba0 .functor OR 1, L_000002059b92e2e0, L_000002059b92e580, C4<0>, C4<0>;
L_000002059b92edd0 .functor AND 1, L_000002059bab9be0, L_000002059bab9c80, C4<1>, C4<1>;
L_000002059b92e900 .functor AND 1, L_000002059b92edd0, L_000002059bab9dc0, C4<1>, C4<1>;
L_000002059b92e820 .functor AND 1, L_000002059b92e900, L_000002059bab9500, C4<1>, C4<1>;
L_000002059b92ef20 .functor OR 1, L_000002059b92eba0, L_000002059b92e820, C4<0>, C4<0>;
L_000002059b92ee40 .functor AND 1, L_000002059bab8b00, L_000002059bab9640, C4<1>, C4<1>;
L_000002059b92e970 .functor OR 1, L_000002059bab95a0, L_000002059b92ee40, C4<0>, C4<0>;
L_000002059b92f700 .functor AND 1, L_000002059babb080, L_000002059bab9820, C4<1>, C4<1>;
L_000002059b92ef90 .functor AND 1, L_000002059b92f700, L_000002059baba360, C4<1>, C4<1>;
L_000002059b92f070 .functor OR 1, L_000002059b92e970, L_000002059b92ef90, C4<0>, C4<0>;
L_000002059b92f150 .functor AND 1, L_000002059babab80, L_000002059baba5e0, C4<1>, C4<1>;
L_000002059b92f310 .functor AND 1, L_000002059b92f150, L_000002059bab96e0, C4<1>, C4<1>;
L_000002059b92f380 .functor AND 1, L_000002059b92f310, L_000002059babaae0, C4<1>, C4<1>;
L_000002059b92f770 .functor OR 1, L_000002059b92f070, L_000002059b92f380, C4<0>, C4<0>;
L_000002059b92f3f0 .functor AND 1, L_000002059babac20, L_000002059bab98c0, C4<1>, C4<1>;
L_000002059b92f7e0 .functor AND 1, L_000002059b92f3f0, L_000002059bab9e60, C4<1>, C4<1>;
L_000002059b92f8c0 .functor AND 1, L_000002059b92f7e0, L_000002059bab9f00, C4<1>, C4<1>;
L_000002059b92f930 .functor AND 1, L_000002059b92f8c0, L_000002059baba720, C4<1>, C4<1>;
L_000002059b6d2af0 .functor OR 1, L_000002059b92f770, L_000002059b92f930, C4<0>, C4<0>;
v000002059b9d8c70_0 .net *"_ivl_0", 0 0, L_000002059babae00;  1 drivers
v000002059b9d7730_0 .net *"_ivl_1", 0 0, L_000002059bab9b40;  1 drivers
v000002059b9d90d0_0 .net *"_ivl_10", 0 0, L_000002059b92ea50;  1 drivers
v000002059b9d7c30_0 .net *"_ivl_12", 0 0, L_000002059b92f9a0;  1 drivers
v000002059b9d7410_0 .net *"_ivl_14", 0 0, L_000002059babaea0;  1 drivers
v000002059b9d8d10_0 .net *"_ivl_15", 0 0, L_000002059babafe0;  1 drivers
v000002059b9d89f0_0 .net *"_ivl_16", 0 0, L_000002059b92f5b0;  1 drivers
v000002059b9d79b0_0 .net *"_ivl_18", 0 0, L_000002059baba2c0;  1 drivers
v000002059b9d74b0_0 .net *"_ivl_19", 0 0, L_000002059b92fa10;  1 drivers
v000002059b9d9530_0 .net *"_ivl_2", 0 0, L_000002059bab8ce0;  1 drivers
v000002059b9d8630_0 .net *"_ivl_21", 0 0, L_000002059b92f460;  1 drivers
v000002059b9d7ff0_0 .net *"_ivl_23", 0 0, L_000002059bab8ec0;  1 drivers
v000002059b9d8bd0_0 .net *"_ivl_24", 0 0, L_000002059bab9000;  1 drivers
v000002059b9d7910_0 .net *"_ivl_25", 0 0, L_000002059babaa40;  1 drivers
v000002059b9d9210_0 .net *"_ivl_26", 0 0, L_000002059b92e270;  1 drivers
v000002059b9d95d0_0 .net *"_ivl_28", 0 0, L_000002059b92e2e0;  1 drivers
v000002059b9d92b0_0 .net *"_ivl_3", 0 0, L_000002059b92faf0;  1 drivers
v000002059b9d83b0_0 .net *"_ivl_30", 0 0, L_000002059bab9460;  1 drivers
v000002059b9d8450_0 .net *"_ivl_31", 0 0, L_000002059bab93c0;  1 drivers
v000002059b9d7af0_0 .net *"_ivl_32", 0 0, L_000002059b92e510;  1 drivers
v000002059b9d8db0_0 .net *"_ivl_34", 0 0, L_000002059bab9aa0;  1 drivers
v000002059b9d8090_0 .net *"_ivl_35", 0 0, L_000002059b92e580;  1 drivers
v000002059b9d7b90_0 .net *"_ivl_37", 0 0, L_000002059b92eba0;  1 drivers
v000002059b9d9030_0 .net *"_ivl_39", 0 0, L_000002059bab9be0;  1 drivers
v000002059b9d9350_0 .net *"_ivl_40", 0 0, L_000002059bab9c80;  1 drivers
v000002059b9d84f0_0 .net *"_ivl_41", 0 0, L_000002059b92edd0;  1 drivers
v000002059b9d77d0_0 .net *"_ivl_43", 0 0, L_000002059bab9dc0;  1 drivers
v000002059b9d8590_0 .net *"_ivl_44", 0 0, L_000002059b92e900;  1 drivers
v000002059b9d9710_0 .net *"_ivl_46", 0 0, L_000002059bab9500;  1 drivers
v000002059b9d97b0_0 .net *"_ivl_47", 0 0, L_000002059b92e820;  1 drivers
v000002059b9d7230_0 .net *"_ivl_49", 0 0, L_000002059b92ef20;  1 drivers
v000002059b9d8770_0 .net *"_ivl_5", 0 0, L_000002059b92eeb0;  1 drivers
v000002059b9d72d0_0 .net *"_ivl_51", 0 0, L_000002059bab95a0;  1 drivers
v000002059b9d7370_0 .net *"_ivl_52", 0 0, L_000002059bab8b00;  1 drivers
v000002059b9d7550_0 .net *"_ivl_53", 0 0, L_000002059bab9640;  1 drivers
v000002059b9d75f0_0 .net *"_ivl_54", 0 0, L_000002059b92ee40;  1 drivers
v000002059b9d7870_0 .net *"_ivl_56", 0 0, L_000002059b92e970;  1 drivers
v000002059b9d8810_0 .net *"_ivl_58", 0 0, L_000002059babb080;  1 drivers
v000002059b9d7cd0_0 .net *"_ivl_59", 0 0, L_000002059bab9820;  1 drivers
v000002059b9d7d70_0 .net *"_ivl_60", 0 0, L_000002059b92f700;  1 drivers
v000002059b9d88b0_0 .net *"_ivl_62", 0 0, L_000002059baba360;  1 drivers
v000002059b9da430_0 .net *"_ivl_63", 0 0, L_000002059b92ef90;  1 drivers
v000002059b9dbfb0_0 .net *"_ivl_65", 0 0, L_000002059b92f070;  1 drivers
v000002059b9db6f0_0 .net *"_ivl_67", 0 0, L_000002059babab80;  1 drivers
v000002059b9da610_0 .net *"_ivl_68", 0 0, L_000002059baba5e0;  1 drivers
v000002059b9dbd30_0 .net *"_ivl_69", 0 0, L_000002059b92f150;  1 drivers
v000002059b9d9850_0 .net *"_ivl_7", 0 0, L_000002059bab90a0;  1 drivers
v000002059b9daa70_0 .net *"_ivl_71", 0 0, L_000002059bab96e0;  1 drivers
v000002059b9da1b0_0 .net *"_ivl_72", 0 0, L_000002059b92f310;  1 drivers
v000002059b9db5b0_0 .net *"_ivl_74", 0 0, L_000002059babaae0;  1 drivers
v000002059b9dab10_0 .net *"_ivl_75", 0 0, L_000002059b92f380;  1 drivers
v000002059b9dad90_0 .net *"_ivl_77", 0 0, L_000002059b92f770;  1 drivers
v000002059b9db510_0 .net *"_ivl_79", 0 0, L_000002059babac20;  1 drivers
v000002059b9dbb50_0 .net *"_ivl_8", 0 0, L_000002059bab8a60;  1 drivers
v000002059b9d9f30_0 .net *"_ivl_80", 0 0, L_000002059bab98c0;  1 drivers
v000002059b9da6b0_0 .net *"_ivl_81", 0 0, L_000002059b92f3f0;  1 drivers
v000002059b9da390_0 .net *"_ivl_83", 0 0, L_000002059bab9e60;  1 drivers
v000002059b9d98f0_0 .net *"_ivl_84", 0 0, L_000002059b92f7e0;  1 drivers
v000002059b9d9fd0_0 .net *"_ivl_86", 0 0, L_000002059bab9f00;  1 drivers
v000002059b9da570_0 .net *"_ivl_87", 0 0, L_000002059b92f8c0;  1 drivers
v000002059b9db830_0 .net *"_ivl_89", 0 0, L_000002059baba720;  1 drivers
v000002059b9da750_0 .net *"_ivl_9", 0 0, L_000002059bab9320;  1 drivers
v000002059b9d9d50_0 .net *"_ivl_90", 0 0, L_000002059b92f930;  1 drivers
v000002059b9dbdd0_0 .net *"_ivl_92", 0 0, L_000002059b6d2af0;  1 drivers
S_000002059b9d37b0 .scope generate, "cla_blocks[3]" "cla_blocks[3]" 15 15, 15 15 0, S_000002059b9d3170;
 .timescale 0 0;
P_000002059b937fa0 .param/l "i" 0 15 15, +C4<011>;
L_000002059b6d23f0 .functor AND 1, L_000002059baba040, L_000002059baba0e0, C4<1>, C4<1>;
L_000002059b6d24d0 .functor OR 1, L_000002059bab9fa0, L_000002059b6d23f0, C4<0>, C4<0>;
L_000002059b6d27e0 .functor AND 1, L_000002059baba400, L_000002059baba4a0, C4<1>, C4<1>;
L_000002059b6d2e70 .functor OR 1, L_000002059babacc0, L_000002059b6d27e0, C4<0>, C4<0>;
L_000002059b6d2ee0 .functor AND 1, L_000002059baba860, L_000002059baba900, C4<1>, C4<1>;
L_000002059b6d2620 .functor AND 1, L_000002059b6d2ee0, L_000002059babb300, C4<1>, C4<1>;
L_000002059b6d2c40 .functor OR 1, L_000002059b6d2e70, L_000002059b6d2620, C4<0>, C4<0>;
L_000002059b6d2d90 .functor AND 1, L_000002059babbc60, L_000002059babc8e0, C4<1>, C4<1>;
L_000002059b6d2fc0 .functor OR 1, L_000002059babcca0, L_000002059b6d2d90, C4<0>, C4<0>;
L_000002059b6d20e0 .functor AND 1, L_000002059babbd00, L_000002059babd420, C4<1>, C4<1>;
L_000002059b6d2770 .functor AND 1, L_000002059b6d20e0, L_000002059babd380, C4<1>, C4<1>;
L_000002059b6d2690 .functor OR 1, L_000002059b6d2fc0, L_000002059b6d2770, C4<0>, C4<0>;
L_000002059b6d2150 .functor AND 1, L_000002059babb800, L_000002059babd740, C4<1>, C4<1>;
L_000002059b6d2850 .functor AND 1, L_000002059b6d2150, L_000002059babbda0, C4<1>, C4<1>;
L_000002059b6d29a0 .functor AND 1, L_000002059b6d2850, L_000002059babbe40, C4<1>, C4<1>;
L_000002059b6d2bd0 .functor OR 1, L_000002059b6d2690, L_000002059b6d29a0, C4<0>, C4<0>;
L_000002059b6d2cb0 .functor AND 1, L_000002059babce80, L_000002059babc200, C4<1>, C4<1>;
L_000002059b8c0450 .functor OR 1, L_000002059babb760, L_000002059b6d2cb0, C4<0>, C4<0>;
L_000002059b8c0990 .functor AND 1, L_000002059babc2a0, L_000002059babd4c0, C4<1>, C4<1>;
L_000002059b8c05a0 .functor AND 1, L_000002059b8c0990, L_000002059babcde0, C4<1>, C4<1>;
L_000002059b8c06f0 .functor OR 1, L_000002059b8c0450, L_000002059b8c05a0, C4<0>, C4<0>;
L_000002059b8c0610 .functor AND 1, L_000002059babc520, L_000002059babcd40, C4<1>, C4<1>;
L_000002059b8bfab0 .functor AND 1, L_000002059b8c0610, L_000002059babd240, C4<1>, C4<1>;
L_000002059b8bfb90 .functor AND 1, L_000002059b8bfab0, L_000002059babcf20, C4<1>, C4<1>;
L_000002059b8bfce0 .functor OR 1, L_000002059b8c06f0, L_000002059b8bfb90, C4<0>, C4<0>;
L_000002059b76bf60 .functor AND 1, L_000002059babb3a0, L_000002059babcfc0, C4<1>, C4<1>;
L_000002059b76bcc0 .functor AND 1, L_000002059b76bf60, L_000002059babb9e0, C4<1>, C4<1>;
L_000002059b76b710 .functor AND 1, L_000002059b76bcc0, L_000002059babb440, C4<1>, C4<1>;
L_000002059b76bd30 .functor AND 1, L_000002059b76b710, L_000002059babd600, C4<1>, C4<1>;
L_000002059b76be80 .functor OR 1, L_000002059b8bfce0, L_000002059b76bd30, C4<0>, C4<0>;
v000002059b9d9990_0 .net *"_ivl_0", 0 0, L_000002059bab9fa0;  1 drivers
v000002059b9db0b0_0 .net *"_ivl_1", 0 0, L_000002059baba040;  1 drivers
v000002059b9d9a30_0 .net *"_ivl_10", 0 0, L_000002059b6d27e0;  1 drivers
v000002059b9db8d0_0 .net *"_ivl_12", 0 0, L_000002059b6d2e70;  1 drivers
v000002059b9da4d0_0 .net *"_ivl_14", 0 0, L_000002059baba860;  1 drivers
v000002059b9db970_0 .net *"_ivl_15", 0 0, L_000002059baba900;  1 drivers
v000002059b9db650_0 .net *"_ivl_16", 0 0, L_000002059b6d2ee0;  1 drivers
v000002059b9da070_0 .net *"_ivl_18", 0 0, L_000002059babb300;  1 drivers
v000002059b9da110_0 .net *"_ivl_19", 0 0, L_000002059b6d2620;  1 drivers
v000002059b9da2f0_0 .net *"_ivl_2", 0 0, L_000002059baba0e0;  1 drivers
v000002059b9d9e90_0 .net *"_ivl_21", 0 0, L_000002059b6d2c40;  1 drivers
v000002059b9da250_0 .net *"_ivl_23", 0 0, L_000002059babcca0;  1 drivers
v000002059b9dba10_0 .net *"_ivl_24", 0 0, L_000002059babbc60;  1 drivers
v000002059b9db790_0 .net *"_ivl_25", 0 0, L_000002059babc8e0;  1 drivers
v000002059b9dabb0_0 .net *"_ivl_26", 0 0, L_000002059b6d2d90;  1 drivers
v000002059b9db290_0 .net *"_ivl_28", 0 0, L_000002059b6d2fc0;  1 drivers
v000002059b9dbbf0_0 .net *"_ivl_3", 0 0, L_000002059b6d23f0;  1 drivers
v000002059b9da9d0_0 .net *"_ivl_30", 0 0, L_000002059babbd00;  1 drivers
v000002059b9da7f0_0 .net *"_ivl_31", 0 0, L_000002059babd420;  1 drivers
v000002059b9da890_0 .net *"_ivl_32", 0 0, L_000002059b6d20e0;  1 drivers
v000002059b9dacf0_0 .net *"_ivl_34", 0 0, L_000002059babd380;  1 drivers
v000002059b9da930_0 .net *"_ivl_35", 0 0, L_000002059b6d2770;  1 drivers
v000002059b9dac50_0 .net *"_ivl_37", 0 0, L_000002059b6d2690;  1 drivers
v000002059b9db470_0 .net *"_ivl_39", 0 0, L_000002059babb800;  1 drivers
v000002059b9dbab0_0 .net *"_ivl_40", 0 0, L_000002059babd740;  1 drivers
v000002059b9dae30_0 .net *"_ivl_41", 0 0, L_000002059b6d2150;  1 drivers
v000002059b9db3d0_0 .net *"_ivl_43", 0 0, L_000002059babbda0;  1 drivers
v000002059b9daed0_0 .net *"_ivl_44", 0 0, L_000002059b6d2850;  1 drivers
v000002059b9d9c10_0 .net *"_ivl_46", 0 0, L_000002059babbe40;  1 drivers
v000002059b9daf70_0 .net *"_ivl_47", 0 0, L_000002059b6d29a0;  1 drivers
v000002059b9d9b70_0 .net *"_ivl_49", 0 0, L_000002059b6d2bd0;  1 drivers
v000002059b9db010_0 .net *"_ivl_5", 0 0, L_000002059b6d24d0;  1 drivers
v000002059b9db150_0 .net *"_ivl_51", 0 0, L_000002059babb760;  1 drivers
v000002059b9db1f0_0 .net *"_ivl_52", 0 0, L_000002059babce80;  1 drivers
v000002059b9db330_0 .net *"_ivl_53", 0 0, L_000002059babc200;  1 drivers
v000002059b9d9df0_0 .net *"_ivl_54", 0 0, L_000002059b6d2cb0;  1 drivers
v000002059b9dbc90_0 .net *"_ivl_56", 0 0, L_000002059b8c0450;  1 drivers
v000002059b9dbe70_0 .net *"_ivl_58", 0 0, L_000002059babc2a0;  1 drivers
v000002059b9dbf10_0 .net *"_ivl_59", 0 0, L_000002059babd4c0;  1 drivers
v000002059b9d9ad0_0 .net *"_ivl_60", 0 0, L_000002059b8c0990;  1 drivers
v000002059b9d9cb0_0 .net *"_ivl_62", 0 0, L_000002059babcde0;  1 drivers
v000002059b9dd9f0_0 .net *"_ivl_63", 0 0, L_000002059b8c05a0;  1 drivers
v000002059b9dda90_0 .net *"_ivl_65", 0 0, L_000002059b8c06f0;  1 drivers
v000002059b9dde50_0 .net *"_ivl_67", 0 0, L_000002059babc520;  1 drivers
v000002059b9dd950_0 .net *"_ivl_68", 0 0, L_000002059babcd40;  1 drivers
v000002059b9dd6d0_0 .net *"_ivl_69", 0 0, L_000002059b8c0610;  1 drivers
v000002059b9dd1d0_0 .net *"_ivl_7", 0 0, L_000002059babacc0;  1 drivers
v000002059b9dc870_0 .net *"_ivl_71", 0 0, L_000002059babd240;  1 drivers
v000002059b9dd590_0 .net *"_ivl_72", 0 0, L_000002059b8bfab0;  1 drivers
v000002059b9de670_0 .net *"_ivl_74", 0 0, L_000002059babcf20;  1 drivers
v000002059b9de530_0 .net *"_ivl_75", 0 0, L_000002059b8bfb90;  1 drivers
v000002059b9de5d0_0 .net *"_ivl_77", 0 0, L_000002059b8bfce0;  1 drivers
v000002059b9dc690_0 .net *"_ivl_79", 0 0, L_000002059babb3a0;  1 drivers
v000002059b9de2b0_0 .net *"_ivl_8", 0 0, L_000002059baba400;  1 drivers
v000002059b9dd630_0 .net *"_ivl_80", 0 0, L_000002059babcfc0;  1 drivers
v000002059b9dd810_0 .net *"_ivl_81", 0 0, L_000002059b76bf60;  1 drivers
v000002059b9dcd70_0 .net *"_ivl_83", 0 0, L_000002059babb9e0;  1 drivers
v000002059b9dc7d0_0 .net *"_ivl_84", 0 0, L_000002059b76bcc0;  1 drivers
v000002059b9dd310_0 .net *"_ivl_86", 0 0, L_000002059babb440;  1 drivers
v000002059b9dcb90_0 .net *"_ivl_87", 0 0, L_000002059b76b710;  1 drivers
v000002059b9dc2d0_0 .net *"_ivl_89", 0 0, L_000002059babd600;  1 drivers
v000002059b9dd770_0 .net *"_ivl_9", 0 0, L_000002059baba4a0;  1 drivers
v000002059b9dddb0_0 .net *"_ivl_90", 0 0, L_000002059b76bd30;  1 drivers
v000002059b9de490_0 .net *"_ivl_92", 0 0, L_000002059b76be80;  1 drivers
S_000002059b9d3490 .scope generate, "cla_blocks[4]" "cla_blocks[4]" 15 15, 15 15 0, S_000002059b9d3170;
 .timescale 0 0;
P_000002059b9377e0 .param/l "i" 0 15 15, +C4<0100>;
L_000002059b341550 .functor AND 1, L_000002059babd060, L_000002059babd6a0, C4<1>, C4<1>;
L_000002059b36c360 .functor OR 1, L_000002059babba80, L_000002059b341550, C4<0>, C4<0>;
L_000002059bada2b0 .functor AND 1, L_000002059babbf80, L_000002059babc700, C4<1>, C4<1>;
L_000002059bad8e20 .functor OR 1, L_000002059babd560, L_000002059bada2b0, C4<0>, C4<0>;
L_000002059bad9600 .functor AND 1, L_000002059babbee0, L_000002059babd100, C4<1>, C4<1>;
L_000002059bada240 .functor AND 1, L_000002059bad9600, L_000002059babbb20, C4<1>, C4<1>;
L_000002059bad8cd0 .functor OR 1, L_000002059bad8e20, L_000002059bada240, C4<0>, C4<0>;
L_000002059bad99f0 .functor AND 1, L_000002059babd1a0, L_000002059babc5c0, C4<1>, C4<1>;
L_000002059bad9d00 .functor OR 1, L_000002059babd7e0, L_000002059bad99f0, C4<0>, C4<0>;
L_000002059bada010 .functor AND 1, L_000002059babd2e0, L_000002059babd880, C4<1>, C4<1>;
L_000002059bada1d0 .functor AND 1, L_000002059bada010, L_000002059babc0c0, C4<1>, C4<1>;
L_000002059bad90c0 .functor OR 1, L_000002059bad9d00, L_000002059bada1d0, C4<0>, C4<0>;
L_000002059bad94b0 .functor AND 1, L_000002059babb120, L_000002059babcac0, C4<1>, C4<1>;
L_000002059bad9210 .functor AND 1, L_000002059bad94b0, L_000002059babbbc0, C4<1>, C4<1>;
L_000002059bad9520 .functor AND 1, L_000002059bad9210, L_000002059babc340, C4<1>, C4<1>;
L_000002059bada390 .functor OR 1, L_000002059bad90c0, L_000002059bad9520, C4<0>, C4<0>;
L_000002059bada0f0 .functor AND 1, L_000002059babc3e0, L_000002059babb4e0, C4<1>, C4<1>;
L_000002059bada320 .functor OR 1, L_000002059babb1c0, L_000002059bada0f0, C4<0>, C4<0>;
L_000002059bad8fe0 .functor AND 1, L_000002059babb8a0, L_000002059babb260, C4<1>, C4<1>;
L_000002059bada080 .functor AND 1, L_000002059bad8fe0, L_000002059babc480, C4<1>, C4<1>;
L_000002059bada400 .functor OR 1, L_000002059bada320, L_000002059bada080, C4<0>, C4<0>;
L_000002059bad9ad0 .functor AND 1, L_000002059babb6c0, L_000002059babc020, C4<1>, C4<1>;
L_000002059bad9280 .functor AND 1, L_000002059bad9ad0, L_000002059babb580, C4<1>, C4<1>;
L_000002059bad9d70 .functor AND 1, L_000002059bad9280, L_000002059babb620, C4<1>, C4<1>;
L_000002059bad8f70 .functor OR 1, L_000002059bada400, L_000002059bad9d70, C4<0>, C4<0>;
L_000002059bada160 .functor AND 1, L_000002059babcc00, L_000002059babb940, C4<1>, C4<1>;
L_000002059bad9bb0 .functor AND 1, L_000002059bada160, L_000002059babc160, C4<1>, C4<1>;
L_000002059bada470 .functor AND 1, L_000002059bad9bb0, L_000002059babc660, C4<1>, C4<1>;
L_000002059bad9440 .functor AND 1, L_000002059bada470, L_000002059babc7a0, C4<1>, C4<1>;
L_000002059bad9130 .functor OR 1, L_000002059bad8f70, L_000002059bad9440, C4<0>, C4<0>;
v000002059b9de7b0_0 .net *"_ivl_0", 0 0, L_000002059babba80;  1 drivers
v000002059b9dc050_0 .net *"_ivl_1", 0 0, L_000002059babd060;  1 drivers
v000002059b9ddb30_0 .net *"_ivl_10", 0 0, L_000002059bada2b0;  1 drivers
v000002059b9dc0f0_0 .net *"_ivl_12", 0 0, L_000002059bad8e20;  1 drivers
v000002059b9dd270_0 .net *"_ivl_14", 0 0, L_000002059babbee0;  1 drivers
v000002059b9ddef0_0 .net *"_ivl_15", 0 0, L_000002059babd100;  1 drivers
v000002059b9dd3b0_0 .net *"_ivl_16", 0 0, L_000002059bad9600;  1 drivers
v000002059b9ddd10_0 .net *"_ivl_18", 0 0, L_000002059babbb20;  1 drivers
v000002059b9dc190_0 .net *"_ivl_19", 0 0, L_000002059bada240;  1 drivers
v000002059b9dcaf0_0 .net *"_ivl_2", 0 0, L_000002059babd6a0;  1 drivers
v000002059b9dc370_0 .net *"_ivl_21", 0 0, L_000002059bad8cd0;  1 drivers
v000002059b9de3f0_0 .net *"_ivl_23", 0 0, L_000002059babd7e0;  1 drivers
v000002059b9de710_0 .net *"_ivl_24", 0 0, L_000002059babd1a0;  1 drivers
v000002059b9dc230_0 .net *"_ivl_25", 0 0, L_000002059babc5c0;  1 drivers
v000002059b9dc410_0 .net *"_ivl_26", 0 0, L_000002059bad99f0;  1 drivers
v000002059b9dd450_0 .net *"_ivl_28", 0 0, L_000002059bad9d00;  1 drivers
v000002059b9dc910_0 .net *"_ivl_3", 0 0, L_000002059b341550;  1 drivers
v000002059b9dce10_0 .net *"_ivl_30", 0 0, L_000002059babd2e0;  1 drivers
v000002059b9dc4b0_0 .net *"_ivl_31", 0 0, L_000002059babd880;  1 drivers
v000002059b9dd130_0 .net *"_ivl_32", 0 0, L_000002059bada010;  1 drivers
v000002059b9de350_0 .net *"_ivl_34", 0 0, L_000002059babc0c0;  1 drivers
v000002059b9dd8b0_0 .net *"_ivl_35", 0 0, L_000002059bada1d0;  1 drivers
v000002059b9ddbd0_0 .net *"_ivl_37", 0 0, L_000002059bad90c0;  1 drivers
v000002059b9dc550_0 .net *"_ivl_39", 0 0, L_000002059babb120;  1 drivers
v000002059b9dc5f0_0 .net *"_ivl_40", 0 0, L_000002059babcac0;  1 drivers
v000002059b9ddf90_0 .net *"_ivl_41", 0 0, L_000002059bad94b0;  1 drivers
v000002059b9dceb0_0 .net *"_ivl_43", 0 0, L_000002059babbbc0;  1 drivers
v000002059b9dc730_0 .net *"_ivl_44", 0 0, L_000002059bad9210;  1 drivers
v000002059b9dc9b0_0 .net *"_ivl_46", 0 0, L_000002059babc340;  1 drivers
v000002059b9dd4f0_0 .net *"_ivl_47", 0 0, L_000002059bad9520;  1 drivers
v000002059b9dca50_0 .net *"_ivl_49", 0 0, L_000002059bada390;  1 drivers
v000002059b9de030_0 .net *"_ivl_5", 0 0, L_000002059b36c360;  1 drivers
v000002059b9ddc70_0 .net *"_ivl_51", 0 0, L_000002059babb1c0;  1 drivers
v000002059b9de0d0_0 .net *"_ivl_52", 0 0, L_000002059babc3e0;  1 drivers
v000002059b9de170_0 .net *"_ivl_53", 0 0, L_000002059babb4e0;  1 drivers
v000002059b9dcc30_0 .net *"_ivl_54", 0 0, L_000002059bada0f0;  1 drivers
v000002059b9dccd0_0 .net *"_ivl_56", 0 0, L_000002059bada320;  1 drivers
v000002059b9dcf50_0 .net *"_ivl_58", 0 0, L_000002059babb8a0;  1 drivers
v000002059b9dcff0_0 .net *"_ivl_59", 0 0, L_000002059babb260;  1 drivers
v000002059b9dd090_0 .net *"_ivl_60", 0 0, L_000002059bad8fe0;  1 drivers
v000002059b9de210_0 .net *"_ivl_62", 0 0, L_000002059babc480;  1 drivers
v000002059b9df570_0 .net *"_ivl_63", 0 0, L_000002059bada080;  1 drivers
v000002059b9e0830_0 .net *"_ivl_65", 0 0, L_000002059bada400;  1 drivers
v000002059b9df610_0 .net *"_ivl_67", 0 0, L_000002059babb6c0;  1 drivers
v000002059b9ded50_0 .net *"_ivl_68", 0 0, L_000002059babc020;  1 drivers
v000002059b9e0dd0_0 .net *"_ivl_69", 0 0, L_000002059bad9ad0;  1 drivers
v000002059b9dfbb0_0 .net *"_ivl_7", 0 0, L_000002059babd560;  1 drivers
v000002059b9e0010_0 .net *"_ivl_71", 0 0, L_000002059babb580;  1 drivers
v000002059b9deb70_0 .net *"_ivl_72", 0 0, L_000002059bad9280;  1 drivers
v000002059b9df6b0_0 .net *"_ivl_74", 0 0, L_000002059babb620;  1 drivers
v000002059b9df070_0 .net *"_ivl_75", 0 0, L_000002059bad9d70;  1 drivers
v000002059b9de850_0 .net *"_ivl_77", 0 0, L_000002059bad8f70;  1 drivers
v000002059b9e0f10_0 .net *"_ivl_79", 0 0, L_000002059babcc00;  1 drivers
v000002059b9def30_0 .net *"_ivl_8", 0 0, L_000002059babbf80;  1 drivers
v000002059b9e00b0_0 .net *"_ivl_80", 0 0, L_000002059babb940;  1 drivers
v000002059b9df930_0 .net *"_ivl_81", 0 0, L_000002059bada160;  1 drivers
v000002059b9e0150_0 .net *"_ivl_83", 0 0, L_000002059babc160;  1 drivers
v000002059b9e01f0_0 .net *"_ivl_84", 0 0, L_000002059bad9bb0;  1 drivers
v000002059b9df9d0_0 .net *"_ivl_86", 0 0, L_000002059babc660;  1 drivers
v000002059b9df750_0 .net *"_ivl_87", 0 0, L_000002059bada470;  1 drivers
v000002059b9de8f0_0 .net *"_ivl_89", 0 0, L_000002059babc7a0;  1 drivers
v000002059b9dfed0_0 .net *"_ivl_9", 0 0, L_000002059babc700;  1 drivers
v000002059b9e0c90_0 .net *"_ivl_90", 0 0, L_000002059bad9440;  1 drivers
v000002059b9e0510_0 .net *"_ivl_92", 0 0, L_000002059bad9130;  1 drivers
S_000002059b9d2810 .scope generate, "cla_blocks[5]" "cla_blocks[5]" 15 15, 15 15 0, S_000002059b9d3170;
 .timescale 0 0;
P_000002059b937b20 .param/l "i" 0 15 15, +C4<0101>;
L_000002059bad88e0 .functor AND 1, L_000002059babcb60, L_000002059babc980, C4<1>, C4<1>;
L_000002059bad8aa0 .functor OR 1, L_000002059babc840, L_000002059bad88e0, C4<0>, C4<0>;
L_000002059bad9e50 .functor AND 1, L_000002059babe140, L_000002059babe1e0, C4<1>, C4<1>;
L_000002059bad91a0 .functor OR 1, L_000002059babca20, L_000002059bad9e50, C4<0>, C4<0>;
L_000002059bad9670 .functor AND 1, L_000002059babfea0, L_000002059babf180, C4<1>, C4<1>;
L_000002059bad9c90 .functor AND 1, L_000002059bad9670, L_000002059babfd60, C4<1>, C4<1>;
L_000002059bad92f0 .functor OR 1, L_000002059bad91a0, L_000002059bad9c90, C4<0>, C4<0>;
L_000002059bad9360 .functor AND 1, L_000002059babdb00, L_000002059babdf60, C4<1>, C4<1>;
L_000002059bad8950 .functor OR 1, L_000002059babf0e0, L_000002059bad9360, C4<0>, C4<0>;
L_000002059bad89c0 .functor AND 1, L_000002059babe460, L_000002059babf220, C4<1>, C4<1>;
L_000002059bad9de0 .functor AND 1, L_000002059bad89c0, L_000002059babdd80, C4<1>, C4<1>;
L_000002059bad8d40 .functor OR 1, L_000002059bad8950, L_000002059bad9de0, C4<0>, C4<0>;
L_000002059bad9ec0 .functor AND 1, L_000002059babf7c0, L_000002059babdba0, C4<1>, C4<1>;
L_000002059bad93d0 .functor AND 1, L_000002059bad9ec0, L_000002059babf860, C4<1>, C4<1>;
L_000002059bad8a30 .functor AND 1, L_000002059bad93d0, L_000002059babdc40, C4<1>, C4<1>;
L_000002059bad9590 .functor OR 1, L_000002059bad8d40, L_000002059bad8a30, C4<0>, C4<0>;
L_000002059bad9050 .functor AND 1, L_000002059babe280, L_000002059babeaa0, C4<1>, C4<1>;
L_000002059bad98a0 .functor OR 1, L_000002059babf360, L_000002059bad9050, C4<0>, C4<0>;
L_000002059bad8db0 .functor AND 1, L_000002059babe000, L_000002059babe820, C4<1>, C4<1>;
L_000002059bad9f30 .functor AND 1, L_000002059bad8db0, L_000002059babef00, C4<1>, C4<1>;
L_000002059bad8f00 .functor OR 1, L_000002059bad98a0, L_000002059bad9f30, C4<0>, C4<0>;
L_000002059bad8b10 .functor AND 1, L_000002059babd920, L_000002059babfe00, C4<1>, C4<1>;
L_000002059bad96e0 .functor AND 1, L_000002059bad8b10, L_000002059babd9c0, C4<1>, C4<1>;
L_000002059bad9750 .functor AND 1, L_000002059bad96e0, L_000002059babe5a0, C4<1>, C4<1>;
L_000002059bad9b40 .functor OR 1, L_000002059bad8f00, L_000002059bad9750, C4<0>, C4<0>;
L_000002059bad9c20 .functor AND 1, L_000002059babda60, L_000002059babe6e0, C4<1>, C4<1>;
L_000002059bad97c0 .functor AND 1, L_000002059bad9c20, L_000002059babf5e0, C4<1>, C4<1>;
L_000002059bad9830 .functor AND 1, L_000002059bad97c0, L_000002059babe320, C4<1>, C4<1>;
L_000002059bad9980 .functor AND 1, L_000002059bad9830, L_000002059babfae0, C4<1>, C4<1>;
L_000002059bad9fa0 .functor OR 1, L_000002059bad9b40, L_000002059bad9980, C4<0>, C4<0>;
v000002059b9e0b50_0 .net *"_ivl_0", 0 0, L_000002059babc840;  1 drivers
v000002059b9df110_0 .net *"_ivl_1", 0 0, L_000002059babcb60;  1 drivers
v000002059b9e0650_0 .net *"_ivl_10", 0 0, L_000002059bad9e50;  1 drivers
v000002059b9dee90_0 .net *"_ivl_12", 0 0, L_000002059bad91a0;  1 drivers
v000002059b9df7f0_0 .net *"_ivl_14", 0 0, L_000002059babfea0;  1 drivers
v000002059b9dec10_0 .net *"_ivl_15", 0 0, L_000002059babf180;  1 drivers
v000002059b9dfc50_0 .net *"_ivl_16", 0 0, L_000002059bad9670;  1 drivers
v000002059b9df1b0_0 .net *"_ivl_18", 0 0, L_000002059babfd60;  1 drivers
v000002059b9df250_0 .net *"_ivl_19", 0 0, L_000002059bad9c90;  1 drivers
v000002059b9e0290_0 .net *"_ivl_2", 0 0, L_000002059babc980;  1 drivers
v000002059b9dfa70_0 .net *"_ivl_21", 0 0, L_000002059bad92f0;  1 drivers
v000002059b9e0bf0_0 .net *"_ivl_23", 0 0, L_000002059babf0e0;  1 drivers
v000002059b9e0790_0 .net *"_ivl_24", 0 0, L_000002059babdb00;  1 drivers
v000002059b9df390_0 .net *"_ivl_25", 0 0, L_000002059babdf60;  1 drivers
v000002059b9df2f0_0 .net *"_ivl_26", 0 0, L_000002059bad9360;  1 drivers
v000002059b9e08d0_0 .net *"_ivl_28", 0 0, L_000002059bad8950;  1 drivers
v000002059b9dfcf0_0 .net *"_ivl_3", 0 0, L_000002059bad88e0;  1 drivers
v000002059b9e0d30_0 .net *"_ivl_30", 0 0, L_000002059babe460;  1 drivers
v000002059b9e06f0_0 .net *"_ivl_31", 0 0, L_000002059babf220;  1 drivers
v000002059b9df890_0 .net *"_ivl_32", 0 0, L_000002059bad89c0;  1 drivers
v000002059b9df430_0 .net *"_ivl_34", 0 0, L_000002059babdd80;  1 drivers
v000002059b9e0e70_0 .net *"_ivl_35", 0 0, L_000002059bad9de0;  1 drivers
v000002059b9de990_0 .net *"_ivl_37", 0 0, L_000002059bad8d40;  1 drivers
v000002059b9decb0_0 .net *"_ivl_39", 0 0, L_000002059babf7c0;  1 drivers
v000002059b9dfb10_0 .net *"_ivl_40", 0 0, L_000002059babdba0;  1 drivers
v000002059b9df4d0_0 .net *"_ivl_41", 0 0, L_000002059bad9ec0;  1 drivers
v000002059b9dfd90_0 .net *"_ivl_43", 0 0, L_000002059babf860;  1 drivers
v000002059b9dead0_0 .net *"_ivl_44", 0 0, L_000002059bad93d0;  1 drivers
v000002059b9dfe30_0 .net *"_ivl_46", 0 0, L_000002059babdc40;  1 drivers
v000002059b9dedf0_0 .net *"_ivl_47", 0 0, L_000002059bad8a30;  1 drivers
v000002059b9e0330_0 .net *"_ivl_49", 0 0, L_000002059bad9590;  1 drivers
v000002059b9defd0_0 .net *"_ivl_5", 0 0, L_000002059bad8aa0;  1 drivers
v000002059b9dff70_0 .net *"_ivl_51", 0 0, L_000002059babf360;  1 drivers
v000002059b9e03d0_0 .net *"_ivl_52", 0 0, L_000002059babe280;  1 drivers
v000002059b9e0fb0_0 .net *"_ivl_53", 0 0, L_000002059babeaa0;  1 drivers
v000002059b9e0470_0 .net *"_ivl_54", 0 0, L_000002059bad9050;  1 drivers
v000002059b9e05b0_0 .net *"_ivl_56", 0 0, L_000002059bad98a0;  1 drivers
v000002059b9e0970_0 .net *"_ivl_58", 0 0, L_000002059babe000;  1 drivers
v000002059b9e0a10_0 .net *"_ivl_59", 0 0, L_000002059babe820;  1 drivers
v000002059b9e0ab0_0 .net *"_ivl_60", 0 0, L_000002059bad8db0;  1 drivers
v000002059b9dea30_0 .net *"_ivl_62", 0 0, L_000002059babef00;  1 drivers
v000002059b9e1690_0 .net *"_ivl_63", 0 0, L_000002059bad9f30;  1 drivers
v000002059b9e3170_0 .net *"_ivl_65", 0 0, L_000002059bad8f00;  1 drivers
v000002059b9e2db0_0 .net *"_ivl_67", 0 0, L_000002059babd920;  1 drivers
v000002059b9e2310_0 .net *"_ivl_68", 0 0, L_000002059babfe00;  1 drivers
v000002059b9e2a90_0 .net *"_ivl_69", 0 0, L_000002059bad8b10;  1 drivers
v000002059b9e33f0_0 .net *"_ivl_7", 0 0, L_000002059babca20;  1 drivers
v000002059b9e21d0_0 .net *"_ivl_71", 0 0, L_000002059babd9c0;  1 drivers
v000002059b9e1f50_0 .net *"_ivl_72", 0 0, L_000002059bad96e0;  1 drivers
v000002059b9e1ff0_0 .net *"_ivl_74", 0 0, L_000002059babe5a0;  1 drivers
v000002059b9e24f0_0 .net *"_ivl_75", 0 0, L_000002059bad9750;  1 drivers
v000002059b9e2090_0 .net *"_ivl_77", 0 0, L_000002059bad9b40;  1 drivers
v000002059b9e1730_0 .net *"_ivl_79", 0 0, L_000002059babda60;  1 drivers
v000002059b9e2c70_0 .net *"_ivl_8", 0 0, L_000002059babe140;  1 drivers
v000002059b9e28b0_0 .net *"_ivl_80", 0 0, L_000002059babe6e0;  1 drivers
v000002059b9e3670_0 .net *"_ivl_81", 0 0, L_000002059bad9c20;  1 drivers
v000002059b9e2e50_0 .net *"_ivl_83", 0 0, L_000002059babf5e0;  1 drivers
v000002059b9e1050_0 .net *"_ivl_84", 0 0, L_000002059bad97c0;  1 drivers
v000002059b9e2950_0 .net *"_ivl_86", 0 0, L_000002059babe320;  1 drivers
v000002059b9e2d10_0 .net *"_ivl_87", 0 0, L_000002059bad9830;  1 drivers
v000002059b9e29f0_0 .net *"_ivl_89", 0 0, L_000002059babfae0;  1 drivers
v000002059b9e19b0_0 .net *"_ivl_9", 0 0, L_000002059babe1e0;  1 drivers
v000002059b9e14b0_0 .net *"_ivl_90", 0 0, L_000002059bad9980;  1 drivers
v000002059b9e1870_0 .net *"_ivl_92", 0 0, L_000002059bad9fa0;  1 drivers
S_000002059b9d3c60 .scope generate, "cla_blocks[6]" "cla_blocks[6]" 15 15, 15 15 0, S_000002059b9d3170;
 .timescale 0 0;
P_000002059b937d20 .param/l "i" 0 15 15, +C4<0110>;
L_000002059bad9910 .functor AND 1, L_000002059babffe0, L_000002059babfc20, C4<1>, C4<1>;
L_000002059bad9a60 .functor OR 1, L_000002059babfb80, L_000002059bad9910, C4<0>, C4<0>;
L_000002059bad8b80 .functor AND 1, L_000002059babff40, L_000002059babf9a0, C4<1>, C4<1>;
L_000002059bad8bf0 .functor OR 1, L_000002059babe0a0, L_000002059bad8b80, C4<0>, C4<0>;
L_000002059bad8c60 .functor AND 1, L_000002059babe640, L_000002059babf2c0, C4<1>, C4<1>;
L_000002059bad8e90 .functor AND 1, L_000002059bad8c60, L_000002059babf900, C4<1>, C4<1>;
L_000002059badb0b0 .functor OR 1, L_000002059bad8bf0, L_000002059bad8e90, C4<0>, C4<0>;
L_000002059badafd0 .functor AND 1, L_000002059babe3c0, L_000002059babf4a0, C4<1>, C4<1>;
L_000002059badb4a0 .functor OR 1, L_000002059babde20, L_000002059badafd0, C4<0>, C4<0>;
L_000002059badb270 .functor AND 1, L_000002059babf680, L_000002059babe960, C4<1>, C4<1>;
L_000002059badbeb0 .functor AND 1, L_000002059badb270, L_000002059babe780, C4<1>, C4<1>;
L_000002059badb740 .functor OR 1, L_000002059badb4a0, L_000002059badbeb0, C4<0>, C4<0>;
L_000002059badb580 .functor AND 1, L_000002059babfa40, L_000002059babe8c0, C4<1>, C4<1>;
L_000002059bada7f0 .functor AND 1, L_000002059badb580, L_000002059babf400, C4<1>, C4<1>;
L_000002059badbcf0 .functor AND 1, L_000002059bada7f0, L_000002059babeb40, C4<1>, C4<1>;
L_000002059badb970 .functor OR 1, L_000002059badb740, L_000002059badbcf0, C4<0>, C4<0>;
L_000002059badada0 .functor AND 1, L_000002059babfcc0, L_000002059babf540, C4<1>, C4<1>;
L_000002059badaf60 .functor OR 1, L_000002059babec80, L_000002059badada0, C4<0>, C4<0>;
L_000002059badae10 .functor AND 1, L_000002059babebe0, L_000002059bac0080, C4<1>, C4<1>;
L_000002059badb7b0 .functor AND 1, L_000002059badae10, L_000002059babed20, C4<1>, C4<1>;
L_000002059badbc10 .functor OR 1, L_000002059badaf60, L_000002059badb7b0, C4<0>, C4<0>;
L_000002059badac50 .functor AND 1, L_000002059babea00, L_000002059babdce0, C4<1>, C4<1>;
L_000002059badaa90 .functor AND 1, L_000002059badac50, L_000002059babdec0, C4<1>, C4<1>;
L_000002059badb120 .functor AND 1, L_000002059badaa90, L_000002059babf720, C4<1>, C4<1>;
L_000002059badba50 .functor OR 1, L_000002059badbc10, L_000002059badb120, C4<0>, C4<0>;
L_000002059badb190 .functor AND 1, L_000002059babefa0, L_000002059babedc0, C4<1>, C4<1>;
L_000002059badb510 .functor AND 1, L_000002059badb190, L_000002059babe500, C4<1>, C4<1>;
L_000002059badbf20 .functor AND 1, L_000002059badb510, L_000002059babee60, C4<1>, C4<1>;
L_000002059badaef0 .functor AND 1, L_000002059badbf20, L_000002059babf040, C4<1>, C4<1>;
L_000002059badbf90 .functor OR 1, L_000002059badba50, L_000002059badaef0, C4<0>, C4<0>;
v000002059b9e2b30_0 .net *"_ivl_0", 0 0, L_000002059babfb80;  1 drivers
v000002059b9e1d70_0 .net *"_ivl_1", 0 0, L_000002059babffe0;  1 drivers
v000002059b9e1910_0 .net *"_ivl_10", 0 0, L_000002059bad8b80;  1 drivers
v000002059b9e3210_0 .net *"_ivl_12", 0 0, L_000002059bad8bf0;  1 drivers
v000002059b9e2130_0 .net *"_ivl_14", 0 0, L_000002059babe640;  1 drivers
v000002059b9e2ef0_0 .net *"_ivl_15", 0 0, L_000002059babf2c0;  1 drivers
v000002059b9e2bd0_0 .net *"_ivl_16", 0 0, L_000002059bad8c60;  1 drivers
v000002059b9e26d0_0 .net *"_ivl_18", 0 0, L_000002059babf900;  1 drivers
v000002059b9e2270_0 .net *"_ivl_19", 0 0, L_000002059bad8e90;  1 drivers
v000002059b9e1190_0 .net *"_ivl_2", 0 0, L_000002059babfc20;  1 drivers
v000002059b9e1410_0 .net *"_ivl_21", 0 0, L_000002059badb0b0;  1 drivers
v000002059b9e1e10_0 .net *"_ivl_23", 0 0, L_000002059babde20;  1 drivers
v000002059b9e1a50_0 .net *"_ivl_24", 0 0, L_000002059babe3c0;  1 drivers
v000002059b9e23b0_0 .net *"_ivl_25", 0 0, L_000002059babf4a0;  1 drivers
v000002059b9e12d0_0 .net *"_ivl_26", 0 0, L_000002059badafd0;  1 drivers
v000002059b9e1eb0_0 .net *"_ivl_28", 0 0, L_000002059badb4a0;  1 drivers
v000002059b9e1550_0 .net *"_ivl_3", 0 0, L_000002059bad9910;  1 drivers
v000002059b9e2f90_0 .net *"_ivl_30", 0 0, L_000002059babf680;  1 drivers
v000002059b9e15f0_0 .net *"_ivl_31", 0 0, L_000002059babe960;  1 drivers
v000002059b9e1370_0 .net *"_ivl_32", 0 0, L_000002059badb270;  1 drivers
v000002059b9e1af0_0 .net *"_ivl_34", 0 0, L_000002059babe780;  1 drivers
v000002059b9e3530_0 .net *"_ivl_35", 0 0, L_000002059badbeb0;  1 drivers
v000002059b9e17d0_0 .net *"_ivl_37", 0 0, L_000002059badb740;  1 drivers
v000002059b9e2450_0 .net *"_ivl_39", 0 0, L_000002059babfa40;  1 drivers
v000002059b9e1b90_0 .net *"_ivl_40", 0 0, L_000002059babe8c0;  1 drivers
v000002059b9e1c30_0 .net *"_ivl_41", 0 0, L_000002059badb580;  1 drivers
v000002059b9e3030_0 .net *"_ivl_43", 0 0, L_000002059babf400;  1 drivers
v000002059b9e1cd0_0 .net *"_ivl_44", 0 0, L_000002059bada7f0;  1 drivers
v000002059b9e30d0_0 .net *"_ivl_46", 0 0, L_000002059babeb40;  1 drivers
v000002059b9e35d0_0 .net *"_ivl_47", 0 0, L_000002059badbcf0;  1 drivers
v000002059b9e2590_0 .net *"_ivl_49", 0 0, L_000002059badb970;  1 drivers
v000002059b9e32b0_0 .net *"_ivl_5", 0 0, L_000002059bad9a60;  1 drivers
v000002059b9e3350_0 .net *"_ivl_51", 0 0, L_000002059babec80;  1 drivers
v000002059b9e1230_0 .net *"_ivl_52", 0 0, L_000002059babfcc0;  1 drivers
v000002059b9e2810_0 .net *"_ivl_53", 0 0, L_000002059babf540;  1 drivers
v000002059b9e2630_0 .net *"_ivl_54", 0 0, L_000002059badada0;  1 drivers
v000002059b9e3490_0 .net *"_ivl_56", 0 0, L_000002059badaf60;  1 drivers
v000002059b9e2770_0 .net *"_ivl_58", 0 0, L_000002059babebe0;  1 drivers
v000002059b9e3710_0 .net *"_ivl_59", 0 0, L_000002059bac0080;  1 drivers
v000002059b9e37b0_0 .net *"_ivl_60", 0 0, L_000002059badae10;  1 drivers
v000002059b9e10f0_0 .net *"_ivl_62", 0 0, L_000002059babed20;  1 drivers
v000002059b9e4570_0 .net *"_ivl_63", 0 0, L_000002059badb7b0;  1 drivers
v000002059b9e4610_0 .net *"_ivl_65", 0 0, L_000002059badbc10;  1 drivers
v000002059b9e3850_0 .net *"_ivl_67", 0 0, L_000002059babea00;  1 drivers
v000002059b9e46b0_0 .net *"_ivl_68", 0 0, L_000002059babdce0;  1 drivers
v000002059b9e3fd0_0 .net *"_ivl_69", 0 0, L_000002059badac50;  1 drivers
v000002059b9e3b70_0 .net *"_ivl_7", 0 0, L_000002059babe0a0;  1 drivers
v000002059b9e3df0_0 .net *"_ivl_71", 0 0, L_000002059babdec0;  1 drivers
v000002059b9e3a30_0 .net *"_ivl_72", 0 0, L_000002059badaa90;  1 drivers
v000002059b9e3f30_0 .net *"_ivl_74", 0 0, L_000002059babf720;  1 drivers
v000002059b9e38f0_0 .net *"_ivl_75", 0 0, L_000002059badb120;  1 drivers
v000002059b9e4110_0 .net *"_ivl_77", 0 0, L_000002059badba50;  1 drivers
v000002059b9e42f0_0 .net *"_ivl_79", 0 0, L_000002059babefa0;  1 drivers
v000002059b9e3990_0 .net *"_ivl_8", 0 0, L_000002059babff40;  1 drivers
v000002059b9e4390_0 .net *"_ivl_80", 0 0, L_000002059babedc0;  1 drivers
v000002059b9e3e90_0 .net *"_ivl_81", 0 0, L_000002059badb190;  1 drivers
v000002059b9e4070_0 .net *"_ivl_83", 0 0, L_000002059babe500;  1 drivers
v000002059b9e3cb0_0 .net *"_ivl_84", 0 0, L_000002059badb510;  1 drivers
v000002059b9e41b0_0 .net *"_ivl_86", 0 0, L_000002059babee60;  1 drivers
v000002059b9e3ad0_0 .net *"_ivl_87", 0 0, L_000002059badbf20;  1 drivers
v000002059b9e3c10_0 .net *"_ivl_89", 0 0, L_000002059babf040;  1 drivers
v000002059b9e4250_0 .net *"_ivl_9", 0 0, L_000002059babf9a0;  1 drivers
v000002059b9e3d50_0 .net *"_ivl_90", 0 0, L_000002059badaef0;  1 drivers
v000002059b9e4430_0 .net *"_ivl_92", 0 0, L_000002059badbf90;  1 drivers
S_000002059b9d3940 .scope generate, "cla_blocks[7]" "cla_blocks[7]" 15 15, 15 15 0, S_000002059b9d3170;
 .timescale 0 0;
P_000002059b9379e0 .param/l "i" 0 15 15, +C4<0111>;
L_000002059bada4e0 .functor AND 1, L_000002059bac03a0, L_000002059bac13e0, C4<1>, C4<1>;
L_000002059bada550 .functor OR 1, L_000002059bac09e0, L_000002059bada4e0, C4<0>, C4<0>;
L_000002059badb200 .functor AND 1, L_000002059bac0580, L_000002059bac0da0, C4<1>, C4<1>;
L_000002059badc070 .functor OR 1, L_000002059bac0b20, L_000002059badb200, C4<0>, C4<0>;
L_000002059badbac0 .functor AND 1, L_000002059bac0ee0, L_000002059bac1ac0, C4<1>, C4<1>;
L_000002059badab70 .functor AND 1, L_000002059badbac0, L_000002059bac0440, C4<1>, C4<1>;
L_000002059badb2e0 .functor OR 1, L_000002059badc070, L_000002059badab70, C4<0>, C4<0>;
L_000002059bada630 .functor AND 1, L_000002059bac2560, L_000002059bac1c00, C4<1>, C4<1>;
L_000002059badacc0 .functor OR 1, L_000002059bac1480, L_000002059bada630, C4<0>, C4<0>;
L_000002059badb350 .functor AND 1, L_000002059bac1160, L_000002059bac2600, C4<1>, C4<1>;
L_000002059badb6d0 .functor AND 1, L_000002059badb350, L_000002059bac1520, C4<1>, C4<1>;
L_000002059badc000 .functor OR 1, L_000002059badacc0, L_000002059badb6d0, C4<0>, C4<0>;
L_000002059bada9b0 .functor AND 1, L_000002059bac04e0, L_000002059bac0120, C4<1>, C4<1>;
L_000002059bada6a0 .functor AND 1, L_000002059bada9b0, L_000002059bac1fc0, C4<1>, C4<1>;
L_000002059badbc80 .functor AND 1, L_000002059bada6a0, L_000002059bac1980, C4<1>, C4<1>;
L_000002059badb3c0 .functor OR 1, L_000002059badc000, L_000002059badbc80, C4<0>, C4<0>;
L_000002059badb040 .functor AND 1, L_000002059bac0760, L_000002059bac24c0, C4<1>, C4<1>;
L_000002059badad30 .functor OR 1, L_000002059bac1020, L_000002059badb040, C4<0>, C4<0>;
L_000002059bada5c0 .functor AND 1, L_000002059bac0620, L_000002059bac15c0, C4<1>, C4<1>;
L_000002059badb890 .functor AND 1, L_000002059bada5c0, L_000002059bac01c0, C4<1>, C4<1>;
L_000002059bada860 .functor OR 1, L_000002059badad30, L_000002059badb890, C4<0>, C4<0>;
L_000002059bada710 .functor AND 1, L_000002059bac06c0, L_000002059bac0800, C4<1>, C4<1>;
L_000002059badb5f0 .functor AND 1, L_000002059bada710, L_000002059bac1660, C4<1>, C4<1>;
L_000002059bada780 .functor AND 1, L_000002059badb5f0, L_000002059bac2880, C4<1>, C4<1>;
L_000002059badb9e0 .functor OR 1, L_000002059bada860, L_000002059bada780, C4<0>, C4<0>;
L_000002059badbb30 .functor AND 1, L_000002059bac1340, L_000002059bac10c0, C4<1>, C4<1>;
L_000002059badbd60 .functor AND 1, L_000002059badbb30, L_000002059bac0d00, C4<1>, C4<1>;
L_000002059badae80 .functor AND 1, L_000002059badbd60, L_000002059bac0260, C4<1>, C4<1>;
L_000002059badab00 .functor AND 1, L_000002059badae80, L_000002059bac0bc0, C4<1>, C4<1>;
L_000002059badb430 .functor OR 1, L_000002059badb9e0, L_000002059badab00, C4<0>, C4<0>;
v000002059b9e44d0_0 .net *"_ivl_0", 0 0, L_000002059bac09e0;  1 drivers
v000002059b9eea30_0 .net *"_ivl_1", 0 0, L_000002059bac03a0;  1 drivers
v000002059b9eed50_0 .net *"_ivl_10", 0 0, L_000002059badb200;  1 drivers
v000002059b9ecb90_0 .net *"_ivl_12", 0 0, L_000002059badc070;  1 drivers
v000002059b9eec10_0 .net *"_ivl_14", 0 0, L_000002059bac0ee0;  1 drivers
v000002059b9ed3b0_0 .net *"_ivl_15", 0 0, L_000002059bac1ac0;  1 drivers
v000002059b9ec910_0 .net *"_ivl_16", 0 0, L_000002059badbac0;  1 drivers
v000002059b9ecf50_0 .net *"_ivl_18", 0 0, L_000002059bac0440;  1 drivers
v000002059b9ed590_0 .net *"_ivl_19", 0 0, L_000002059badab70;  1 drivers
v000002059b9edef0_0 .net *"_ivl_2", 0 0, L_000002059bac13e0;  1 drivers
v000002059b9eedf0_0 .net *"_ivl_21", 0 0, L_000002059badb2e0;  1 drivers
v000002059b9ee530_0 .net *"_ivl_23", 0 0, L_000002059bac1480;  1 drivers
v000002059b9ee5d0_0 .net *"_ivl_24", 0 0, L_000002059bac2560;  1 drivers
v000002059b9ed450_0 .net *"_ivl_25", 0 0, L_000002059bac1c00;  1 drivers
v000002059b9ecaf0_0 .net *"_ivl_26", 0 0, L_000002059bada630;  1 drivers
v000002059b9ec870_0 .net *"_ivl_28", 0 0, L_000002059badacc0;  1 drivers
v000002059b9ecff0_0 .net *"_ivl_3", 0 0, L_000002059bada4e0;  1 drivers
v000002059b9ed130_0 .net *"_ivl_30", 0 0, L_000002059bac1160;  1 drivers
v000002059b9ee710_0 .net *"_ivl_31", 0 0, L_000002059bac2600;  1 drivers
v000002059b9ee850_0 .net *"_ivl_32", 0 0, L_000002059badb350;  1 drivers
v000002059b9ed4f0_0 .net *"_ivl_34", 0 0, L_000002059bac1520;  1 drivers
v000002059b9ee670_0 .net *"_ivl_35", 0 0, L_000002059badb6d0;  1 drivers
v000002059b9eee90_0 .net *"_ivl_37", 0 0, L_000002059badc000;  1 drivers
v000002059b9eecb0_0 .net *"_ivl_39", 0 0, L_000002059bac04e0;  1 drivers
v000002059b9ee7b0_0 .net *"_ivl_40", 0 0, L_000002059bac0120;  1 drivers
v000002059b9ee030_0 .net *"_ivl_41", 0 0, L_000002059bada9b0;  1 drivers
v000002059b9eccd0_0 .net *"_ivl_43", 0 0, L_000002059bac1fc0;  1 drivers
v000002059b9eead0_0 .net *"_ivl_44", 0 0, L_000002059bada6a0;  1 drivers
v000002059b9ed6d0_0 .net *"_ivl_46", 0 0, L_000002059bac1980;  1 drivers
v000002059b9ee8f0_0 .net *"_ivl_47", 0 0, L_000002059badbc80;  1 drivers
v000002059b9ee0d0_0 .net *"_ivl_49", 0 0, L_000002059badb3c0;  1 drivers
v000002059b9edbd0_0 .net *"_ivl_5", 0 0, L_000002059bada550;  1 drivers
v000002059b9ed090_0 .net *"_ivl_51", 0 0, L_000002059bac1020;  1 drivers
v000002059b9ecd70_0 .net *"_ivl_52", 0 0, L_000002059bac0760;  1 drivers
v000002059b9ece10_0 .net *"_ivl_53", 0 0, L_000002059bac24c0;  1 drivers
v000002059b9ee990_0 .net *"_ivl_54", 0 0, L_000002059badb040;  1 drivers
v000002059b9eceb0_0 .net *"_ivl_56", 0 0, L_000002059badad30;  1 drivers
v000002059b9ecc30_0 .net *"_ivl_58", 0 0, L_000002059bac0620;  1 drivers
v000002059b9ed630_0 .net *"_ivl_59", 0 0, L_000002059bac15c0;  1 drivers
v000002059b9ed1d0_0 .net *"_ivl_60", 0 0, L_000002059bada5c0;  1 drivers
v000002059b9edc70_0 .net *"_ivl_62", 0 0, L_000002059bac01c0;  1 drivers
v000002059b9ed270_0 .net *"_ivl_63", 0 0, L_000002059badb890;  1 drivers
v000002059b9ed310_0 .net *"_ivl_65", 0 0, L_000002059bada860;  1 drivers
v000002059b9eddb0_0 .net *"_ivl_67", 0 0, L_000002059bac06c0;  1 drivers
v000002059b9ed770_0 .net *"_ivl_68", 0 0, L_000002059bac0800;  1 drivers
v000002059b9edd10_0 .net *"_ivl_69", 0 0, L_000002059bada710;  1 drivers
v000002059b9ed810_0 .net *"_ivl_7", 0 0, L_000002059bac0b20;  1 drivers
v000002059b9ed8b0_0 .net *"_ivl_71", 0 0, L_000002059bac1660;  1 drivers
v000002059b9ed950_0 .net *"_ivl_72", 0 0, L_000002059badb5f0;  1 drivers
v000002059b9ed9f0_0 .net *"_ivl_74", 0 0, L_000002059bac2880;  1 drivers
v000002059b9ee210_0 .net *"_ivl_75", 0 0, L_000002059bada780;  1 drivers
v000002059b9ee2b0_0 .net *"_ivl_77", 0 0, L_000002059badb9e0;  1 drivers
v000002059b9eeb70_0 .net *"_ivl_79", 0 0, L_000002059bac1340;  1 drivers
v000002059b9ee170_0 .net *"_ivl_8", 0 0, L_000002059bac0580;  1 drivers
v000002059b9edf90_0 .net *"_ivl_80", 0 0, L_000002059bac10c0;  1 drivers
v000002059b9eda90_0 .net *"_ivl_81", 0 0, L_000002059badbb30;  1 drivers
v000002059b9edb30_0 .net *"_ivl_83", 0 0, L_000002059bac0d00;  1 drivers
v000002059b9ede50_0 .net *"_ivl_84", 0 0, L_000002059badbd60;  1 drivers
v000002059b9eef30_0 .net *"_ivl_86", 0 0, L_000002059bac0260;  1 drivers
v000002059b9eefd0_0 .net *"_ivl_87", 0 0, L_000002059badae80;  1 drivers
v000002059b9ec9b0_0 .net *"_ivl_89", 0 0, L_000002059bac0bc0;  1 drivers
v000002059b9ee350_0 .net *"_ivl_9", 0 0, L_000002059bac0da0;  1 drivers
v000002059b9eca50_0 .net *"_ivl_90", 0 0, L_000002059badab00;  1 drivers
v000002059b9ee3f0_0 .net *"_ivl_92", 0 0, L_000002059badb430;  1 drivers
S_000002059b9d3ad0 .scope generate, "cla_blocks[8]" "cla_blocks[8]" 15 15, 15 15 0, S_000002059b9d3170;
 .timescale 0 0;
P_000002059b9377a0 .param/l "i" 0 15 15, +C4<01000>;
L_000002059badbdd0 .functor AND 1, L_000002059bac21a0, L_000002059bac1200, C4<1>, C4<1>;
L_000002059badb820 .functor OR 1, L_000002059bac2740, L_000002059badbdd0, C4<0>, C4<0>;
L_000002059badb660 .functor AND 1, L_000002059bac0a80, L_000002059bac0300, C4<1>, C4<1>;
L_000002059bada940 .functor OR 1, L_000002059bac1a20, L_000002059badb660, C4<0>, C4<0>;
L_000002059bada8d0 .functor AND 1, L_000002059bac1e80, L_000002059bac26a0, C4<1>, C4<1>;
L_000002059badb900 .functor AND 1, L_000002059bada8d0, L_000002059bac12a0, C4<1>, C4<1>;
L_000002059badbba0 .functor OR 1, L_000002059bada940, L_000002059badb900, C4<0>, C4<0>;
L_000002059badbe40 .functor AND 1, L_000002059bac17a0, L_000002059bac2380, C4<1>, C4<1>;
L_000002059badaa20 .functor OR 1, L_000002059bac1700, L_000002059badbe40, C4<0>, C4<0>;
L_000002059badabe0 .functor AND 1, L_000002059bac08a0, L_000002059bac1840, C4<1>, C4<1>;
L_000002059badc460 .functor AND 1, L_000002059badabe0, L_000002059bac1b60, C4<1>, C4<1>;
L_000002059badc230 .functor OR 1, L_000002059badaa20, L_000002059badc460, C4<0>, C4<0>;
L_000002059badc770 .functor AND 1, L_000002059bac0940, L_000002059bac18e0, C4<1>, C4<1>;
L_000002059badc2a0 .functor AND 1, L_000002059badc770, L_000002059bac0c60, C4<1>, C4<1>;
L_000002059badc3f0 .functor AND 1, L_000002059badc2a0, L_000002059bac1ca0, C4<1>, C4<1>;
L_000002059badc310 .functor OR 1, L_000002059badc230, L_000002059badc3f0, C4<0>, C4<0>;
L_000002059badc380 .functor AND 1, L_000002059bac1de0, L_000002059bac1f20, C4<1>, C4<1>;
L_000002059badc4d0 .functor OR 1, L_000002059bac1d40, L_000002059badc380, C4<0>, C4<0>;
L_000002059badc690 .functor AND 1, L_000002059bac2060, L_000002059bac0f80, C4<1>, C4<1>;
L_000002059badc540 .functor AND 1, L_000002059badc690, L_000002059bac22e0, C4<1>, C4<1>;
L_000002059badc700 .functor OR 1, L_000002059badc4d0, L_000002059badc540, C4<0>, C4<0>;
L_000002059badc5b0 .functor AND 1, L_000002059bac0e40, L_000002059bac2100, C4<1>, C4<1>;
L_000002059badc7e0 .functor AND 1, L_000002059badc5b0, L_000002059bac27e0, C4<1>, C4<1>;
L_000002059badc620 .functor AND 1, L_000002059badc7e0, L_000002059bac2240, C4<1>, C4<1>;
L_000002059badc0e0 .functor OR 1, L_000002059badc700, L_000002059badc620, C4<0>, C4<0>;
L_000002059badc150 .functor AND 1, L_000002059bac2420, L_000002059bac3460, C4<1>, C4<1>;
L_000002059badc1c0 .functor AND 1, L_000002059badc150, L_000002059bac29c0, C4<1>, C4<1>;
L_000002059bae1800 .functor AND 1, L_000002059badc1c0, L_000002059bac4b80, C4<1>, C4<1>;
L_000002059bae1aa0 .functor AND 1, L_000002059bae1800, L_000002059bac3320, C4<1>, C4<1>;
L_000002059bae1b80 .functor OR 1, L_000002059badc0e0, L_000002059bae1aa0, C4<0>, C4<0>;
v000002059b9ee490_0 .net *"_ivl_0", 0 0, L_000002059bac2740;  1 drivers
v000002059b9efbb0_0 .net *"_ivl_1", 0 0, L_000002059bac21a0;  1 drivers
v000002059b9ef430_0 .net *"_ivl_10", 0 0, L_000002059badb660;  1 drivers
v000002059b9efed0_0 .net *"_ivl_12", 0 0, L_000002059bada940;  1 drivers
v000002059b9efa70_0 .net *"_ivl_14", 0 0, L_000002059bac1e80;  1 drivers
v000002059b9efcf0_0 .net *"_ivl_15", 0 0, L_000002059bac26a0;  1 drivers
v000002059b9ef610_0 .net *"_ivl_16", 0 0, L_000002059bada8d0;  1 drivers
v000002059b9efc50_0 .net *"_ivl_18", 0 0, L_000002059bac12a0;  1 drivers
v000002059b9ef2f0_0 .net *"_ivl_19", 0 0, L_000002059badb900;  1 drivers
v000002059b9f03d0_0 .net *"_ivl_2", 0 0, L_000002059bac1200;  1 drivers
v000002059b9ef930_0 .net *"_ivl_21", 0 0, L_000002059badbba0;  1 drivers
v000002059b9ef4d0_0 .net *"_ivl_23", 0 0, L_000002059bac1700;  1 drivers
v000002059b9f0ab0_0 .net *"_ivl_24", 0 0, L_000002059bac17a0;  1 drivers
v000002059b9ef570_0 .net *"_ivl_25", 0 0, L_000002059bac2380;  1 drivers
v000002059b9f0a10_0 .net *"_ivl_26", 0 0, L_000002059badbe40;  1 drivers
v000002059b9f15f0_0 .net *"_ivl_28", 0 0, L_000002059badaa20;  1 drivers
v000002059b9f0510_0 .net *"_ivl_3", 0 0, L_000002059badbdd0;  1 drivers
v000002059b9f0b50_0 .net *"_ivl_30", 0 0, L_000002059bac08a0;  1 drivers
v000002059b9f12d0_0 .net *"_ivl_31", 0 0, L_000002059bac1840;  1 drivers
v000002059b9ef250_0 .net *"_ivl_32", 0 0, L_000002059badabe0;  1 drivers
v000002059b9f0830_0 .net *"_ivl_34", 0 0, L_000002059bac1b60;  1 drivers
v000002059b9efb10_0 .net *"_ivl_35", 0 0, L_000002059badc460;  1 drivers
v000002059b9f0bf0_0 .net *"_ivl_37", 0 0, L_000002059badc230;  1 drivers
v000002059b9eff70_0 .net *"_ivl_39", 0 0, L_000002059bac0940;  1 drivers
v000002059b9f08d0_0 .net *"_ivl_40", 0 0, L_000002059bac18e0;  1 drivers
v000002059b9f14b0_0 .net *"_ivl_41", 0 0, L_000002059badc770;  1 drivers
v000002059b9ef390_0 .net *"_ivl_43", 0 0, L_000002059bac0c60;  1 drivers
v000002059b9f1410_0 .net *"_ivl_44", 0 0, L_000002059badc2a0;  1 drivers
v000002059b9f1550_0 .net *"_ivl_46", 0 0, L_000002059bac1ca0;  1 drivers
v000002059b9ef110_0 .net *"_ivl_47", 0 0, L_000002059badc3f0;  1 drivers
v000002059b9f1690_0 .net *"_ivl_49", 0 0, L_000002059badc310;  1 drivers
v000002059b9f0290_0 .net *"_ivl_5", 0 0, L_000002059badb820;  1 drivers
v000002059b9ef7f0_0 .net *"_ivl_51", 0 0, L_000002059bac1d40;  1 drivers
v000002059b9efe30_0 .net *"_ivl_52", 0 0, L_000002059bac1de0;  1 drivers
v000002059b9ef6b0_0 .net *"_ivl_53", 0 0, L_000002059bac1f20;  1 drivers
v000002059b9f0150_0 .net *"_ivl_54", 0 0, L_000002059badc380;  1 drivers
v000002059b9f1370_0 .net *"_ivl_56", 0 0, L_000002059badc4d0;  1 drivers
v000002059b9f05b0_0 .net *"_ivl_58", 0 0, L_000002059bac2060;  1 drivers
v000002059b9f0c90_0 .net *"_ivl_59", 0 0, L_000002059bac0f80;  1 drivers
v000002059b9ef070_0 .net *"_ivl_60", 0 0, L_000002059badc690;  1 drivers
v000002059b9f0970_0 .net *"_ivl_62", 0 0, L_000002059bac22e0;  1 drivers
v000002059b9ef9d0_0 .net *"_ivl_63", 0 0, L_000002059badc540;  1 drivers
v000002059b9efd90_0 .net *"_ivl_65", 0 0, L_000002059badc700;  1 drivers
v000002059b9ef750_0 .net *"_ivl_67", 0 0, L_000002059bac0e40;  1 drivers
v000002059b9ef890_0 .net *"_ivl_68", 0 0, L_000002059bac2100;  1 drivers
v000002059b9f1190_0 .net *"_ivl_69", 0 0, L_000002059badc5b0;  1 drivers
v000002059b9f0dd0_0 .net *"_ivl_7", 0 0, L_000002059bac1a20;  1 drivers
v000002059b9f0330_0 .net *"_ivl_71", 0 0, L_000002059bac27e0;  1 drivers
v000002059b9f0d30_0 .net *"_ivl_72", 0 0, L_000002059badc7e0;  1 drivers
v000002059b9f1730_0 .net *"_ivl_74", 0 0, L_000002059bac2240;  1 drivers
v000002059b9f01f0_0 .net *"_ivl_75", 0 0, L_000002059badc620;  1 drivers
v000002059b9f0010_0 .net *"_ivl_77", 0 0, L_000002059badc0e0;  1 drivers
v000002059b9f00b0_0 .net *"_ivl_79", 0 0, L_000002059bac2420;  1 drivers
v000002059b9f0650_0 .net *"_ivl_8", 0 0, L_000002059bac0a80;  1 drivers
v000002059b9f0470_0 .net *"_ivl_80", 0 0, L_000002059bac3460;  1 drivers
v000002059b9f06f0_0 .net *"_ivl_81", 0 0, L_000002059badc150;  1 drivers
v000002059b9f0790_0 .net *"_ivl_83", 0 0, L_000002059bac29c0;  1 drivers
v000002059b9f0f10_0 .net *"_ivl_84", 0 0, L_000002059badc1c0;  1 drivers
v000002059b9f0e70_0 .net *"_ivl_86", 0 0, L_000002059bac4b80;  1 drivers
v000002059b9f0fb0_0 .net *"_ivl_87", 0 0, L_000002059bae1800;  1 drivers
v000002059b9f1050_0 .net *"_ivl_89", 0 0, L_000002059bac3320;  1 drivers
v000002059b9f10f0_0 .net *"_ivl_9", 0 0, L_000002059bac0300;  1 drivers
v000002059b9f1230_0 .net *"_ivl_90", 0 0, L_000002059bae1aa0;  1 drivers
v000002059b9f17d0_0 .net *"_ivl_92", 0 0, L_000002059bae1b80;  1 drivers
S_000002059b9d3f80 .scope generate, "cla_blocks[9]" "cla_blocks[9]" 15 15, 15 15 0, S_000002059b9d3170;
 .timescale 0 0;
P_000002059b937a20 .param/l "i" 0 15 15, +C4<01001>;
L_000002059bae2130 .functor AND 1, L_000002059bac4ea0, L_000002059bac2920, C4<1>, C4<1>;
L_000002059bae3320 .functor OR 1, L_000002059bac5080, L_000002059bae2130, C4<0>, C4<0>;
L_000002059bae2440 .functor AND 1, L_000002059bac33c0, L_000002059bac3c80, C4<1>, C4<1>;
L_000002059bae2520 .functor OR 1, L_000002059bac3280, L_000002059bae2440, C4<0>, C4<0>;
L_000002059bae1870 .functor AND 1, L_000002059bac2b00, L_000002059bac3000, C4<1>, C4<1>;
L_000002059bae22f0 .functor AND 1, L_000002059bae1870, L_000002059bac3780, C4<1>, C4<1>;
L_000002059bae26e0 .functor OR 1, L_000002059bae2520, L_000002059bae22f0, C4<0>, C4<0>;
L_000002059bae31d0 .functor AND 1, L_000002059bac45e0, L_000002059bac4ae0, C4<1>, C4<1>;
L_000002059bae19c0 .functor OR 1, L_000002059bac42c0, L_000002059bae31d0, C4<0>, C4<0>;
L_000002059bae2d00 .functor AND 1, L_000002059bac3140, L_000002059bac31e0, C4<1>, C4<1>;
L_000002059bae28a0 .functor AND 1, L_000002059bae2d00, L_000002059bac3500, C4<1>, C4<1>;
L_000002059bae2910 .functor OR 1, L_000002059bae19c0, L_000002059bae28a0, C4<0>, C4<0>;
L_000002059bae2b40 .functor AND 1, L_000002059bac4680, L_000002059bac4d60, C4<1>, C4<1>;
L_000002059bae30f0 .functor AND 1, L_000002059bae2b40, L_000002059bac3820, C4<1>, C4<1>;
L_000002059bae1bf0 .functor AND 1, L_000002059bae30f0, L_000002059bac2ba0, C4<1>, C4<1>;
L_000002059bae2590 .functor OR 1, L_000002059bae2910, L_000002059bae1bf0, C4<0>, C4<0>;
L_000002059bae2f30 .functor AND 1, L_000002059bac35a0, L_000002059bac40e0, C4<1>, C4<1>;
L_000002059bae1b10 .functor OR 1, L_000002059bac44a0, L_000002059bae2f30, C4<0>, C4<0>;
L_000002059bae3160 .functor AND 1, L_000002059bac3640, L_000002059bac2ec0, C4<1>, C4<1>;
L_000002059bae2600 .functor AND 1, L_000002059bae3160, L_000002059bac4720, C4<1>, C4<1>;
L_000002059bae1a30 .functor OR 1, L_000002059bae1b10, L_000002059bae2600, C4<0>, C4<0>;
L_000002059bae2d70 .functor AND 1, L_000002059bac36e0, L_000002059bac38c0, C4<1>, C4<1>;
L_000002059bae1c60 .functor AND 1, L_000002059bae2d70, L_000002059bac30a0, C4<1>, C4<1>;
L_000002059bae2980 .functor AND 1, L_000002059bae1c60, L_000002059bac4f40, C4<1>, C4<1>;
L_000002059bae1db0 .functor OR 1, L_000002059bae1a30, L_000002059bae2980, C4<0>, C4<0>;
L_000002059bae2210 .functor AND 1, L_000002059bac4540, L_000002059bac2a60, C4<1>, C4<1>;
L_000002059bae2bb0 .functor AND 1, L_000002059bae2210, L_000002059bac47c0, C4<1>, C4<1>;
L_000002059bae21a0 .functor AND 1, L_000002059bae2bb0, L_000002059bac2f60, C4<1>, C4<1>;
L_000002059bae2280 .functor AND 1, L_000002059bae21a0, L_000002059bac4e00, C4<1>, C4<1>;
L_000002059bae1f70 .functor OR 1, L_000002059bae1db0, L_000002059bae2280, C4<0>, C4<0>;
v000002059b9ef1b0_0 .net *"_ivl_0", 0 0, L_000002059bac5080;  1 drivers
v000002059b9f2e50_0 .net *"_ivl_1", 0 0, L_000002059bac4ea0;  1 drivers
v000002059b9f2d10_0 .net *"_ivl_10", 0 0, L_000002059bae2440;  1 drivers
v000002059b9f37b0_0 .net *"_ivl_12", 0 0, L_000002059bae2520;  1 drivers
v000002059b9f23b0_0 .net *"_ivl_14", 0 0, L_000002059bac2b00;  1 drivers
v000002059b9f3c10_0 .net *"_ivl_15", 0 0, L_000002059bac3000;  1 drivers
v000002059b9f3990_0 .net *"_ivl_16", 0 0, L_000002059bae1870;  1 drivers
v000002059b9f2950_0 .net *"_ivl_18", 0 0, L_000002059bac3780;  1 drivers
v000002059b9f2a90_0 .net *"_ivl_19", 0 0, L_000002059bae22f0;  1 drivers
v000002059b9f3170_0 .net *"_ivl_2", 0 0, L_000002059bac2920;  1 drivers
v000002059b9f2ef0_0 .net *"_ivl_21", 0 0, L_000002059bae26e0;  1 drivers
v000002059b9f29f0_0 .net *"_ivl_23", 0 0, L_000002059bac42c0;  1 drivers
v000002059b9f2090_0 .net *"_ivl_24", 0 0, L_000002059bac45e0;  1 drivers
v000002059b9f2db0_0 .net *"_ivl_25", 0 0, L_000002059bac4ae0;  1 drivers
v000002059b9f3e90_0 .net *"_ivl_26", 0 0, L_000002059bae31d0;  1 drivers
v000002059b9f3d50_0 .net *"_ivl_28", 0 0, L_000002059bae19c0;  1 drivers
v000002059b9f3df0_0 .net *"_ivl_3", 0 0, L_000002059bae2130;  1 drivers
v000002059b9f1eb0_0 .net *"_ivl_30", 0 0, L_000002059bac3140;  1 drivers
v000002059b9f3ad0_0 .net *"_ivl_31", 0 0, L_000002059bac31e0;  1 drivers
v000002059b9f2f90_0 .net *"_ivl_32", 0 0, L_000002059bae2d00;  1 drivers
v000002059b9f3030_0 .net *"_ivl_34", 0 0, L_000002059bac3500;  1 drivers
v000002059b9f2590_0 .net *"_ivl_35", 0 0, L_000002059bae28a0;  1 drivers
v000002059b9f1ff0_0 .net *"_ivl_37", 0 0, L_000002059bae2910;  1 drivers
v000002059b9f2b30_0 .net *"_ivl_39", 0 0, L_000002059bac4680;  1 drivers
v000002059b9f1cd0_0 .net *"_ivl_40", 0 0, L_000002059bac4d60;  1 drivers
v000002059b9f1c30_0 .net *"_ivl_41", 0 0, L_000002059bae2b40;  1 drivers
v000002059b9f24f0_0 .net *"_ivl_43", 0 0, L_000002059bac3820;  1 drivers
v000002059b9f1b90_0 .net *"_ivl_44", 0 0, L_000002059bae30f0;  1 drivers
v000002059b9f2c70_0 .net *"_ivl_46", 0 0, L_000002059bac2ba0;  1 drivers
v000002059b9f2130_0 .net *"_ivl_47", 0 0, L_000002059bae1bf0;  1 drivers
v000002059b9f21d0_0 .net *"_ivl_49", 0 0, L_000002059bae2590;  1 drivers
v000002059b9f30d0_0 .net *"_ivl_5", 0 0, L_000002059bae3320;  1 drivers
v000002059b9f1d70_0 .net *"_ivl_51", 0 0, L_000002059bac44a0;  1 drivers
v000002059b9f3210_0 .net *"_ivl_52", 0 0, L_000002059bac35a0;  1 drivers
v000002059b9f2310_0 .net *"_ivl_53", 0 0, L_000002059bac40e0;  1 drivers
v000002059b9f2630_0 .net *"_ivl_54", 0 0, L_000002059bae2f30;  1 drivers
v000002059b9f2270_0 .net *"_ivl_56", 0 0, L_000002059bae1b10;  1 drivers
v000002059b9f1af0_0 .net *"_ivl_58", 0 0, L_000002059bac3640;  1 drivers
v000002059b9f32b0_0 .net *"_ivl_59", 0 0, L_000002059bac2ec0;  1 drivers
v000002059b9f3350_0 .net *"_ivl_60", 0 0, L_000002059bae3160;  1 drivers
v000002059b9f3670_0 .net *"_ivl_62", 0 0, L_000002059bac4720;  1 drivers
v000002059b9f33f0_0 .net *"_ivl_63", 0 0, L_000002059bae2600;  1 drivers
v000002059b9f3490_0 .net *"_ivl_65", 0 0, L_000002059bae1a30;  1 drivers
v000002059b9f2bd0_0 .net *"_ivl_67", 0 0, L_000002059bac36e0;  1 drivers
v000002059b9f2450_0 .net *"_ivl_68", 0 0, L_000002059bac38c0;  1 drivers
v000002059b9f3530_0 .net *"_ivl_69", 0 0, L_000002059bae2d70;  1 drivers
v000002059b9f3f30_0 .net *"_ivl_7", 0 0, L_000002059bac3280;  1 drivers
v000002059b9f3fd0_0 .net *"_ivl_71", 0 0, L_000002059bac30a0;  1 drivers
v000002059b9f1870_0 .net *"_ivl_72", 0 0, L_000002059bae1c60;  1 drivers
v000002059b9f1f50_0 .net *"_ivl_74", 0 0, L_000002059bac4f40;  1 drivers
v000002059b9f3b70_0 .net *"_ivl_75", 0 0, L_000002059bae2980;  1 drivers
v000002059b9f35d0_0 .net *"_ivl_77", 0 0, L_000002059bae1db0;  1 drivers
v000002059b9f3710_0 .net *"_ivl_79", 0 0, L_000002059bac4540;  1 drivers
v000002059b9f26d0_0 .net *"_ivl_8", 0 0, L_000002059bac33c0;  1 drivers
v000002059b9f2770_0 .net *"_ivl_80", 0 0, L_000002059bac2a60;  1 drivers
v000002059b9f3850_0 .net *"_ivl_81", 0 0, L_000002059bae2210;  1 drivers
v000002059b9f2810_0 .net *"_ivl_83", 0 0, L_000002059bac47c0;  1 drivers
v000002059b9f1e10_0 .net *"_ivl_84", 0 0, L_000002059bae2bb0;  1 drivers
v000002059b9f38f0_0 .net *"_ivl_86", 0 0, L_000002059bac2f60;  1 drivers
v000002059b9f3a30_0 .net *"_ivl_87", 0 0, L_000002059bae21a0;  1 drivers
v000002059b9f3cb0_0 .net *"_ivl_89", 0 0, L_000002059bac4e00;  1 drivers
v000002059b9f28b0_0 .net *"_ivl_9", 0 0, L_000002059bac3c80;  1 drivers
v000002059b9f1910_0 .net *"_ivl_90", 0 0, L_000002059bae2280;  1 drivers
v000002059b9f19b0_0 .net *"_ivl_92", 0 0, L_000002059bae1f70;  1 drivers
S_000002059b9d45c0 .scope generate, "cla_blocks[10]" "cla_blocks[10]" 15 15, 15 15 0, S_000002059b9d3170;
 .timescale 0 0;
P_000002059b937620 .param/l "i" 0 15 15, +C4<01010>;
L_000002059bae29f0 .functor AND 1, L_000002059bac3960, L_000002059bac4180, C4<1>, C4<1>;
L_000002059bae1cd0 .functor OR 1, L_000002059bac4a40, L_000002059bae29f0, C4<0>, C4<0>;
L_000002059bae3080 .functor AND 1, L_000002059bac3a00, L_000002059bac3aa0, C4<1>, C4<1>;
L_000002059bae1fe0 .functor OR 1, L_000002059bac2c40, L_000002059bae3080, C4<0>, C4<0>;
L_000002059bae2360 .functor AND 1, L_000002059bac49a0, L_000002059bac4360, C4<1>, C4<1>;
L_000002059bae20c0 .functor AND 1, L_000002059bae2360, L_000002059bac3b40, C4<1>, C4<1>;
L_000002059bae24b0 .functor OR 1, L_000002059bae1fe0, L_000002059bae20c0, C4<0>, C4<0>;
L_000002059bae1e20 .functor AND 1, L_000002059bac2ce0, L_000002059bac3be0, C4<1>, C4<1>;
L_000002059bae1950 .functor OR 1, L_000002059bac4fe0, L_000002059bae1e20, C4<0>, C4<0>;
L_000002059bae23d0 .functor AND 1, L_000002059bac2d80, L_000002059bac2e20, C4<1>, C4<1>;
L_000002059bae1e90 .functor AND 1, L_000002059bae23d0, L_000002059bac3d20, C4<1>, C4<1>;
L_000002059bae2a60 .functor OR 1, L_000002059bae1950, L_000002059bae1e90, C4<0>, C4<0>;
L_000002059bae3240 .functor AND 1, L_000002059bac3dc0, L_000002059bac3e60, C4<1>, C4<1>;
L_000002059bae2ad0 .functor AND 1, L_000002059bae3240, L_000002059bac3f00, C4<1>, C4<1>;
L_000002059bae2c20 .functor AND 1, L_000002059bae2ad0, L_000002059bac3fa0, C4<1>, C4<1>;
L_000002059bae2c90 .functor OR 1, L_000002059bae2a60, L_000002059bae2c20, C4<0>, C4<0>;
L_000002059bae2de0 .functor AND 1, L_000002059bac4900, L_000002059bac4400, C4<1>, C4<1>;
L_000002059bae32b0 .functor OR 1, L_000002059bac4860, L_000002059bae2de0, C4<0>, C4<0>;
L_000002059bae1790 .functor AND 1, L_000002059bac4220, L_000002059bac4c20, C4<1>, C4<1>;
L_000002059bae1f00 .functor AND 1, L_000002059bae1790, L_000002059bac4040, C4<1>, C4<1>;
L_000002059bae2670 .functor OR 1, L_000002059bae32b0, L_000002059bae1f00, C4<0>, C4<0>;
L_000002059bae18e0 .functor AND 1, L_000002059bac4cc0, L_000002059bac6020, C4<1>, C4<1>;
L_000002059bae2050 .functor AND 1, L_000002059bae18e0, L_000002059bac5940, C4<1>, C4<1>;
L_000002059bae1d40 .functor AND 1, L_000002059bae2050, L_000002059bac7100, C4<1>, C4<1>;
L_000002059bae2ec0 .functor OR 1, L_000002059bae2670, L_000002059bae1d40, C4<0>, C4<0>;
L_000002059bae2750 .functor AND 1, L_000002059bac7560, L_000002059bac5620, C4<1>, C4<1>;
L_000002059bae27c0 .functor AND 1, L_000002059bae2750, L_000002059bac6d40, C4<1>, C4<1>;
L_000002059bae2e50 .functor AND 1, L_000002059bae27c0, L_000002059bac60c0, C4<1>, C4<1>;
L_000002059bae2830 .functor AND 1, L_000002059bae2e50, L_000002059bac5300, C4<1>, C4<1>;
L_000002059bae2fa0 .functor OR 1, L_000002059bae2ec0, L_000002059bae2830, C4<0>, C4<0>;
v000002059b9f1a50_0 .net *"_ivl_0", 0 0, L_000002059bac4a40;  1 drivers
v000002059b9f67d0_0 .net *"_ivl_1", 0 0, L_000002059bac3960;  1 drivers
v000002059b9f42f0_0 .net *"_ivl_10", 0 0, L_000002059bae3080;  1 drivers
v000002059b9f4a70_0 .net *"_ivl_12", 0 0, L_000002059bae1fe0;  1 drivers
v000002059b9f5b50_0 .net *"_ivl_14", 0 0, L_000002059bac49a0;  1 drivers
v000002059b9f6230_0 .net *"_ivl_15", 0 0, L_000002059bac4360;  1 drivers
v000002059b9f53d0_0 .net *"_ivl_16", 0 0, L_000002059bae2360;  1 drivers
v000002059b9f4c50_0 .net *"_ivl_18", 0 0, L_000002059bac3b40;  1 drivers
v000002059b9f4750_0 .net *"_ivl_19", 0 0, L_000002059bae20c0;  1 drivers
v000002059b9f4570_0 .net *"_ivl_2", 0 0, L_000002059bac4180;  1 drivers
v000002059b9f56f0_0 .net *"_ivl_21", 0 0, L_000002059bae24b0;  1 drivers
v000002059b9f5790_0 .net *"_ivl_23", 0 0, L_000002059bac4fe0;  1 drivers
v000002059b9f5fb0_0 .net *"_ivl_24", 0 0, L_000002059bac2ce0;  1 drivers
v000002059b9f4250_0 .net *"_ivl_25", 0 0, L_000002059bac3be0;  1 drivers
v000002059b9f5830_0 .net *"_ivl_26", 0 0, L_000002059bae1e20;  1 drivers
v000002059b9f6550_0 .net *"_ivl_28", 0 0, L_000002059bae1950;  1 drivers
v000002059b9f5d30_0 .net *"_ivl_3", 0 0, L_000002059bae29f0;  1 drivers
v000002059b9f5dd0_0 .net *"_ivl_30", 0 0, L_000002059bac2d80;  1 drivers
v000002059b9f4bb0_0 .net *"_ivl_31", 0 0, L_000002059bac2e20;  1 drivers
v000002059b9f4390_0 .net *"_ivl_32", 0 0, L_000002059bae23d0;  1 drivers
v000002059b9f4070_0 .net *"_ivl_34", 0 0, L_000002059bac3d20;  1 drivers
v000002059b9f47f0_0 .net *"_ivl_35", 0 0, L_000002059bae1e90;  1 drivers
v000002059b9f4930_0 .net *"_ivl_37", 0 0, L_000002059bae2a60;  1 drivers
v000002059b9f5f10_0 .net *"_ivl_39", 0 0, L_000002059bac3dc0;  1 drivers
v000002059b9f6050_0 .net *"_ivl_40", 0 0, L_000002059bac3e60;  1 drivers
v000002059b9f4cf0_0 .net *"_ivl_41", 0 0, L_000002059bae3240;  1 drivers
v000002059b9f5e70_0 .net *"_ivl_43", 0 0, L_000002059bac3f00;  1 drivers
v000002059b9f65f0_0 .net *"_ivl_44", 0 0, L_000002059bae2ad0;  1 drivers
v000002059b9f64b0_0 .net *"_ivl_46", 0 0, L_000002059bac3fa0;  1 drivers
v000002059b9f60f0_0 .net *"_ivl_47", 0 0, L_000002059bae2c20;  1 drivers
v000002059b9f58d0_0 .net *"_ivl_49", 0 0, L_000002059bae2c90;  1 drivers
v000002059b9f44d0_0 .net *"_ivl_5", 0 0, L_000002059bae1cd0;  1 drivers
v000002059b9f62d0_0 .net *"_ivl_51", 0 0, L_000002059bac4860;  1 drivers
v000002059b9f4ed0_0 .net *"_ivl_52", 0 0, L_000002059bac4900;  1 drivers
v000002059b9f6190_0 .net *"_ivl_53", 0 0, L_000002059bac4400;  1 drivers
v000002059b9f5970_0 .net *"_ivl_54", 0 0, L_000002059bae2de0;  1 drivers
v000002059b9f5470_0 .net *"_ivl_56", 0 0, L_000002059bae32b0;  1 drivers
v000002059b9f4890_0 .net *"_ivl_58", 0 0, L_000002059bac4220;  1 drivers
v000002059b9f4610_0 .net *"_ivl_59", 0 0, L_000002059bac4c20;  1 drivers
v000002059b9f46b0_0 .net *"_ivl_60", 0 0, L_000002059bae1790;  1 drivers
v000002059b9f4f70_0 .net *"_ivl_62", 0 0, L_000002059bac4040;  1 drivers
v000002059b9f4430_0 .net *"_ivl_63", 0 0, L_000002059bae1f00;  1 drivers
v000002059b9f6410_0 .net *"_ivl_65", 0 0, L_000002059bae2670;  1 drivers
v000002059b9f6690_0 .net *"_ivl_67", 0 0, L_000002059bac4cc0;  1 drivers
v000002059b9f4110_0 .net *"_ivl_68", 0 0, L_000002059bac6020;  1 drivers
v000002059b9f6730_0 .net *"_ivl_69", 0 0, L_000002059bae18e0;  1 drivers
v000002059b9f5290_0 .net *"_ivl_7", 0 0, L_000002059bac2c40;  1 drivers
v000002059b9f49d0_0 .net *"_ivl_71", 0 0, L_000002059bac5940;  1 drivers
v000002059b9f4e30_0 .net *"_ivl_72", 0 0, L_000002059bae2050;  1 drivers
v000002059b9f4b10_0 .net *"_ivl_74", 0 0, L_000002059bac7100;  1 drivers
v000002059b9f5150_0 .net *"_ivl_75", 0 0, L_000002059bae1d40;  1 drivers
v000002059b9f6370_0 .net *"_ivl_77", 0 0, L_000002059bae2ec0;  1 drivers
v000002059b9f55b0_0 .net *"_ivl_79", 0 0, L_000002059bac7560;  1 drivers
v000002059b9f5ab0_0 .net *"_ivl_8", 0 0, L_000002059bac3a00;  1 drivers
v000002059b9f41b0_0 .net *"_ivl_80", 0 0, L_000002059bac5620;  1 drivers
v000002059b9f5a10_0 .net *"_ivl_81", 0 0, L_000002059bae2750;  1 drivers
v000002059b9f4d90_0 .net *"_ivl_83", 0 0, L_000002059bac6d40;  1 drivers
v000002059b9f5010_0 .net *"_ivl_84", 0 0, L_000002059bae27c0;  1 drivers
v000002059b9f50b0_0 .net *"_ivl_86", 0 0, L_000002059bac60c0;  1 drivers
v000002059b9f51f0_0 .net *"_ivl_87", 0 0, L_000002059bae2e50;  1 drivers
v000002059b9f5330_0 .net *"_ivl_89", 0 0, L_000002059bac5300;  1 drivers
v000002059b9f5510_0 .net *"_ivl_9", 0 0, L_000002059bac3aa0;  1 drivers
v000002059b9f5650_0 .net *"_ivl_90", 0 0, L_000002059bae2830;  1 drivers
v000002059b9f5bf0_0 .net *"_ivl_92", 0 0, L_000002059bae2fa0;  1 drivers
S_000002059b9d4430 .scope generate, "cla_blocks[11]" "cla_blocks[11]" 15 15, 15 15 0, S_000002059b9d3170;
 .timescale 0 0;
P_000002059b937d60 .param/l "i" 0 15 15, +C4<01011>;
L_000002059bae3010 .functor AND 1, L_000002059bac6ca0, L_000002059bac5c60, C4<1>, C4<1>;
L_000002059bae4820 .functor OR 1, L_000002059bac6520, L_000002059bae3010, C4<0>, C4<0>;
L_000002059bae4cf0 .functor AND 1, L_000002059bac59e0, L_000002059bac56c0, C4<1>, C4<1>;
L_000002059bae4890 .functor OR 1, L_000002059bac5a80, L_000002059bae4cf0, C4<0>, C4<0>;
L_000002059bae4a50 .functor AND 1, L_000002059bac7060, L_000002059bac5e40, C4<1>, C4<1>;
L_000002059bae4200 .functor AND 1, L_000002059bae4a50, L_000002059bac7240, C4<1>, C4<1>;
L_000002059bae4900 .functor OR 1, L_000002059bae4890, L_000002059bae4200, C4<0>, C4<0>;
L_000002059bae4740 .functor AND 1, L_000002059bac62a0, L_000002059bac5bc0, C4<1>, C4<1>;
L_000002059bae3d30 .functor OR 1, L_000002059bac5b20, L_000002059bae4740, C4<0>, C4<0>;
L_000002059bae4c80 .functor AND 1, L_000002059bac6160, L_000002059bac5760, C4<1>, C4<1>;
L_000002059bae3b70 .functor AND 1, L_000002059bae4c80, L_000002059bac71a0, C4<1>, C4<1>;
L_000002059bae3550 .functor OR 1, L_000002059bae3d30, L_000002059bae3b70, C4<0>, C4<0>;
L_000002059bae37f0 .functor AND 1, L_000002059bac7600, L_000002059bac65c0, C4<1>, C4<1>;
L_000002059bae36a0 .functor AND 1, L_000002059bae37f0, L_000002059bac5d00, C4<1>, C4<1>;
L_000002059bae3630 .functor AND 1, L_000002059bae36a0, L_000002059bac5580, C4<1>, C4<1>;
L_000002059bae3390 .functor OR 1, L_000002059bae3550, L_000002059bae3630, C4<0>, C4<0>;
L_000002059bae35c0 .functor AND 1, L_000002059bac7880, L_000002059bac53a0, C4<1>, C4<1>;
L_000002059bae4120 .functor OR 1, L_000002059bac72e0, L_000002059bae35c0, C4<0>, C4<0>;
L_000002059bae4d60 .functor AND 1, L_000002059bac6f20, L_000002059bac6480, C4<1>, C4<1>;
L_000002059bae3470 .functor AND 1, L_000002059bae4d60, L_000002059bac5800, C4<1>, C4<1>;
L_000002059bae3da0 .functor OR 1, L_000002059bae4120, L_000002059bae3470, C4<0>, C4<0>;
L_000002059bae39b0 .functor AND 1, L_000002059bac6200, L_000002059bac6700, C4<1>, C4<1>;
L_000002059bae3e10 .functor AND 1, L_000002059bae39b0, L_000002059bac7380, C4<1>, C4<1>;
L_000002059bae3710 .functor AND 1, L_000002059bae3e10, L_000002059bac6660, C4<1>, C4<1>;
L_000002059bae4970 .functor OR 1, L_000002059bae3da0, L_000002059bae3710, C4<0>, C4<0>;
L_000002059bae4040 .functor AND 1, L_000002059bac67a0, L_000002059bac6340, C4<1>, C4<1>;
L_000002059bae4350 .functor AND 1, L_000002059bae4040, L_000002059bac76a0, C4<1>, C4<1>;
L_000002059bae4dd0 .functor AND 1, L_000002059bae4350, L_000002059bac5da0, C4<1>, C4<1>;
L_000002059bae3e80 .functor AND 1, L_000002059bae4dd0, L_000002059bac74c0, C4<1>, C4<1>;
L_000002059bae4e40 .functor OR 1, L_000002059bae4970, L_000002059bae3e80, C4<0>, C4<0>;
v000002059b9f5c90_0 .net *"_ivl_0", 0 0, L_000002059bac6520;  1 drivers
v000002059b9f85d0_0 .net *"_ivl_1", 0 0, L_000002059bac6ca0;  1 drivers
v000002059b9f78b0_0 .net *"_ivl_10", 0 0, L_000002059bae4cf0;  1 drivers
v000002059b9f8710_0 .net *"_ivl_12", 0 0, L_000002059bae4890;  1 drivers
v000002059b9f7b30_0 .net *"_ivl_14", 0 0, L_000002059bac7060;  1 drivers
v000002059b9f6d70_0 .net *"_ivl_15", 0 0, L_000002059bac5e40;  1 drivers
v000002059b9f7770_0 .net *"_ivl_16", 0 0, L_000002059bae4a50;  1 drivers
v000002059b9f73b0_0 .net *"_ivl_18", 0 0, L_000002059bac7240;  1 drivers
v000002059b9f6eb0_0 .net *"_ivl_19", 0 0, L_000002059bae4200;  1 drivers
v000002059b9f74f0_0 .net *"_ivl_2", 0 0, L_000002059bac5c60;  1 drivers
v000002059b9f6b90_0 .net *"_ivl_21", 0 0, L_000002059bae4900;  1 drivers
v000002059b9f7c70_0 .net *"_ivl_23", 0 0, L_000002059bac5b20;  1 drivers
v000002059b9f7130_0 .net *"_ivl_24", 0 0, L_000002059bac62a0;  1 drivers
v000002059b9f71d0_0 .net *"_ivl_25", 0 0, L_000002059bac5bc0;  1 drivers
v000002059b9f7db0_0 .net *"_ivl_26", 0 0, L_000002059bae4740;  1 drivers
v000002059b9f6e10_0 .net *"_ivl_28", 0 0, L_000002059bae3d30;  1 drivers
v000002059b9f7d10_0 .net *"_ivl_3", 0 0, L_000002059bae3010;  1 drivers
v000002059b9f7310_0 .net *"_ivl_30", 0 0, L_000002059bac6160;  1 drivers
v000002059b9f7590_0 .net *"_ivl_31", 0 0, L_000002059bac5760;  1 drivers
v000002059b9f7090_0 .net *"_ivl_32", 0 0, L_000002059bae4c80;  1 drivers
v000002059b9f6af0_0 .net *"_ivl_34", 0 0, L_000002059bac71a0;  1 drivers
v000002059b9f8210_0 .net *"_ivl_35", 0 0, L_000002059bae3b70;  1 drivers
v000002059b9f82b0_0 .net *"_ivl_37", 0 0, L_000002059bae3550;  1 drivers
v000002059b9f8670_0 .net *"_ivl_39", 0 0, L_000002059bac7600;  1 drivers
v000002059b9f8170_0 .net *"_ivl_40", 0 0, L_000002059bac65c0;  1 drivers
v000002059b9f7ef0_0 .net *"_ivl_41", 0 0, L_000002059bae37f0;  1 drivers
v000002059b9f79f0_0 .net *"_ivl_43", 0 0, L_000002059bac5d00;  1 drivers
v000002059b9f7270_0 .net *"_ivl_44", 0 0, L_000002059bae36a0;  1 drivers
v000002059b9f7e50_0 .net *"_ivl_46", 0 0, L_000002059bac5580;  1 drivers
v000002059b9f8e90_0 .net *"_ivl_47", 0 0, L_000002059bae3630;  1 drivers
v000002059b9f8d50_0 .net *"_ivl_49", 0 0, L_000002059bae3390;  1 drivers
v000002059b9f8df0_0 .net *"_ivl_5", 0 0, L_000002059bae4820;  1 drivers
v000002059b9f6f50_0 .net *"_ivl_51", 0 0, L_000002059bac72e0;  1 drivers
v000002059b9f8ad0_0 .net *"_ivl_52", 0 0, L_000002059bac7880;  1 drivers
v000002059b9f7f90_0 .net *"_ivl_53", 0 0, L_000002059bac53a0;  1 drivers
v000002059b9f8030_0 .net *"_ivl_54", 0 0, L_000002059bae35c0;  1 drivers
v000002059b9f7630_0 .net *"_ivl_56", 0 0, L_000002059bae4120;  1 drivers
v000002059b9f6ff0_0 .net *"_ivl_58", 0 0, L_000002059bac6f20;  1 drivers
v000002059b9f7bd0_0 .net *"_ivl_59", 0 0, L_000002059bac6480;  1 drivers
v000002059b9f7450_0 .net *"_ivl_60", 0 0, L_000002059bae4d60;  1 drivers
v000002059b9f6c30_0 .net *"_ivl_62", 0 0, L_000002059bac5800;  1 drivers
v000002059b9f80d0_0 .net *"_ivl_63", 0 0, L_000002059bae3470;  1 drivers
v000002059b9f87b0_0 .net *"_ivl_65", 0 0, L_000002059bae3da0;  1 drivers
v000002059b9f8cb0_0 .net *"_ivl_67", 0 0, L_000002059bac6200;  1 drivers
v000002059b9f76d0_0 .net *"_ivl_68", 0 0, L_000002059bac6700;  1 drivers
v000002059b9f7810_0 .net *"_ivl_69", 0 0, L_000002059bae39b0;  1 drivers
v000002059b9f6cd0_0 .net *"_ivl_7", 0 0, L_000002059bac5a80;  1 drivers
v000002059b9f8f30_0 .net *"_ivl_71", 0 0, L_000002059bac7380;  1 drivers
v000002059b9f6870_0 .net *"_ivl_72", 0 0, L_000002059bae3e10;  1 drivers
v000002059b9f8350_0 .net *"_ivl_74", 0 0, L_000002059bac6660;  1 drivers
v000002059b9f8850_0 .net *"_ivl_75", 0 0, L_000002059bae3710;  1 drivers
v000002059b9f8530_0 .net *"_ivl_77", 0 0, L_000002059bae4970;  1 drivers
v000002059b9f7950_0 .net *"_ivl_79", 0 0, L_000002059bac67a0;  1 drivers
v000002059b9f88f0_0 .net *"_ivl_8", 0 0, L_000002059bac59e0;  1 drivers
v000002059b9f83f0_0 .net *"_ivl_80", 0 0, L_000002059bac6340;  1 drivers
v000002059b9f8990_0 .net *"_ivl_81", 0 0, L_000002059bae4040;  1 drivers
v000002059b9f8a30_0 .net *"_ivl_83", 0 0, L_000002059bac76a0;  1 drivers
v000002059b9f8fd0_0 .net *"_ivl_84", 0 0, L_000002059bae4350;  1 drivers
v000002059b9f8490_0 .net *"_ivl_86", 0 0, L_000002059bac5da0;  1 drivers
v000002059b9f7a90_0 .net *"_ivl_87", 0 0, L_000002059bae4dd0;  1 drivers
v000002059b9f8b70_0 .net *"_ivl_89", 0 0, L_000002059bac74c0;  1 drivers
v000002059b9f6910_0 .net *"_ivl_9", 0 0, L_000002059bac56c0;  1 drivers
v000002059b9f8c10_0 .net *"_ivl_90", 0 0, L_000002059bae3e80;  1 drivers
v000002059b9f69b0_0 .net *"_ivl_92", 0 0, L_000002059bae4e40;  1 drivers
S_000002059b9d4110 .scope module, "s3_u_cla_BA" "CLA" 7 131, 15 1 0, S_000002059b8ccf40;
 .timescale 0 0;
    .port_info 0 /INPUT 48 "A";
    .port_info 1 /INPUT 48 "B";
    .port_info 2 /INPUT 1 "Cin";
    .port_info 3 /OUTPUT 48 "Sum";
    .port_info 4 /OUTPUT 1 "Cout";
P_000002059b937760 .param/l "W" 0 15 1, +C4<00000000000000000000000000110000>;
L_000002059bb063f0 .functor AND 48, v000002059b8fe880_0, v000002059b8fac80_0, C4<111111111111111111111111111111111111111111111111>, C4<111111111111111111111111111111111111111111111111>;
L_000002059bb07650 .functor XOR 48, v000002059b8fe880_0, v000002059b8fac80_0, C4<000000000000000000000000000000000000000000000000>, C4<000000000000000000000000000000000000000000000000>;
L_000002059bb06460 .functor BUFZ 1, v000002059b8fbea0_0, C4<0>, C4<0>, C4<0>;
L_000002059bb07260 .functor XOR 48, L_000002059bb07650, L_000002059bad8540, C4<000000000000000000000000000000000000000000000000>, C4<000000000000000000000000000000000000000000000000>;
v000002059ba254f0_0 .net "A", 47 0, v000002059b8fe880_0;  alias, 1 drivers
v000002059ba24c30_0 .net "B", 47 0, v000002059b8fac80_0;  alias, 1 drivers
v000002059ba262b0_0 .net "C", 48 0, L_000002059bad6c40;  1 drivers
v000002059ba25ef0_0 .net "Cin", 0 0, v000002059b8fbea0_0;  alias, 1 drivers
v000002059ba24550_0 .net "Cout", 0 0, L_000002059bad6f60;  1 drivers
v000002059ba25590_0 .net "G", 47 0, L_000002059bb063f0;  1 drivers
v000002059ba249b0_0 .net "P", 47 0, L_000002059bb07650;  1 drivers
v000002059ba24a50_0 .net "Sum", 47 0, L_000002059bb07260;  alias, 1 drivers
v000002059ba26030_0 .net *"_ivl_512", 0 0, L_000002059bb06460;  1 drivers
v000002059ba24370_0 .net *"_ivl_516", 47 0, L_000002059bad8540;  1 drivers
L_000002059bac7420 .part L_000002059bb063f0, 0, 1;
L_000002059bac5120 .part L_000002059bb07650, 0, 1;
L_000002059bac5f80 .part L_000002059bad6c40, 0, 1;
L_000002059bac63e0 .part L_000002059bb063f0, 1, 1;
L_000002059bac6840 .part L_000002059bb07650, 1, 1;
L_000002059bac6b60 .part L_000002059bb063f0, 0, 1;
L_000002059bac58a0 .part L_000002059bb07650, 1, 1;
L_000002059bac68e0 .part L_000002059bb07650, 0, 1;
L_000002059bac6980 .part L_000002059bad6c40, 0, 1;
L_000002059bac6e80 .part L_000002059bb063f0, 2, 1;
L_000002059bac6a20 .part L_000002059bb07650, 2, 1;
L_000002059bac6ac0 .part L_000002059bb063f0, 1, 1;
L_000002059bac6c00 .part L_000002059bb07650, 2, 1;
L_000002059bac51c0 .part L_000002059bb07650, 1, 1;
L_000002059bac6de0 .part L_000002059bb063f0, 0, 1;
L_000002059bac6fc0 .part L_000002059bb07650, 2, 1;
L_000002059bac5260 .part L_000002059bb07650, 1, 1;
L_000002059bac5440 .part L_000002059bb07650, 0, 1;
L_000002059bac7f60 .part L_000002059bad6c40, 0, 1;
L_000002059bac54e0 .part L_000002059bb063f0, 3, 1;
L_000002059bac9d60 .part L_000002059bb07650, 3, 1;
L_000002059bac8aa0 .part L_000002059bb063f0, 2, 1;
L_000002059bac8000 .part L_000002059bb07650, 3, 1;
L_000002059bac8780 .part L_000002059bb07650, 2, 1;
L_000002059bac8d20 .part L_000002059bb063f0, 1, 1;
L_000002059bac92c0 .part L_000002059bb07650, 3, 1;
L_000002059bac8dc0 .part L_000002059bb07650, 2, 1;
L_000002059bac9e00 .part L_000002059bb07650, 1, 1;
L_000002059bac8e60 .part L_000002059bb063f0, 0, 1;
L_000002059bac7ba0 .part L_000002059bb07650, 3, 1;
L_000002059bac9a40 .part L_000002059bb07650, 2, 1;
L_000002059bac9720 .part L_000002059bb07650, 1, 1;
L_000002059bac81e0 .part L_000002059bb07650, 0, 1;
L_000002059bac8500 .part L_000002059bad6c40, 0, 1;
L_000002059bac80a0 .part L_000002059bb063f0, 4, 1;
L_000002059bac9cc0 .part L_000002059bb07650, 4, 1;
L_000002059bac8820 .part L_000002059bad6c40, 4, 1;
L_000002059bac8be0 .part L_000002059bb063f0, 5, 1;
L_000002059bac7920 .part L_000002059bb07650, 5, 1;
L_000002059bac9ea0 .part L_000002059bb063f0, 4, 1;
L_000002059bac85a0 .part L_000002059bb07650, 5, 1;
L_000002059bac8c80 .part L_000002059bb07650, 4, 1;
L_000002059bac9f40 .part L_000002059bad6c40, 4, 1;
L_000002059bac7c40 .part L_000002059bb063f0, 6, 1;
L_000002059bac8280 .part L_000002059bb07650, 6, 1;
L_000002059bac8320 .part L_000002059bb063f0, 5, 1;
L_000002059bac9400 .part L_000002059bb07650, 6, 1;
L_000002059bac7b00 .part L_000002059bb07650, 5, 1;
L_000002059bac97c0 .part L_000002059bb063f0, 4, 1;
L_000002059bac9360 .part L_000002059bb07650, 6, 1;
L_000002059bac95e0 .part L_000002059bb07650, 5, 1;
L_000002059bac7ce0 .part L_000002059bb07650, 4, 1;
L_000002059bac8140 .part L_000002059bad6c40, 4, 1;
L_000002059bac7e20 .part L_000002059bb063f0, 7, 1;
L_000002059bac83c0 .part L_000002059bb07650, 7, 1;
L_000002059bac94a0 .part L_000002059bb063f0, 6, 1;
L_000002059bac9680 .part L_000002059bb07650, 7, 1;
L_000002059bac8960 .part L_000002059bb07650, 6, 1;
L_000002059bac8640 .part L_000002059bb063f0, 5, 1;
L_000002059bac88c0 .part L_000002059bb07650, 7, 1;
L_000002059bac9fe0 .part L_000002059bb07650, 6, 1;
L_000002059bac8460 .part L_000002059bb07650, 5, 1;
L_000002059bac9ae0 .part L_000002059bb063f0, 4, 1;
L_000002059bac86e0 .part L_000002059bb07650, 7, 1;
L_000002059bac8a00 .part L_000002059bb07650, 6, 1;
L_000002059bac9b80 .part L_000002059bb07650, 5, 1;
L_000002059bac9860 .part L_000002059bb07650, 4, 1;
L_000002059bac8b40 .part L_000002059bad6c40, 4, 1;
L_000002059bac8f00 .part L_000002059bb063f0, 8, 1;
L_000002059bac8fa0 .part L_000002059bb07650, 8, 1;
L_000002059baca080 .part L_000002059bad6c40, 8, 1;
L_000002059bac9040 .part L_000002059bb063f0, 9, 1;
L_000002059bac7d80 .part L_000002059bb07650, 9, 1;
L_000002059bac90e0 .part L_000002059bb063f0, 8, 1;
L_000002059bac79c0 .part L_000002059bb07650, 9, 1;
L_000002059bac9180 .part L_000002059bb07650, 8, 1;
L_000002059bac7ec0 .part L_000002059bad6c40, 8, 1;
L_000002059bac7a60 .part L_000002059bb063f0, 10, 1;
L_000002059bac9c20 .part L_000002059bb07650, 10, 1;
L_000002059bac9900 .part L_000002059bb063f0, 9, 1;
L_000002059bac9220 .part L_000002059bb07650, 10, 1;
L_000002059bac9540 .part L_000002059bb07650, 9, 1;
L_000002059bac99a0 .part L_000002059bb063f0, 8, 1;
L_000002059bacaee0 .part L_000002059bb07650, 10, 1;
L_000002059bacad00 .part L_000002059bb07650, 9, 1;
L_000002059bacc1a0 .part L_000002059bb07650, 8, 1;
L_000002059bacb8e0 .part L_000002059bad6c40, 8, 1;
L_000002059bacabc0 .part L_000002059bb063f0, 11, 1;
L_000002059bacc100 .part L_000002059bb07650, 11, 1;
L_000002059baca800 .part L_000002059bb063f0, 10, 1;
L_000002059bacc6a0 .part L_000002059bb07650, 11, 1;
L_000002059bacb7a0 .part L_000002059bb07650, 10, 1;
L_000002059bacb020 .part L_000002059bb063f0, 9, 1;
L_000002059bacc740 .part L_000002059bb07650, 11, 1;
L_000002059baca9e0 .part L_000002059bb07650, 10, 1;
L_000002059bacac60 .part L_000002059bb07650, 9, 1;
L_000002059bacbe80 .part L_000002059bb063f0, 8, 1;
L_000002059baca580 .part L_000002059bb07650, 11, 1;
L_000002059baca4e0 .part L_000002059bb07650, 10, 1;
L_000002059bacb5c0 .part L_000002059bb07650, 9, 1;
L_000002059bacc880 .part L_000002059bb07650, 8, 1;
L_000002059bacbf20 .part L_000002059bad6c40, 8, 1;
L_000002059bacc600 .part L_000002059bb063f0, 12, 1;
L_000002059bacada0 .part L_000002059bb07650, 12, 1;
L_000002059bacc420 .part L_000002059bad6c40, 12, 1;
L_000002059bacb340 .part L_000002059bb063f0, 13, 1;
L_000002059bacaf80 .part L_000002059bb07650, 13, 1;
L_000002059bacae40 .part L_000002059bb063f0, 12, 1;
L_000002059bacb0c0 .part L_000002059bb07650, 13, 1;
L_000002059bacb980 .part L_000002059bb07650, 12, 1;
L_000002059bacba20 .part L_000002059bad6c40, 12, 1;
L_000002059bacbfc0 .part L_000002059bb063f0, 14, 1;
L_000002059bacb200 .part L_000002059bb07650, 14, 1;
L_000002059bacc060 .part L_000002059bb063f0, 13, 1;
L_000002059bacc380 .part L_000002059bb07650, 14, 1;
L_000002059bacb840 .part L_000002059bb07650, 13, 1;
L_000002059bacb160 .part L_000002059bb063f0, 12, 1;
L_000002059bacb2a0 .part L_000002059bb07650, 14, 1;
L_000002059bacbb60 .part L_000002059bb07650, 13, 1;
L_000002059bacc7e0 .part L_000002059bb07650, 12, 1;
L_000002059bacbc00 .part L_000002059bad6c40, 12, 1;
L_000002059bacc4c0 .part L_000002059bb063f0, 15, 1;
L_000002059bacb3e0 .part L_000002059bb07650, 15, 1;
L_000002059bacaa80 .part L_000002059bb063f0, 14, 1;
L_000002059baca120 .part L_000002059bb07650, 15, 1;
L_000002059bacc240 .part L_000002059bb07650, 14, 1;
L_000002059bacbac0 .part L_000002059bb063f0, 13, 1;
L_000002059bacb480 .part L_000002059bb07650, 15, 1;
L_000002059bacb700 .part L_000002059bb07650, 14, 1;
L_000002059baca620 .part L_000002059bb07650, 13, 1;
L_000002059baca1c0 .part L_000002059bb063f0, 12, 1;
L_000002059bacab20 .part L_000002059bb07650, 15, 1;
L_000002059baca6c0 .part L_000002059bb07650, 14, 1;
L_000002059bacb520 .part L_000002059bb07650, 13, 1;
L_000002059baca260 .part L_000002059bb07650, 12, 1;
L_000002059bacc560 .part L_000002059bad6c40, 12, 1;
L_000002059bacb660 .part L_000002059bb063f0, 16, 1;
L_000002059bacbca0 .part L_000002059bb07650, 16, 1;
L_000002059bacc2e0 .part L_000002059bad6c40, 16, 1;
L_000002059bacbd40 .part L_000002059bb063f0, 17, 1;
L_000002059baca8a0 .part L_000002059bb07650, 17, 1;
L_000002059bacbde0 .part L_000002059bb063f0, 16, 1;
L_000002059baca300 .part L_000002059bb07650, 17, 1;
L_000002059baca3a0 .part L_000002059bb07650, 16, 1;
L_000002059baca440 .part L_000002059bad6c40, 16, 1;
L_000002059baca760 .part L_000002059bb063f0, 18, 1;
L_000002059baca940 .part L_000002059bb07650, 18, 1;
L_000002059bacd500 .part L_000002059bb063f0, 17, 1;
L_000002059bace680 .part L_000002059bb07650, 18, 1;
L_000002059baced60 .part L_000002059bb07650, 17, 1;
L_000002059bacd780 .part L_000002059bb063f0, 16, 1;
L_000002059bacdbe0 .part L_000002059bb07650, 18, 1;
L_000002059bacdc80 .part L_000002059bb07650, 17, 1;
L_000002059bacd460 .part L_000002059bb07650, 16, 1;
L_000002059bace0e0 .part L_000002059bad6c40, 16, 1;
L_000002059bace7c0 .part L_000002059bb063f0, 19, 1;
L_000002059baccba0 .part L_000002059bb07650, 19, 1;
L_000002059bace720 .part L_000002059bb063f0, 18, 1;
L_000002059baccc40 .part L_000002059bb07650, 19, 1;
L_000002059bacea40 .part L_000002059bb07650, 18, 1;
L_000002059bace900 .part L_000002059bb063f0, 17, 1;
L_000002059baceea0 .part L_000002059bb07650, 19, 1;
L_000002059baceae0 .part L_000002059bb07650, 18, 1;
L_000002059bace400 .part L_000002059bb07650, 17, 1;
L_000002059bacefe0 .part L_000002059bb063f0, 16, 1;
L_000002059bacd5a0 .part L_000002059bb07650, 19, 1;
L_000002059bacdd20 .part L_000002059bb07650, 18, 1;
L_000002059bace5e0 .part L_000002059bb07650, 17, 1;
L_000002059bace180 .part L_000002059bb07650, 16, 1;
L_000002059bacd000 .part L_000002059bad6c40, 16, 1;
L_000002059bacd640 .part L_000002059bb063f0, 20, 1;
L_000002059bace220 .part L_000002059bb07650, 20, 1;
L_000002059baceb80 .part L_000002059bad6c40, 20, 1;
L_000002059bace540 .part L_000002059bb063f0, 21, 1;
L_000002059bacc920 .part L_000002059bb07650, 21, 1;
L_000002059bacd820 .part L_000002059bb063f0, 20, 1;
L_000002059bacd8c0 .part L_000002059bb07650, 21, 1;
L_000002059bacddc0 .part L_000002059bb07650, 20, 1;
L_000002059bace4a0 .part L_000002059bad6c40, 20, 1;
L_000002059bace860 .part L_000002059bb063f0, 22, 1;
L_000002059bacd280 .part L_000002059bb07650, 22, 1;
L_000002059bacd1e0 .part L_000002059bb063f0, 21, 1;
L_000002059bace360 .part L_000002059bb07650, 22, 1;
L_000002059bace9a0 .part L_000002059bb07650, 21, 1;
L_000002059baccce0 .part L_000002059bb063f0, 20, 1;
L_000002059bacec20 .part L_000002059bb07650, 22, 1;
L_000002059bacd320 .part L_000002059bb07650, 21, 1;
L_000002059bacef40 .part L_000002059bb07650, 20, 1;
L_000002059baccf60 .part L_000002059bad6c40, 20, 1;
L_000002059bacd6e0 .part L_000002059bb063f0, 23, 1;
L_000002059bacf080 .part L_000002059bb07650, 23, 1;
L_000002059bacd3c0 .part L_000002059bb063f0, 22, 1;
L_000002059bacecc0 .part L_000002059bb07650, 23, 1;
L_000002059bace040 .part L_000002059bb07650, 22, 1;
L_000002059bacde60 .part L_000002059bb063f0, 21, 1;
L_000002059bace2c0 .part L_000002059bb07650, 23, 1;
L_000002059bacee00 .part L_000002059bb07650, 22, 1;
L_000002059bacc9c0 .part L_000002059bb07650, 21, 1;
L_000002059bacdb40 .part L_000002059bb063f0, 20, 1;
L_000002059bacca60 .part L_000002059bb07650, 23, 1;
L_000002059baccb00 .part L_000002059bb07650, 22, 1;
L_000002059bacdf00 .part L_000002059bb07650, 21, 1;
L_000002059bacdfa0 .part L_000002059bb07650, 20, 1;
L_000002059baccd80 .part L_000002059bad6c40, 20, 1;
L_000002059bacd960 .part L_000002059bb063f0, 24, 1;
L_000002059bacd0a0 .part L_000002059bb07650, 24, 1;
L_000002059bacce20 .part L_000002059bad6c40, 24, 1;
L_000002059baccec0 .part L_000002059bb063f0, 25, 1;
L_000002059bacd140 .part L_000002059bb07650, 25, 1;
L_000002059bacda00 .part L_000002059bb063f0, 24, 1;
L_000002059bacdaa0 .part L_000002059bb07650, 25, 1;
L_000002059bacfda0 .part L_000002059bb07650, 24, 1;
L_000002059bad1880 .part L_000002059bad6c40, 24, 1;
L_000002059bacf300 .part L_000002059bb063f0, 26, 1;
L_000002059bacf3a0 .part L_000002059bb07650, 26, 1;
L_000002059bacfa80 .part L_000002059bb063f0, 25, 1;
L_000002059bad1560 .part L_000002059bb07650, 26, 1;
L_000002059bad0c00 .part L_000002059bb07650, 25, 1;
L_000002059bacfbc0 .part L_000002059bb063f0, 24, 1;
L_000002059bacf9e0 .part L_000002059bb07650, 26, 1;
L_000002059bad0480 .part L_000002059bb07650, 25, 1;
L_000002059bacfc60 .part L_000002059bb07650, 24, 1;
L_000002059bacfe40 .part L_000002059bad6c40, 24, 1;
L_000002059bacf760 .part L_000002059bb063f0, 27, 1;
L_000002059bad0e80 .part L_000002059bb07650, 27, 1;
L_000002059bad0200 .part L_000002059bb063f0, 26, 1;
L_000002059bad02a0 .part L_000002059bb07650, 27, 1;
L_000002059bad1380 .part L_000002059bb07650, 26, 1;
L_000002059bad0de0 .part L_000002059bb063f0, 25, 1;
L_000002059bad0020 .part L_000002059bb07650, 27, 1;
L_000002059bad00c0 .part L_000002059bb07650, 26, 1;
L_000002059bad0520 .part L_000002059bb07650, 25, 1;
L_000002059bad0ac0 .part L_000002059bb063f0, 24, 1;
L_000002059bacf120 .part L_000002059bb07650, 27, 1;
L_000002059bacf800 .part L_000002059bb07650, 26, 1;
L_000002059bad1740 .part L_000002059bb07650, 25, 1;
L_000002059bacf4e0 .part L_000002059bb07650, 24, 1;
L_000002059bad05c0 .part L_000002059bad6c40, 24, 1;
L_000002059bad08e0 .part L_000002059bb063f0, 28, 1;
L_000002059bad0f20 .part L_000002059bb07650, 28, 1;
L_000002059bad0fc0 .part L_000002059bad6c40, 28, 1;
L_000002059bad1420 .part L_000002059bb063f0, 29, 1;
L_000002059bad17e0 .part L_000002059bb07650, 29, 1;
L_000002059bad12e0 .part L_000002059bb063f0, 28, 1;
L_000002059bacfd00 .part L_000002059bb07650, 29, 1;
L_000002059bad0660 .part L_000002059bb07650, 28, 1;
L_000002059bad1060 .part L_000002059bad6c40, 28, 1;
L_000002059bad0980 .part L_000002059bb063f0, 30, 1;
L_000002059bacfb20 .part L_000002059bb07650, 30, 1;
L_000002059bacf1c0 .part L_000002059bb063f0, 29, 1;
L_000002059bad1100 .part L_000002059bb07650, 30, 1;
L_000002059bad1600 .part L_000002059bb07650, 29, 1;
L_000002059bad0160 .part L_000002059bb063f0, 28, 1;
L_000002059bad0340 .part L_000002059bb07650, 30, 1;
L_000002059bad0700 .part L_000002059bb07650, 29, 1;
L_000002059bad16a0 .part L_000002059bb07650, 28, 1;
L_000002059bacf580 .part L_000002059bad6c40, 28, 1;
L_000002059bad0ca0 .part L_000002059bb063f0, 31, 1;
L_000002059bacf620 .part L_000002059bb07650, 31, 1;
L_000002059bacf8a0 .part L_000002059bb063f0, 30, 1;
L_000002059bacfee0 .part L_000002059bb07650, 31, 1;
L_000002059bacff80 .part L_000002059bb07650, 30, 1;
L_000002059bad0b60 .part L_000002059bb063f0, 29, 1;
L_000002059bad03e0 .part L_000002059bb07650, 31, 1;
L_000002059bad07a0 .part L_000002059bb07650, 30, 1;
L_000002059bad0840 .part L_000002059bb07650, 29, 1;
L_000002059bacf260 .part L_000002059bb063f0, 28, 1;
L_000002059bacf440 .part L_000002059bb07650, 31, 1;
L_000002059bad0a20 .part L_000002059bb07650, 30, 1;
L_000002059bad0d40 .part L_000002059bb07650, 29, 1;
L_000002059bad11a0 .part L_000002059bb07650, 28, 1;
L_000002059bacf6c0 .part L_000002059bad6c40, 28, 1;
L_000002059bacf940 .part L_000002059bb063f0, 32, 1;
L_000002059bad1240 .part L_000002059bb07650, 32, 1;
L_000002059bad14c0 .part L_000002059bad6c40, 32, 1;
L_000002059bad3d60 .part L_000002059bb063f0, 33, 1;
L_000002059bad3540 .part L_000002059bb07650, 33, 1;
L_000002059bad1920 .part L_000002059bb063f0, 32, 1;
L_000002059bad1f60 .part L_000002059bb07650, 33, 1;
L_000002059bad2780 .part L_000002059bb07650, 32, 1;
L_000002059bad2d20 .part L_000002059bad6c40, 32, 1;
L_000002059bad3180 .part L_000002059bb063f0, 34, 1;
L_000002059bad35e0 .part L_000002059bb07650, 34, 1;
L_000002059bad2280 .part L_000002059bb063f0, 33, 1;
L_000002059bad2dc0 .part L_000002059bb07650, 34, 1;
L_000002059bad3360 .part L_000002059bb07650, 33, 1;
L_000002059bad2140 .part L_000002059bb063f0, 32, 1;
L_000002059bad3220 .part L_000002059bb07650, 34, 1;
L_000002059bad3400 .part L_000002059bb07650, 33, 1;
L_000002059bad3680 .part L_000002059bb07650, 32, 1;
L_000002059bad3e00 .part L_000002059bad6c40, 32, 1;
L_000002059bad3900 .part L_000002059bb063f0, 35, 1;
L_000002059bad2460 .part L_000002059bb07650, 35, 1;
L_000002059bad3ea0 .part L_000002059bb063f0, 34, 1;
L_000002059bad2000 .part L_000002059bb07650, 35, 1;
L_000002059bad3720 .part L_000002059bb07650, 34, 1;
L_000002059bad25a0 .part L_000002059bb063f0, 33, 1;
L_000002059bad26e0 .part L_000002059bb07650, 35, 1;
L_000002059bad32c0 .part L_000002059bb07650, 34, 1;
L_000002059bad2b40 .part L_000002059bb07650, 33, 1;
L_000002059bad2c80 .part L_000002059bb063f0, 32, 1;
L_000002059bad34a0 .part L_000002059bb07650, 35, 1;
L_000002059bad1b00 .part L_000002059bb07650, 34, 1;
L_000002059bad30e0 .part L_000002059bb07650, 33, 1;
L_000002059bad20a0 .part L_000002059bb07650, 32, 1;
L_000002059bad21e0 .part L_000002059bad6c40, 32, 1;
L_000002059bad37c0 .part L_000002059bb063f0, 36, 1;
L_000002059bad3860 .part L_000002059bb07650, 36, 1;
L_000002059bad19c0 .part L_000002059bad6c40, 36, 1;
L_000002059bad2f00 .part L_000002059bb063f0, 37, 1;
L_000002059bad39a0 .part L_000002059bb07650, 37, 1;
L_000002059bad2500 .part L_000002059bb063f0, 36, 1;
L_000002059bad2e60 .part L_000002059bb07650, 37, 1;
L_000002059bad2320 .part L_000002059bb07650, 36, 1;
L_000002059bad1d80 .part L_000002059bad6c40, 36, 1;
L_000002059bad1a60 .part L_000002059bb063f0, 38, 1;
L_000002059bad2820 .part L_000002059bb07650, 38, 1;
L_000002059bad3a40 .part L_000002059bb063f0, 37, 1;
L_000002059bad2fa0 .part L_000002059bb07650, 38, 1;
L_000002059bad2be0 .part L_000002059bb07650, 37, 1;
L_000002059bad3f40 .part L_000002059bb063f0, 36, 1;
L_000002059bad3040 .part L_000002059bb07650, 38, 1;
L_000002059bad3ae0 .part L_000002059bb07650, 37, 1;
L_000002059bad23c0 .part L_000002059bb07650, 36, 1;
L_000002059bad3fe0 .part L_000002059bad6c40, 36, 1;
L_000002059bad2640 .part L_000002059bb063f0, 39, 1;
L_000002059bad28c0 .part L_000002059bb07650, 39, 1;
L_000002059bad3b80 .part L_000002059bb063f0, 38, 1;
L_000002059bad3cc0 .part L_000002059bb07650, 39, 1;
L_000002059bad4080 .part L_000002059bb07650, 38, 1;
L_000002059bad3c20 .part L_000002059bb063f0, 37, 1;
L_000002059bad1ba0 .part L_000002059bb07650, 39, 1;
L_000002059bad2960 .part L_000002059bb07650, 38, 1;
L_000002059bad1c40 .part L_000002059bb07650, 37, 1;
L_000002059bad2a00 .part L_000002059bb063f0, 36, 1;
L_000002059bad1ce0 .part L_000002059bb07650, 39, 1;
L_000002059bad2aa0 .part L_000002059bb07650, 38, 1;
L_000002059bad1e20 .part L_000002059bb07650, 37, 1;
L_000002059bad1ec0 .part L_000002059bb07650, 36, 1;
L_000002059bad4c60 .part L_000002059bad6c40, 36, 1;
L_000002059bad6600 .part L_000002059bb063f0, 40, 1;
L_000002059bad5f20 .part L_000002059bb07650, 40, 1;
L_000002059bad49e0 .part L_000002059bad6c40, 40, 1;
L_000002059bad66a0 .part L_000002059bb063f0, 41, 1;
L_000002059bad6740 .part L_000002059bb07650, 41, 1;
L_000002059bad67e0 .part L_000002059bb063f0, 40, 1;
L_000002059bad5fc0 .part L_000002059bb07650, 41, 1;
L_000002059bad6560 .part L_000002059bb07650, 40, 1;
L_000002059bad48a0 .part L_000002059bad6c40, 40, 1;
L_000002059bad6880 .part L_000002059bb063f0, 42, 1;
L_000002059bad4a80 .part L_000002059bb07650, 42, 1;
L_000002059bad4120 .part L_000002059bb063f0, 41, 1;
L_000002059bad6060 .part L_000002059bb07650, 42, 1;
L_000002059bad55c0 .part L_000002059bb07650, 41, 1;
L_000002059bad5de0 .part L_000002059bb063f0, 40, 1;
L_000002059bad62e0 .part L_000002059bb07650, 42, 1;
L_000002059bad58e0 .part L_000002059bb07650, 41, 1;
L_000002059bad41c0 .part L_000002059bb07650, 40, 1;
L_000002059bad5200 .part L_000002059bad6c40, 40, 1;
L_000002059bad4d00 .part L_000002059bb063f0, 43, 1;
L_000002059bad4da0 .part L_000002059bb07650, 43, 1;
L_000002059bad5e80 .part L_000002059bb063f0, 42, 1;
L_000002059bad5980 .part L_000002059bb07650, 43, 1;
L_000002059bad4b20 .part L_000002059bb07650, 42, 1;
L_000002059bad4800 .part L_000002059bb063f0, 41, 1;
L_000002059bad4bc0 .part L_000002059bb07650, 43, 1;
L_000002059bad5ca0 .part L_000002059bb07650, 42, 1;
L_000002059bad4760 .part L_000002059bb07650, 41, 1;
L_000002059bad4300 .part L_000002059bb063f0, 40, 1;
L_000002059bad5b60 .part L_000002059bb07650, 43, 1;
L_000002059bad4580 .part L_000002059bb07650, 42, 1;
L_000002059bad6100 .part L_000002059bb07650, 41, 1;
L_000002059bad4620 .part L_000002059bb07650, 40, 1;
L_000002059bad43a0 .part L_000002059bad6c40, 40, 1;
L_000002059bad61a0 .part L_000002059bb063f0, 44, 1;
L_000002059bad4940 .part L_000002059bb07650, 44, 1;
L_000002059bad4440 .part L_000002059bad6c40, 44, 1;
L_000002059bad5c00 .part L_000002059bb063f0, 45, 1;
L_000002059bad4e40 .part L_000002059bb07650, 45, 1;
L_000002059bad52a0 .part L_000002059bb063f0, 44, 1;
L_000002059bad4260 .part L_000002059bb07650, 45, 1;
L_000002059bad4ee0 .part L_000002059bb07650, 44, 1;
L_000002059bad44e0 .part L_000002059bad6c40, 44, 1;
L_000002059bad5520 .part L_000002059bb063f0, 46, 1;
L_000002059bad4f80 .part L_000002059bb07650, 46, 1;
L_000002059bad5020 .part L_000002059bb063f0, 45, 1;
L_000002059bad46c0 .part L_000002059bb07650, 46, 1;
L_000002059bad50c0 .part L_000002059bb07650, 45, 1;
L_000002059bad5160 .part L_000002059bb063f0, 44, 1;
L_000002059bad53e0 .part L_000002059bb07650, 46, 1;
L_000002059bad5340 .part L_000002059bb07650, 45, 1;
L_000002059bad6240 .part L_000002059bb07650, 44, 1;
L_000002059bad5660 .part L_000002059bad6c40, 44, 1;
L_000002059bad5480 .part L_000002059bb063f0, 47, 1;
L_000002059bad5700 .part L_000002059bb07650, 47, 1;
L_000002059bad5d40 .part L_000002059bb063f0, 46, 1;
L_000002059bad6380 .part L_000002059bb07650, 47, 1;
L_000002059bad57a0 .part L_000002059bb07650, 46, 1;
L_000002059bad64c0 .part L_000002059bb063f0, 45, 1;
L_000002059bad6420 .part L_000002059bb07650, 47, 1;
L_000002059bad5840 .part L_000002059bb07650, 46, 1;
L_000002059bad5ac0 .part L_000002059bb07650, 45, 1;
L_000002059bad5a20 .part L_000002059bb063f0, 44, 1;
L_000002059bad73c0 .part L_000002059bb07650, 47, 1;
L_000002059bad85e0 .part L_000002059bb07650, 46, 1;
L_000002059bad84a0 .part L_000002059bb07650, 45, 1;
L_000002059bad71e0 .part L_000002059bb07650, 44, 1;
L_000002059bad7960 .part L_000002059bad6c40, 44, 1;
LS_000002059bad6c40_0_0 .concat8 [ 1 1 1 1], L_000002059bb06460, L_000002059bae3860, L_000002059bae4ba0, L_000002059bae4b30;
LS_000002059bad6c40_0_4 .concat8 [ 1 1 1 1], L_000002059bae3780, L_000002059bae69d0, L_000002059bae6570, L_000002059bae5b60;
LS_000002059bad6c40_0_8 .concat8 [ 1 1 1 1], L_000002059bae6a40, L_000002059bae65e0, L_000002059bae66c0, L_000002059bae6180;
LS_000002059bad6c40_0_12 .concat8 [ 1 1 1 1], L_000002059bae5af0, L_000002059bae5770, L_000002059bae81e0, L_000002059bae8720;
LS_000002059bad6c40_0_16 .concat8 [ 1 1 1 1], L_000002059bae8090, L_000002059bae6d50, L_000002059bae7140, L_000002059bae7290;
LS_000002059bad6c40_0_20 .concat8 [ 1 1 1 1], L_000002059bae73e0, L_000002059bae6c70, L_000002059bae78b0, L_000002059bae8cd0;
LS_000002059bad6c40_0_24 .concat8 [ 1 1 1 1], L_000002059bae8f70, L_000002059bae90c0, L_000002059bae94b0, L_000002059bafc800;
LS_000002059bad6c40_0_28 .concat8 [ 1 1 1 1], L_000002059bafc090, L_000002059bafd280, L_000002059bafd600, L_000002059bafd670;
LS_000002059bad6c40_0_32 .concat8 [ 1 1 1 1], L_000002059bafc1e0, L_000002059bafcfe0, L_000002059bafd980, L_000002059bafdb40;
LS_000002059bad6c40_0_36 .concat8 [ 1 1 1 1], L_000002059bafdd70, L_000002059bafdfa0, L_000002059bafa730, L_000002059bafa6c0;
LS_000002059bad6c40_0_40 .concat8 [ 1 1 1 1], L_000002059bafbbc0, L_000002059bafb140, L_000002059bafb990, L_000002059bafae30;
LS_000002059bad6c40_0_44 .concat8 [ 1 1 1 1], L_000002059bafac00, L_000002059bafb450, L_000002059bafac70, L_000002059bb06af0;
LS_000002059bad6c40_0_48 .concat8 [ 1 0 0 0], L_000002059bb05c10;
LS_000002059bad6c40_1_0 .concat8 [ 4 4 4 4], LS_000002059bad6c40_0_0, LS_000002059bad6c40_0_4, LS_000002059bad6c40_0_8, LS_000002059bad6c40_0_12;
LS_000002059bad6c40_1_4 .concat8 [ 4 4 4 4], LS_000002059bad6c40_0_16, LS_000002059bad6c40_0_20, LS_000002059bad6c40_0_24, LS_000002059bad6c40_0_28;
LS_000002059bad6c40_1_8 .concat8 [ 4 4 4 4], LS_000002059bad6c40_0_32, LS_000002059bad6c40_0_36, LS_000002059bad6c40_0_40, LS_000002059bad6c40_0_44;
LS_000002059bad6c40_1_12 .concat8 [ 1 0 0 0], LS_000002059bad6c40_0_48;
L_000002059bad6c40 .concat8 [ 16 16 16 1], LS_000002059bad6c40_1_0, LS_000002059bad6c40_1_4, LS_000002059bad6c40_1_8, LS_000002059bad6c40_1_12;
L_000002059bad6f60 .part L_000002059bad6c40, 48, 1;
L_000002059bad8540 .part L_000002059bad6c40, 0, 48;
S_000002059b9d29a0 .scope generate, "cla_blocks[0]" "cla_blocks[0]" 15 15, 15 15 0, S_000002059b9d4110;
 .timescale 0 0;
P_000002059b937ea0 .param/l "i" 0 15 15, +C4<00>;
L_000002059bae3ef0 .functor AND 1, L_000002059bac5120, L_000002059bac5f80, C4<1>, C4<1>;
L_000002059bae3860 .functor OR 1, L_000002059bac7420, L_000002059bae3ef0, C4<0>, C4<0>;
L_000002059bae34e0 .functor AND 1, L_000002059bac6840, L_000002059bac6b60, C4<1>, C4<1>;
L_000002059bae3a90 .functor OR 1, L_000002059bac63e0, L_000002059bae34e0, C4<0>, C4<0>;
L_000002059bae3f60 .functor AND 1, L_000002059bac58a0, L_000002059bac68e0, C4<1>, C4<1>;
L_000002059bae46d0 .functor AND 1, L_000002059bae3f60, L_000002059bac6980, C4<1>, C4<1>;
L_000002059bae4ba0 .functor OR 1, L_000002059bae3a90, L_000002059bae46d0, C4<0>, C4<0>;
L_000002059bae47b0 .functor AND 1, L_000002059bac6a20, L_000002059bac6ac0, C4<1>, C4<1>;
L_000002059bae40b0 .functor OR 1, L_000002059bac6e80, L_000002059bae47b0, C4<0>, C4<0>;
L_000002059bae3c50 .functor AND 1, L_000002059bac6c00, L_000002059bac51c0, C4<1>, C4<1>;
L_000002059bae3b00 .functor AND 1, L_000002059bae3c50, L_000002059bac6de0, C4<1>, C4<1>;
L_000002059bae4ac0 .functor OR 1, L_000002059bae40b0, L_000002059bae3b00, C4<0>, C4<0>;
L_000002059bae3be0 .functor AND 1, L_000002059bac6fc0, L_000002059bac5260, C4<1>, C4<1>;
L_000002059bae4270 .functor AND 1, L_000002059bae3be0, L_000002059bac5440, C4<1>, C4<1>;
L_000002059bae38d0 .functor AND 1, L_000002059bae4270, L_000002059bac7f60, C4<1>, C4<1>;
L_000002059bae4b30 .functor OR 1, L_000002059bae4ac0, L_000002059bae38d0, C4<0>, C4<0>;
L_000002059bae3fd0 .functor AND 1, L_000002059bac9d60, L_000002059bac8aa0, C4<1>, C4<1>;
L_000002059bae42e0 .functor OR 1, L_000002059bac54e0, L_000002059bae3fd0, C4<0>, C4<0>;
L_000002059bae4190 .functor AND 1, L_000002059bac8000, L_000002059bac8780, C4<1>, C4<1>;
L_000002059bae4eb0 .functor AND 1, L_000002059bae4190, L_000002059bac8d20, C4<1>, C4<1>;
L_000002059bae43c0 .functor OR 1, L_000002059bae42e0, L_000002059bae4eb0, C4<0>, C4<0>;
L_000002059bae4660 .functor AND 1, L_000002059bac92c0, L_000002059bac8dc0, C4<1>, C4<1>;
L_000002059bae4f20 .functor AND 1, L_000002059bae4660, L_000002059bac9e00, C4<1>, C4<1>;
L_000002059bae45f0 .functor AND 1, L_000002059bae4f20, L_000002059bac8e60, C4<1>, C4<1>;
L_000002059bae3cc0 .functor OR 1, L_000002059bae43c0, L_000002059bae45f0, C4<0>, C4<0>;
L_000002059bae4430 .functor AND 1, L_000002059bac7ba0, L_000002059bac9a40, C4<1>, C4<1>;
L_000002059bae44a0 .functor AND 1, L_000002059bae4430, L_000002059bac9720, C4<1>, C4<1>;
L_000002059bae4510 .functor AND 1, L_000002059bae44a0, L_000002059bac81e0, C4<1>, C4<1>;
L_000002059bae4580 .functor AND 1, L_000002059bae4510, L_000002059bac8500, C4<1>, C4<1>;
L_000002059bae3780 .functor OR 1, L_000002059bae3cc0, L_000002059bae4580, C4<0>, C4<0>;
v000002059b9fa3d0_0 .net *"_ivl_0", 0 0, L_000002059bac7420;  1 drivers
v000002059b9f92f0_0 .net *"_ivl_1", 0 0, L_000002059bac5120;  1 drivers
v000002059b9f9070_0 .net *"_ivl_10", 0 0, L_000002059bae34e0;  1 drivers
v000002059b9f9890_0 .net *"_ivl_12", 0 0, L_000002059bae3a90;  1 drivers
v000002059b9f9110_0 .net *"_ivl_14", 0 0, L_000002059bac58a0;  1 drivers
v000002059b9fb050_0 .net *"_ivl_15", 0 0, L_000002059bac68e0;  1 drivers
v000002059b9f9c50_0 .net *"_ivl_16", 0 0, L_000002059bae3f60;  1 drivers
v000002059b9fadd0_0 .net *"_ivl_18", 0 0, L_000002059bac6980;  1 drivers
v000002059b9fb5f0_0 .net *"_ivl_19", 0 0, L_000002059bae46d0;  1 drivers
v000002059b9fa330_0 .net *"_ivl_2", 0 0, L_000002059bac5f80;  1 drivers
v000002059b9faab0_0 .net *"_ivl_21", 0 0, L_000002059bae4ba0;  1 drivers
v000002059b9fb410_0 .net *"_ivl_23", 0 0, L_000002059bac6e80;  1 drivers
v000002059b9fa1f0_0 .net *"_ivl_24", 0 0, L_000002059bac6a20;  1 drivers
v000002059b9f9f70_0 .net *"_ivl_25", 0 0, L_000002059bac6ac0;  1 drivers
v000002059b9fa010_0 .net *"_ivl_26", 0 0, L_000002059bae47b0;  1 drivers
v000002059b9fa510_0 .net *"_ivl_28", 0 0, L_000002059bae40b0;  1 drivers
v000002059b9fa0b0_0 .net *"_ivl_3", 0 0, L_000002059bae3ef0;  1 drivers
v000002059b9f96b0_0 .net *"_ivl_30", 0 0, L_000002059bac6c00;  1 drivers
v000002059b9fa5b0_0 .net *"_ivl_31", 0 0, L_000002059bac51c0;  1 drivers
v000002059b9fafb0_0 .net *"_ivl_32", 0 0, L_000002059bae3c50;  1 drivers
v000002059b9fa470_0 .net *"_ivl_34", 0 0, L_000002059bac6de0;  1 drivers
v000002059b9fac90_0 .net *"_ivl_35", 0 0, L_000002059bae3b00;  1 drivers
v000002059b9f94d0_0 .net *"_ivl_37", 0 0, L_000002059bae4ac0;  1 drivers
v000002059b9f9430_0 .net *"_ivl_39", 0 0, L_000002059bac6fc0;  1 drivers
v000002059b9f9cf0_0 .net *"_ivl_40", 0 0, L_000002059bac5260;  1 drivers
v000002059b9f9390_0 .net *"_ivl_41", 0 0, L_000002059bae3be0;  1 drivers
v000002059b9fa650_0 .net *"_ivl_43", 0 0, L_000002059bac5440;  1 drivers
v000002059b9f9930_0 .net *"_ivl_44", 0 0, L_000002059bae4270;  1 drivers
v000002059b9f99d0_0 .net *"_ivl_46", 0 0, L_000002059bac7f60;  1 drivers
v000002059b9fa6f0_0 .net *"_ivl_47", 0 0, L_000002059bae38d0;  1 drivers
v000002059b9f9570_0 .net *"_ivl_49", 0 0, L_000002059bae4b30;  1 drivers
v000002059b9fa790_0 .net *"_ivl_5", 0 0, L_000002059bae3860;  1 drivers
v000002059b9f9b10_0 .net *"_ivl_51", 0 0, L_000002059bac54e0;  1 drivers
v000002059b9f9d90_0 .net *"_ivl_52", 0 0, L_000002059bac9d60;  1 drivers
v000002059b9f9a70_0 .net *"_ivl_53", 0 0, L_000002059bac8aa0;  1 drivers
v000002059b9f9610_0 .net *"_ivl_54", 0 0, L_000002059bae3fd0;  1 drivers
v000002059b9faa10_0 .net *"_ivl_56", 0 0, L_000002059bae42e0;  1 drivers
v000002059b9fb0f0_0 .net *"_ivl_58", 0 0, L_000002059bac8000;  1 drivers
v000002059b9fb190_0 .net *"_ivl_59", 0 0, L_000002059bac8780;  1 drivers
v000002059b9fa970_0 .net *"_ivl_60", 0 0, L_000002059bae4190;  1 drivers
v000002059b9fa830_0 .net *"_ivl_62", 0 0, L_000002059bac8d20;  1 drivers
v000002059b9fa8d0_0 .net *"_ivl_63", 0 0, L_000002059bae4eb0;  1 drivers
v000002059b9f9bb0_0 .net *"_ivl_65", 0 0, L_000002059bae43c0;  1 drivers
v000002059b9fb230_0 .net *"_ivl_67", 0 0, L_000002059bac92c0;  1 drivers
v000002059b9fb690_0 .net *"_ivl_68", 0 0, L_000002059bac8dc0;  1 drivers
v000002059b9fb730_0 .net *"_ivl_69", 0 0, L_000002059bae4660;  1 drivers
v000002059b9fb7d0_0 .net *"_ivl_7", 0 0, L_000002059bac63e0;  1 drivers
v000002059b9f9750_0 .net *"_ivl_71", 0 0, L_000002059bac9e00;  1 drivers
v000002059b9fb2d0_0 .net *"_ivl_72", 0 0, L_000002059bae4f20;  1 drivers
v000002059b9fb370_0 .net *"_ivl_74", 0 0, L_000002059bac8e60;  1 drivers
v000002059b9f91b0_0 .net *"_ivl_75", 0 0, L_000002059bae45f0;  1 drivers
v000002059b9f9e30_0 .net *"_ivl_77", 0 0, L_000002059bae3cc0;  1 drivers
v000002059b9f97f0_0 .net *"_ivl_79", 0 0, L_000002059bac7ba0;  1 drivers
v000002059b9f9250_0 .net *"_ivl_8", 0 0, L_000002059bac6840;  1 drivers
v000002059b9f9ed0_0 .net *"_ivl_80", 0 0, L_000002059bac9a40;  1 drivers
v000002059b9fb910_0 .net *"_ivl_81", 0 0, L_000002059bae4430;  1 drivers
v000002059b9fbff0_0 .net *"_ivl_83", 0 0, L_000002059bac9720;  1 drivers
v000002059b9fc310_0 .net *"_ivl_84", 0 0, L_000002059bae44a0;  1 drivers
v000002059b9fc590_0 .net *"_ivl_86", 0 0, L_000002059bac81e0;  1 drivers
v000002059b9fbcd0_0 .net *"_ivl_87", 0 0, L_000002059bae4510;  1 drivers
v000002059b9fc130_0 .net *"_ivl_89", 0 0, L_000002059bac8500;  1 drivers
v000002059b9fbeb0_0 .net *"_ivl_9", 0 0, L_000002059bac6b60;  1 drivers
v000002059b9fc1d0_0 .net *"_ivl_90", 0 0, L_000002059bae4580;  1 drivers
v000002059b9fc270_0 .net *"_ivl_92", 0 0, L_000002059bae3780;  1 drivers
S_000002059b9d2cc0 .scope generate, "cla_blocks[1]" "cla_blocks[1]" 15 15, 15 15 0, S_000002059b9d4110;
 .timescale 0 0;
P_000002059b937820 .param/l "i" 0 15 15, +C4<01>;
L_000002059bae3940 .functor AND 1, L_000002059bac9cc0, L_000002059bac8820, C4<1>, C4<1>;
L_000002059bae69d0 .functor OR 1, L_000002059bac80a0, L_000002059bae3940, C4<0>, C4<0>;
L_000002059bae5d90 .functor AND 1, L_000002059bac7920, L_000002059bac9ea0, C4<1>, C4<1>;
L_000002059bae5fc0 .functor OR 1, L_000002059bac8be0, L_000002059bae5d90, C4<0>, C4<0>;
L_000002059bae52a0 .functor AND 1, L_000002059bac85a0, L_000002059bac8c80, C4<1>, C4<1>;
L_000002059bae4f90 .functor AND 1, L_000002059bae52a0, L_000002059bac9f40, C4<1>, C4<1>;
L_000002059bae6570 .functor OR 1, L_000002059bae5fc0, L_000002059bae4f90, C4<0>, C4<0>;
L_000002059bae5d20 .functor AND 1, L_000002059bac8280, L_000002059bac8320, C4<1>, C4<1>;
L_000002059bae6490 .functor OR 1, L_000002059bac7c40, L_000002059bae5d20, C4<0>, C4<0>;
L_000002059bae5460 .functor AND 1, L_000002059bac9400, L_000002059bac7b00, C4<1>, C4<1>;
L_000002059bae6500 .functor AND 1, L_000002059bae5460, L_000002059bac97c0, C4<1>, C4<1>;
L_000002059bae5ee0 .functor OR 1, L_000002059bae6490, L_000002059bae6500, C4<0>, C4<0>;
L_000002059bae6730 .functor AND 1, L_000002059bac9360, L_000002059bac95e0, C4<1>, C4<1>;
L_000002059bae51c0 .functor AND 1, L_000002059bae6730, L_000002059bac7ce0, C4<1>, C4<1>;
L_000002059bae55b0 .functor AND 1, L_000002059bae51c0, L_000002059bac8140, C4<1>, C4<1>;
L_000002059bae5b60 .functor OR 1, L_000002059bae5ee0, L_000002059bae55b0, C4<0>, C4<0>;
L_000002059bae5a80 .functor AND 1, L_000002059bac83c0, L_000002059bac94a0, C4<1>, C4<1>;
L_000002059bae5f50 .functor OR 1, L_000002059bac7e20, L_000002059bae5a80, C4<0>, C4<0>;
L_000002059bae5e00 .functor AND 1, L_000002059bac9680, L_000002059bac8960, C4<1>, C4<1>;
L_000002059bae6960 .functor AND 1, L_000002059bae5e00, L_000002059bac8640, C4<1>, C4<1>;
L_000002059bae61f0 .functor OR 1, L_000002059bae5f50, L_000002059bae6960, C4<0>, C4<0>;
L_000002059bae6420 .functor AND 1, L_000002059bac88c0, L_000002059bac9fe0, C4<1>, C4<1>;
L_000002059bae5620 .functor AND 1, L_000002059bae6420, L_000002059bac8460, C4<1>, C4<1>;
L_000002059bae6b20 .functor AND 1, L_000002059bae5620, L_000002059bac9ae0, C4<1>, C4<1>;
L_000002059bae5e70 .functor OR 1, L_000002059bae61f0, L_000002059bae6b20, C4<0>, C4<0>;
L_000002059bae5540 .functor AND 1, L_000002059bac86e0, L_000002059bac8a00, C4<1>, C4<1>;
L_000002059bae6030 .functor AND 1, L_000002059bae5540, L_000002059bac9b80, C4<1>, C4<1>;
L_000002059bae5690 .functor AND 1, L_000002059bae6030, L_000002059bac9860, C4<1>, C4<1>;
L_000002059bae5c40 .functor AND 1, L_000002059bae5690, L_000002059bac8b40, C4<1>, C4<1>;
L_000002059bae6a40 .functor OR 1, L_000002059bae5e70, L_000002059bae5c40, C4<0>, C4<0>;
v000002059b9fbe10_0 .net *"_ivl_0", 0 0, L_000002059bac80a0;  1 drivers
v000002059b9fc630_0 .net *"_ivl_1", 0 0, L_000002059bac9cc0;  1 drivers
v000002059b9fc3b0_0 .net *"_ivl_10", 0 0, L_000002059bae5d90;  1 drivers
v000002059b9fba50_0 .net *"_ivl_12", 0 0, L_000002059bae5fc0;  1 drivers
v000002059b9fc090_0 .net *"_ivl_14", 0 0, L_000002059bac85a0;  1 drivers
v000002059b9fc450_0 .net *"_ivl_15", 0 0, L_000002059bac8c80;  1 drivers
v000002059b9fc4f0_0 .net *"_ivl_16", 0 0, L_000002059bae52a0;  1 drivers
v000002059b9fc6d0_0 .net *"_ivl_18", 0 0, L_000002059bac9f40;  1 drivers
v000002059b9fb870_0 .net *"_ivl_19", 0 0, L_000002059bae4f90;  1 drivers
v000002059b9fbf50_0 .net *"_ivl_2", 0 0, L_000002059bac8820;  1 drivers
v000002059b9fb9b0_0 .net *"_ivl_21", 0 0, L_000002059bae6570;  1 drivers
v000002059b9fbaf0_0 .net *"_ivl_23", 0 0, L_000002059bac7c40;  1 drivers
v000002059b9fbb90_0 .net *"_ivl_24", 0 0, L_000002059bac8280;  1 drivers
v000002059b9fbc30_0 .net *"_ivl_25", 0 0, L_000002059bac8320;  1 drivers
v000002059b9fbd70_0 .net *"_ivl_26", 0 0, L_000002059bae5d20;  1 drivers
v000002059ba08f70_0 .net *"_ivl_28", 0 0, L_000002059bae6490;  1 drivers
v000002059ba09d30_0 .net *"_ivl_3", 0 0, L_000002059bae3940;  1 drivers
v000002059ba09330_0 .net *"_ivl_30", 0 0, L_000002059bac9400;  1 drivers
v000002059ba095b0_0 .net *"_ivl_31", 0 0, L_000002059bac7b00;  1 drivers
v000002059ba090b0_0 .net *"_ivl_32", 0 0, L_000002059bae5460;  1 drivers
v000002059ba08b10_0 .net *"_ivl_34", 0 0, L_000002059bac97c0;  1 drivers
v000002059ba0a230_0 .net *"_ivl_35", 0 0, L_000002059bae6500;  1 drivers
v000002059ba0a2d0_0 .net *"_ivl_37", 0 0, L_000002059bae5ee0;  1 drivers
v000002059ba0a690_0 .net *"_ivl_39", 0 0, L_000002059bac9360;  1 drivers
v000002059ba0a190_0 .net *"_ivl_40", 0 0, L_000002059bac95e0;  1 drivers
v000002059ba09f10_0 .net *"_ivl_41", 0 0, L_000002059bae6730;  1 drivers
v000002059ba09a10_0 .net *"_ivl_43", 0 0, L_000002059bac7ce0;  1 drivers
v000002059ba09150_0 .net *"_ivl_44", 0 0, L_000002059bae51c0;  1 drivers
v000002059ba09dd0_0 .net *"_ivl_46", 0 0, L_000002059bac8140;  1 drivers
v000002059ba0aeb0_0 .net *"_ivl_47", 0 0, L_000002059bae55b0;  1 drivers
v000002059ba0ad70_0 .net *"_ivl_49", 0 0, L_000002059bae5b60;  1 drivers
v000002059ba0ae10_0 .net *"_ivl_5", 0 0, L_000002059bae69d0;  1 drivers
v000002059ba08ed0_0 .net *"_ivl_51", 0 0, L_000002059bac7e20;  1 drivers
v000002059ba0aaf0_0 .net *"_ivl_52", 0 0, L_000002059bac83c0;  1 drivers
v000002059ba09e70_0 .net *"_ivl_53", 0 0, L_000002059bac94a0;  1 drivers
v000002059ba0a050_0 .net *"_ivl_54", 0 0, L_000002059bae5a80;  1 drivers
v000002059ba09650_0 .net *"_ivl_56", 0 0, L_000002059bae5f50;  1 drivers
v000002059ba09010_0 .net *"_ivl_58", 0 0, L_000002059bac9680;  1 drivers
v000002059ba09b50_0 .net *"_ivl_59", 0 0, L_000002059bac8960;  1 drivers
v000002059ba093d0_0 .net *"_ivl_60", 0 0, L_000002059bae5e00;  1 drivers
v000002059ba08bb0_0 .net *"_ivl_62", 0 0, L_000002059bac8640;  1 drivers
v000002059ba09fb0_0 .net *"_ivl_63", 0 0, L_000002059bae6960;  1 drivers
v000002059ba0a5f0_0 .net *"_ivl_65", 0 0, L_000002059bae61f0;  1 drivers
v000002059ba0acd0_0 .net *"_ivl_67", 0 0, L_000002059bac88c0;  1 drivers
v000002059ba09510_0 .net *"_ivl_68", 0 0, L_000002059bac9fe0;  1 drivers
v000002059ba08e30_0 .net *"_ivl_69", 0 0, L_000002059bae6420;  1 drivers
v000002059ba08c50_0 .net *"_ivl_7", 0 0, L_000002059bac8be0;  1 drivers
v000002059ba0af50_0 .net *"_ivl_71", 0 0, L_000002059bac8460;  1 drivers
v000002059ba08890_0 .net *"_ivl_72", 0 0, L_000002059bae5620;  1 drivers
v000002059ba0a0f0_0 .net *"_ivl_74", 0 0, L_000002059bac9ae0;  1 drivers
v000002059ba0a7d0_0 .net *"_ivl_75", 0 0, L_000002059bae6b20;  1 drivers
v000002059ba0a550_0 .net *"_ivl_77", 0 0, L_000002059bae5e70;  1 drivers
v000002059ba08cf0_0 .net *"_ivl_79", 0 0, L_000002059bac86e0;  1 drivers
v000002059ba0a730_0 .net *"_ivl_8", 0 0, L_000002059bac7920;  1 drivers
v000002059ba09bf0_0 .net *"_ivl_80", 0 0, L_000002059bac8a00;  1 drivers
v000002059ba0a870_0 .net *"_ivl_81", 0 0, L_000002059bae5540;  1 drivers
v000002059ba0a910_0 .net *"_ivl_83", 0 0, L_000002059bac9b80;  1 drivers
v000002059ba0aff0_0 .net *"_ivl_84", 0 0, L_000002059bae6030;  1 drivers
v000002059ba0a370_0 .net *"_ivl_86", 0 0, L_000002059bac9860;  1 drivers
v000002059ba09970_0 .net *"_ivl_87", 0 0, L_000002059bae5690;  1 drivers
v000002059ba08d90_0 .net *"_ivl_89", 0 0, L_000002059bac8b40;  1 drivers
v000002059ba0a410_0 .net *"_ivl_9", 0 0, L_000002059bac9ea0;  1 drivers
v000002059ba0a4b0_0 .net *"_ivl_90", 0 0, L_000002059bae5c40;  1 drivers
v000002059ba0a9b0_0 .net *"_ivl_92", 0 0, L_000002059bae6a40;  1 drivers
S_000002059b9d2e50 .scope generate, "cla_blocks[2]" "cla_blocks[2]" 15 15, 15 15 0, S_000002059b9d4110;
 .timescale 0 0;
P_000002059b937ca0 .param/l "i" 0 15 15, +C4<010>;
L_000002059bae5cb0 .functor AND 1, L_000002059bac8fa0, L_000002059baca080, C4<1>, C4<1>;
L_000002059bae65e0 .functor OR 1, L_000002059bac8f00, L_000002059bae5cb0, C4<0>, C4<0>;
L_000002059bae5000 .functor AND 1, L_000002059bac7d80, L_000002059bac90e0, C4<1>, C4<1>;
L_000002059bae6650 .functor OR 1, L_000002059bac9040, L_000002059bae5000, C4<0>, C4<0>;
L_000002059bae68f0 .functor AND 1, L_000002059bac79c0, L_000002059bac9180, C4<1>, C4<1>;
L_000002059bae57e0 .functor AND 1, L_000002059bae68f0, L_000002059bac7ec0, C4<1>, C4<1>;
L_000002059bae66c0 .functor OR 1, L_000002059bae6650, L_000002059bae57e0, C4<0>, C4<0>;
L_000002059bae60a0 .functor AND 1, L_000002059bac9c20, L_000002059bac9900, C4<1>, C4<1>;
L_000002059bae67a0 .functor OR 1, L_000002059bac7a60, L_000002059bae60a0, C4<0>, C4<0>;
L_000002059bae6ab0 .functor AND 1, L_000002059bac9220, L_000002059bac9540, C4<1>, C4<1>;
L_000002059bae6810 .functor AND 1, L_000002059bae6ab0, L_000002059bac99a0, C4<1>, C4<1>;
L_000002059bae5bd0 .functor OR 1, L_000002059bae67a0, L_000002059bae6810, C4<0>, C4<0>;
L_000002059bae6110 .functor AND 1, L_000002059bacaee0, L_000002059bacad00, C4<1>, C4<1>;
L_000002059bae5a10 .functor AND 1, L_000002059bae6110, L_000002059bacc1a0, C4<1>, C4<1>;
L_000002059bae6260 .functor AND 1, L_000002059bae5a10, L_000002059bacb8e0, C4<1>, C4<1>;
L_000002059bae6180 .functor OR 1, L_000002059bae5bd0, L_000002059bae6260, C4<0>, C4<0>;
L_000002059bae53f0 .functor AND 1, L_000002059bacc100, L_000002059baca800, C4<1>, C4<1>;
L_000002059bae62d0 .functor OR 1, L_000002059bacabc0, L_000002059bae53f0, C4<0>, C4<0>;
L_000002059bae5930 .functor AND 1, L_000002059bacc6a0, L_000002059bacb7a0, C4<1>, C4<1>;
L_000002059bae54d0 .functor AND 1, L_000002059bae5930, L_000002059bacb020, C4<1>, C4<1>;
L_000002059bae6340 .functor OR 1, L_000002059bae62d0, L_000002059bae54d0, C4<0>, C4<0>;
L_000002059bae5150 .functor AND 1, L_000002059bacc740, L_000002059baca9e0, C4<1>, C4<1>;
L_000002059bae6880 .functor AND 1, L_000002059bae5150, L_000002059bacac60, C4<1>, C4<1>;
L_000002059bae63b0 .functor AND 1, L_000002059bae6880, L_000002059bacbe80, C4<1>, C4<1>;
L_000002059bae5070 .functor OR 1, L_000002059bae6340, L_000002059bae63b0, C4<0>, C4<0>;
L_000002059bae50e0 .functor AND 1, L_000002059baca580, L_000002059baca4e0, C4<1>, C4<1>;
L_000002059bae5230 .functor AND 1, L_000002059bae50e0, L_000002059bacb5c0, C4<1>, C4<1>;
L_000002059bae5310 .functor AND 1, L_000002059bae5230, L_000002059bacc880, C4<1>, C4<1>;
L_000002059bae5380 .functor AND 1, L_000002059bae5310, L_000002059bacbf20, C4<1>, C4<1>;
L_000002059bae5af0 .functor OR 1, L_000002059bae5070, L_000002059bae5380, C4<0>, C4<0>;
v000002059ba091f0_0 .net *"_ivl_0", 0 0, L_000002059bac8f00;  1 drivers
v000002059ba0aa50_0 .net *"_ivl_1", 0 0, L_000002059bac8fa0;  1 drivers
v000002059ba0ab90_0 .net *"_ivl_10", 0 0, L_000002059bae5000;  1 drivers
v000002059ba09290_0 .net *"_ivl_12", 0 0, L_000002059bae6650;  1 drivers
v000002059ba096f0_0 .net *"_ivl_14", 0 0, L_000002059bac79c0;  1 drivers
v000002059ba09470_0 .net *"_ivl_15", 0 0, L_000002059bac9180;  1 drivers
v000002059ba0ac30_0 .net *"_ivl_16", 0 0, L_000002059bae68f0;  1 drivers
v000002059ba08930_0 .net *"_ivl_18", 0 0, L_000002059bac7ec0;  1 drivers
v000002059ba09790_0 .net *"_ivl_19", 0 0, L_000002059bae57e0;  1 drivers
v000002059ba089d0_0 .net *"_ivl_2", 0 0, L_000002059baca080;  1 drivers
v000002059ba08a70_0 .net *"_ivl_21", 0 0, L_000002059bae66c0;  1 drivers
v000002059ba09830_0 .net *"_ivl_23", 0 0, L_000002059bac7a60;  1 drivers
v000002059ba098d0_0 .net *"_ivl_24", 0 0, L_000002059bac9c20;  1 drivers
v000002059ba09ab0_0 .net *"_ivl_25", 0 0, L_000002059bac9900;  1 drivers
v000002059ba09c90_0 .net *"_ivl_26", 0 0, L_000002059bae60a0;  1 drivers
v000002059ba0d6b0_0 .net *"_ivl_28", 0 0, L_000002059bae67a0;  1 drivers
v000002059ba0c350_0 .net *"_ivl_3", 0 0, L_000002059bae5cb0;  1 drivers
v000002059ba0bc70_0 .net *"_ivl_30", 0 0, L_000002059bac9220;  1 drivers
v000002059ba0d7f0_0 .net *"_ivl_31", 0 0, L_000002059bac9540;  1 drivers
v000002059ba0cf30_0 .net *"_ivl_32", 0 0, L_000002059bae6ab0;  1 drivers
v000002059ba0be50_0 .net *"_ivl_34", 0 0, L_000002059bac99a0;  1 drivers
v000002059ba0d570_0 .net *"_ivl_35", 0 0, L_000002059bae6810;  1 drivers
v000002059ba0b090_0 .net *"_ivl_37", 0 0, L_000002059bae5bd0;  1 drivers
v000002059ba0c2b0_0 .net *"_ivl_39", 0 0, L_000002059bacaee0;  1 drivers
v000002059ba0b9f0_0 .net *"_ivl_40", 0 0, L_000002059bacad00;  1 drivers
v000002059ba0cdf0_0 .net *"_ivl_41", 0 0, L_000002059bae6110;  1 drivers
v000002059ba0c3f0_0 .net *"_ivl_43", 0 0, L_000002059bacc1a0;  1 drivers
v000002059ba0d250_0 .net *"_ivl_44", 0 0, L_000002059bae5a10;  1 drivers
v000002059ba0c490_0 .net *"_ivl_46", 0 0, L_000002059bacb8e0;  1 drivers
v000002059ba0bd10_0 .net *"_ivl_47", 0 0, L_000002059bae6260;  1 drivers
v000002059ba0b770_0 .net *"_ivl_49", 0 0, L_000002059bae6180;  1 drivers
v000002059ba0bef0_0 .net *"_ivl_5", 0 0, L_000002059bae65e0;  1 drivers
v000002059ba0bbd0_0 .net *"_ivl_51", 0 0, L_000002059bacabc0;  1 drivers
v000002059ba0b6d0_0 .net *"_ivl_52", 0 0, L_000002059bacc100;  1 drivers
v000002059ba0bf90_0 .net *"_ivl_53", 0 0, L_000002059baca800;  1 drivers
v000002059ba0b810_0 .net *"_ivl_54", 0 0, L_000002059bae53f0;  1 drivers
v000002059ba0c030_0 .net *"_ivl_56", 0 0, L_000002059bae62d0;  1 drivers
v000002059ba0b4f0_0 .net *"_ivl_58", 0 0, L_000002059bacc6a0;  1 drivers
v000002059ba0c170_0 .net *"_ivl_59", 0 0, L_000002059bacb7a0;  1 drivers
v000002059ba0d2f0_0 .net *"_ivl_60", 0 0, L_000002059bae5930;  1 drivers
v000002059ba0c5d0_0 .net *"_ivl_62", 0 0, L_000002059bacb020;  1 drivers
v000002059ba0cad0_0 .net *"_ivl_63", 0 0, L_000002059bae54d0;  1 drivers
v000002059ba0b130_0 .net *"_ivl_65", 0 0, L_000002059bae6340;  1 drivers
v000002059ba0c8f0_0 .net *"_ivl_67", 0 0, L_000002059bacc740;  1 drivers
v000002059ba0b950_0 .net *"_ivl_68", 0 0, L_000002059baca9e0;  1 drivers
v000002059ba0bb30_0 .net *"_ivl_69", 0 0, L_000002059bae5150;  1 drivers
v000002059ba0b8b0_0 .net *"_ivl_7", 0 0, L_000002059bac9040;  1 drivers
v000002059ba0ba90_0 .net *"_ivl_71", 0 0, L_000002059bacac60;  1 drivers
v000002059ba0d1b0_0 .net *"_ivl_72", 0 0, L_000002059bae6880;  1 drivers
v000002059ba0ce90_0 .net *"_ivl_74", 0 0, L_000002059bacbe80;  1 drivers
v000002059ba0c530_0 .net *"_ivl_75", 0 0, L_000002059bae63b0;  1 drivers
v000002059ba0cb70_0 .net *"_ivl_77", 0 0, L_000002059bae5070;  1 drivers
v000002059ba0d430_0 .net *"_ivl_79", 0 0, L_000002059baca580;  1 drivers
v000002059ba0c210_0 .net *"_ivl_8", 0 0, L_000002059bac7d80;  1 drivers
v000002059ba0c0d0_0 .net *"_ivl_80", 0 0, L_000002059baca4e0;  1 drivers
v000002059ba0c670_0 .net *"_ivl_81", 0 0, L_000002059bae50e0;  1 drivers
v000002059ba0c710_0 .net *"_ivl_83", 0 0, L_000002059bacb5c0;  1 drivers
v000002059ba0c7b0_0 .net *"_ivl_84", 0 0, L_000002059bae5230;  1 drivers
v000002059ba0bdb0_0 .net *"_ivl_86", 0 0, L_000002059bacc880;  1 drivers
v000002059ba0c850_0 .net *"_ivl_87", 0 0, L_000002059bae5310;  1 drivers
v000002059ba0cfd0_0 .net *"_ivl_89", 0 0, L_000002059bacbf20;  1 drivers
v000002059ba0c990_0 .net *"_ivl_9", 0 0, L_000002059bac90e0;  1 drivers
v000002059ba0cc10_0 .net *"_ivl_90", 0 0, L_000002059bae5380;  1 drivers
v000002059ba0b590_0 .net *"_ivl_92", 0 0, L_000002059bae5af0;  1 drivers
S_000002059ba19980 .scope generate, "cla_blocks[3]" "cla_blocks[3]" 15 15, 15 15 0, S_000002059b9d4110;
 .timescale 0 0;
P_000002059b938220 .param/l "i" 0 15 15, +C4<011>;
L_000002059bae5700 .functor AND 1, L_000002059bacada0, L_000002059bacc420, C4<1>, C4<1>;
L_000002059bae5770 .functor OR 1, L_000002059bacc600, L_000002059bae5700, C4<0>, C4<0>;
L_000002059bae5850 .functor AND 1, L_000002059bacaf80, L_000002059bacae40, C4<1>, C4<1>;
L_000002059bae58c0 .functor OR 1, L_000002059bacb340, L_000002059bae5850, C4<0>, C4<0>;
L_000002059bae59a0 .functor AND 1, L_000002059bacb0c0, L_000002059bacb980, C4<1>, C4<1>;
L_000002059bae71b0 .functor AND 1, L_000002059bae59a0, L_000002059bacba20, C4<1>, C4<1>;
L_000002059bae81e0 .functor OR 1, L_000002059bae58c0, L_000002059bae71b0, C4<0>, C4<0>;
L_000002059bae84f0 .functor AND 1, L_000002059bacb200, L_000002059bacc060, C4<1>, C4<1>;
L_000002059bae7ed0 .functor OR 1, L_000002059bacbfc0, L_000002059bae84f0, C4<0>, C4<0>;
L_000002059bae7680 .functor AND 1, L_000002059bacc380, L_000002059bacb840, C4<1>, C4<1>;
L_000002059bae7920 .functor AND 1, L_000002059bae7680, L_000002059bacb160, C4<1>, C4<1>;
L_000002059bae7450 .functor OR 1, L_000002059bae7ed0, L_000002059bae7920, C4<0>, C4<0>;
L_000002059bae6ea0 .functor AND 1, L_000002059bacb2a0, L_000002059bacbb60, C4<1>, C4<1>;
L_000002059bae8020 .functor AND 1, L_000002059bae6ea0, L_000002059bacc7e0, C4<1>, C4<1>;
L_000002059bae6f10 .functor AND 1, L_000002059bae8020, L_000002059bacbc00, C4<1>, C4<1>;
L_000002059bae8720 .functor OR 1, L_000002059bae7450, L_000002059bae6f10, C4<0>, C4<0>;
L_000002059bae7370 .functor AND 1, L_000002059bacb3e0, L_000002059bacaa80, C4<1>, C4<1>;
L_000002059bae8250 .functor OR 1, L_000002059bacc4c0, L_000002059bae7370, C4<0>, C4<0>;
L_000002059bae7220 .functor AND 1, L_000002059baca120, L_000002059bacc240, C4<1>, C4<1>;
L_000002059bae7530 .functor AND 1, L_000002059bae7220, L_000002059bacbac0, C4<1>, C4<1>;
L_000002059bae7610 .functor OR 1, L_000002059bae8250, L_000002059bae7530, C4<0>, C4<0>;
L_000002059bae82c0 .functor AND 1, L_000002059bacb480, L_000002059bacb700, C4<1>, C4<1>;
L_000002059bae70d0 .functor AND 1, L_000002059bae82c0, L_000002059baca620, C4<1>, C4<1>;
L_000002059bae8560 .functor AND 1, L_000002059bae70d0, L_000002059baca1c0, C4<1>, C4<1>;
L_000002059bae6c00 .functor OR 1, L_000002059bae7610, L_000002059bae8560, C4<0>, C4<0>;
L_000002059bae74c0 .functor AND 1, L_000002059bacab20, L_000002059baca6c0, C4<1>, C4<1>;
L_000002059bae7d80 .functor AND 1, L_000002059bae74c0, L_000002059bacb520, C4<1>, C4<1>;
L_000002059bae75a0 .functor AND 1, L_000002059bae7d80, L_000002059baca260, C4<1>, C4<1>;
L_000002059bae6ce0 .functor AND 1, L_000002059bae75a0, L_000002059bacc560, C4<1>, C4<1>;
L_000002059bae8090 .functor OR 1, L_000002059bae6c00, L_000002059bae6ce0, C4<0>, C4<0>;
v000002059ba0cd50_0 .net *"_ivl_0", 0 0, L_000002059bacc600;  1 drivers
v000002059ba0ca30_0 .net *"_ivl_1", 0 0, L_000002059bacada0;  1 drivers
v000002059ba0d4d0_0 .net *"_ivl_10", 0 0, L_000002059bae5850;  1 drivers
v000002059ba0b310_0 .net *"_ivl_12", 0 0, L_000002059bae58c0;  1 drivers
v000002059ba0ccb0_0 .net *"_ivl_14", 0 0, L_000002059bacb0c0;  1 drivers
v000002059ba0d070_0 .net *"_ivl_15", 0 0, L_000002059bacb980;  1 drivers
v000002059ba0d110_0 .net *"_ivl_16", 0 0, L_000002059bae59a0;  1 drivers
v000002059ba0d390_0 .net *"_ivl_18", 0 0, L_000002059bacba20;  1 drivers
v000002059ba0b3b0_0 .net *"_ivl_19", 0 0, L_000002059bae71b0;  1 drivers
v000002059ba0d610_0 .net *"_ivl_2", 0 0, L_000002059bacc420;  1 drivers
v000002059ba0d750_0 .net *"_ivl_21", 0 0, L_000002059bae81e0;  1 drivers
v000002059ba0b1d0_0 .net *"_ivl_23", 0 0, L_000002059bacbfc0;  1 drivers
v000002059ba0b270_0 .net *"_ivl_24", 0 0, L_000002059bacb200;  1 drivers
v000002059ba0b450_0 .net *"_ivl_25", 0 0, L_000002059bacc060;  1 drivers
v000002059ba0b630_0 .net *"_ivl_26", 0 0, L_000002059bae84f0;  1 drivers
v000002059ba0d9d0_0 .net *"_ivl_28", 0 0, L_000002059bae7ed0;  1 drivers
v000002059ba0dc50_0 .net *"_ivl_3", 0 0, L_000002059bae5700;  1 drivers
v000002059ba0e650_0 .net *"_ivl_30", 0 0, L_000002059bacc380;  1 drivers
v000002059ba0e150_0 .net *"_ivl_31", 0 0, L_000002059bacb840;  1 drivers
v000002059ba0e790_0 .net *"_ivl_32", 0 0, L_000002059bae7680;  1 drivers
v000002059ba0db10_0 .net *"_ivl_34", 0 0, L_000002059bacb160;  1 drivers
v000002059ba0e6f0_0 .net *"_ivl_35", 0 0, L_000002059bae7920;  1 drivers
v000002059ba0dcf0_0 .net *"_ivl_37", 0 0, L_000002059bae7450;  1 drivers
v000002059ba0f2d0_0 .net *"_ivl_39", 0 0, L_000002059bacb2a0;  1 drivers
v000002059ba0dd90_0 .net *"_ivl_40", 0 0, L_000002059bacbb60;  1 drivers
v000002059ba0e5b0_0 .net *"_ivl_41", 0 0, L_000002059bae6ea0;  1 drivers
v000002059ba0e0b0_0 .net *"_ivl_43", 0 0, L_000002059bacc7e0;  1 drivers
v000002059ba0dbb0_0 .net *"_ivl_44", 0 0, L_000002059bae8020;  1 drivers
v000002059ba0f230_0 .net *"_ivl_46", 0 0, L_000002059bacbc00;  1 drivers
v000002059ba0f370_0 .net *"_ivl_47", 0 0, L_000002059bae6f10;  1 drivers
v000002059ba0f690_0 .net *"_ivl_49", 0 0, L_000002059bae8720;  1 drivers
v000002059ba0f190_0 .net *"_ivl_5", 0 0, L_000002059bae5770;  1 drivers
v000002059ba0ef10_0 .net *"_ivl_51", 0 0, L_000002059bacc4c0;  1 drivers
v000002059ba0feb0_0 .net *"_ivl_52", 0 0, L_000002059bacb3e0;  1 drivers
v000002059ba0da70_0 .net *"_ivl_53", 0 0, L_000002059bacaa80;  1 drivers
v000002059ba0de30_0 .net *"_ivl_54", 0 0, L_000002059bae7370;  1 drivers
v000002059ba0e830_0 .net *"_ivl_56", 0 0, L_000002059bae8250;  1 drivers
v000002059ba0e1f0_0 .net *"_ivl_58", 0 0, L_000002059baca120;  1 drivers
v000002059ba0e8d0_0 .net *"_ivl_59", 0 0, L_000002059bacc240;  1 drivers
v000002059ba0ded0_0 .net *"_ivl_60", 0 0, L_000002059bae7220;  1 drivers
v000002059ba0e970_0 .net *"_ivl_62", 0 0, L_000002059bacbac0;  1 drivers
v000002059ba0df70_0 .net *"_ivl_63", 0 0, L_000002059bae7530;  1 drivers
v000002059ba0f410_0 .net *"_ivl_65", 0 0, L_000002059bae7610;  1 drivers
v000002059ba0e010_0 .net *"_ivl_67", 0 0, L_000002059bacb480;  1 drivers
v000002059ba0e290_0 .net *"_ivl_68", 0 0, L_000002059bacb700;  1 drivers
v000002059ba0e330_0 .net *"_ivl_69", 0 0, L_000002059bae82c0;  1 drivers
v000002059ba0fd70_0 .net *"_ivl_7", 0 0, L_000002059bacb340;  1 drivers
v000002059ba0e3d0_0 .net *"_ivl_71", 0 0, L_000002059baca620;  1 drivers
v000002059ba0ebf0_0 .net *"_ivl_72", 0 0, L_000002059bae70d0;  1 drivers
v000002059ba0e470_0 .net *"_ivl_74", 0 0, L_000002059baca1c0;  1 drivers
v000002059ba0e510_0 .net *"_ivl_75", 0 0, L_000002059bae8560;  1 drivers
v000002059ba0f4b0_0 .net *"_ivl_77", 0 0, L_000002059bae6c00;  1 drivers
v000002059ba0ea10_0 .net *"_ivl_79", 0 0, L_000002059bacab20;  1 drivers
v000002059ba0f550_0 .net *"_ivl_8", 0 0, L_000002059bacaf80;  1 drivers
v000002059ba0fe10_0 .net *"_ivl_80", 0 0, L_000002059baca6c0;  1 drivers
v000002059ba0ed30_0 .net *"_ivl_81", 0 0, L_000002059bae74c0;  1 drivers
v000002059ba0f5f0_0 .net *"_ivl_83", 0 0, L_000002059bacb520;  1 drivers
v000002059ba0faf0_0 .net *"_ivl_84", 0 0, L_000002059bae7d80;  1 drivers
v000002059ba0eab0_0 .net *"_ivl_86", 0 0, L_000002059baca260;  1 drivers
v000002059ba0f050_0 .net *"_ivl_87", 0 0, L_000002059bae75a0;  1 drivers
v000002059ba0eb50_0 .net *"_ivl_89", 0 0, L_000002059bacc560;  1 drivers
v000002059ba0f730_0 .net *"_ivl_9", 0 0, L_000002059bacae40;  1 drivers
v000002059ba0ec90_0 .net *"_ivl_90", 0 0, L_000002059bae6ce0;  1 drivers
v000002059ba0f0f0_0 .net *"_ivl_92", 0 0, L_000002059bae8090;  1 drivers
S_000002059ba19ca0 .scope generate, "cla_blocks[4]" "cla_blocks[4]" 15 15, 15 15 0, S_000002059b9d4110;
 .timescale 0 0;
P_000002059b937920 .param/l "i" 0 15 15, +C4<0100>;
L_000002059bae7990 .functor AND 1, L_000002059bacbca0, L_000002059bacc2e0, C4<1>, C4<1>;
L_000002059bae6d50 .functor OR 1, L_000002059bacb660, L_000002059bae7990, C4<0>, C4<0>;
L_000002059bae8100 .functor AND 1, L_000002059baca8a0, L_000002059bacbde0, C4<1>, C4<1>;
L_000002059bae7ae0 .functor OR 1, L_000002059bacbd40, L_000002059bae8100, C4<0>, C4<0>;
L_000002059bae8330 .functor AND 1, L_000002059baca300, L_000002059baca3a0, C4<1>, C4<1>;
L_000002059bae6dc0 .functor AND 1, L_000002059bae8330, L_000002059baca440, C4<1>, C4<1>;
L_000002059bae7140 .functor OR 1, L_000002059bae7ae0, L_000002059bae6dc0, C4<0>, C4<0>;
L_000002059bae7ca0 .functor AND 1, L_000002059baca940, L_000002059bacd500, C4<1>, C4<1>;
L_000002059bae7d10 .functor OR 1, L_000002059baca760, L_000002059bae7ca0, C4<0>, C4<0>;
L_000002059bae7f40 .functor AND 1, L_000002059bace680, L_000002059baced60, C4<1>, C4<1>;
L_000002059bae85d0 .functor AND 1, L_000002059bae7f40, L_000002059bacd780, C4<1>, C4<1>;
L_000002059bae6e30 .functor OR 1, L_000002059bae7d10, L_000002059bae85d0, C4<0>, C4<0>;
L_000002059bae8480 .functor AND 1, L_000002059bacdbe0, L_000002059bacdc80, C4<1>, C4<1>;
L_000002059bae7c30 .functor AND 1, L_000002059bae8480, L_000002059bacd460, C4<1>, C4<1>;
L_000002059bae7df0 .functor AND 1, L_000002059bae7c30, L_000002059bace0e0, C4<1>, C4<1>;
L_000002059bae7290 .functor OR 1, L_000002059bae6e30, L_000002059bae7df0, C4<0>, C4<0>;
L_000002059bae7a00 .functor AND 1, L_000002059baccba0, L_000002059bace720, C4<1>, C4<1>;
L_000002059bae76f0 .functor OR 1, L_000002059bace7c0, L_000002059bae7a00, C4<0>, C4<0>;
L_000002059bae7a70 .functor AND 1, L_000002059baccc40, L_000002059bacea40, C4<1>, C4<1>;
L_000002059bae7e60 .functor AND 1, L_000002059bae7a70, L_000002059bace900, C4<1>, C4<1>;
L_000002059bae77d0 .functor OR 1, L_000002059bae76f0, L_000002059bae7e60, C4<0>, C4<0>;
L_000002059bae7fb0 .functor AND 1, L_000002059baceea0, L_000002059baceae0, C4<1>, C4<1>;
L_000002059bae6f80 .functor AND 1, L_000002059bae7fb0, L_000002059bace400, C4<1>, C4<1>;
L_000002059bae8170 .functor AND 1, L_000002059bae6f80, L_000002059bacefe0, C4<1>, C4<1>;
L_000002059bae83a0 .functor OR 1, L_000002059bae77d0, L_000002059bae8170, C4<0>, C4<0>;
L_000002059bae7060 .functor AND 1, L_000002059bacd5a0, L_000002059bacdd20, C4<1>, C4<1>;
L_000002059bae8410 .functor AND 1, L_000002059bae7060, L_000002059bace5e0, C4<1>, C4<1>;
L_000002059bae8640 .functor AND 1, L_000002059bae8410, L_000002059bace180, C4<1>, C4<1>;
L_000002059bae7300 .functor AND 1, L_000002059bae8640, L_000002059bacd000, C4<1>, C4<1>;
L_000002059bae73e0 .functor OR 1, L_000002059bae83a0, L_000002059bae7300, C4<0>, C4<0>;
v000002059ba0edd0_0 .net *"_ivl_0", 0 0, L_000002059bacb660;  1 drivers
v000002059ba0fa50_0 .net *"_ivl_1", 0 0, L_000002059bacbca0;  1 drivers
v000002059ba0ee70_0 .net *"_ivl_10", 0 0, L_000002059bae8100;  1 drivers
v000002059ba0efb0_0 .net *"_ivl_12", 0 0, L_000002059bae7ae0;  1 drivers
v000002059ba0f7d0_0 .net *"_ivl_14", 0 0, L_000002059baca300;  1 drivers
v000002059ba0f870_0 .net *"_ivl_15", 0 0, L_000002059baca3a0;  1 drivers
v000002059ba0f910_0 .net *"_ivl_16", 0 0, L_000002059bae8330;  1 drivers
v000002059ba0fb90_0 .net *"_ivl_18", 0 0, L_000002059baca440;  1 drivers
v000002059ba0f9b0_0 .net *"_ivl_19", 0 0, L_000002059bae6dc0;  1 drivers
v000002059ba0fc30_0 .net *"_ivl_2", 0 0, L_000002059bacc2e0;  1 drivers
v000002059ba0fcd0_0 .net *"_ivl_21", 0 0, L_000002059bae7140;  1 drivers
v000002059ba0ff50_0 .net *"_ivl_23", 0 0, L_000002059baca760;  1 drivers
v000002059ba0d890_0 .net *"_ivl_24", 0 0, L_000002059baca940;  1 drivers
v000002059ba0fff0_0 .net *"_ivl_25", 0 0, L_000002059bacd500;  1 drivers
v000002059ba0d930_0 .net *"_ivl_26", 0 0, L_000002059bae7ca0;  1 drivers
v000002059ba118f0_0 .net *"_ivl_28", 0 0, L_000002059bae7d10;  1 drivers
v000002059ba11170_0 .net *"_ivl_3", 0 0, L_000002059bae7990;  1 drivers
v000002059ba11990_0 .net *"_ivl_30", 0 0, L_000002059bace680;  1 drivers
v000002059ba11a30_0 .net *"_ivl_31", 0 0, L_000002059baced60;  1 drivers
v000002059ba11210_0 .net *"_ivl_32", 0 0, L_000002059bae7f40;  1 drivers
v000002059ba10ef0_0 .net *"_ivl_34", 0 0, L_000002059bacd780;  1 drivers
v000002059ba10090_0 .net *"_ivl_35", 0 0, L_000002059bae85d0;  1 drivers
v000002059ba11710_0 .net *"_ivl_37", 0 0, L_000002059bae6e30;  1 drivers
v000002059ba124d0_0 .net *"_ivl_39", 0 0, L_000002059bacdbe0;  1 drivers
v000002059ba11d50_0 .net *"_ivl_40", 0 0, L_000002059bacdc80;  1 drivers
v000002059ba10270_0 .net *"_ivl_41", 0 0, L_000002059bae8480;  1 drivers
v000002059ba11f30_0 .net *"_ivl_43", 0 0, L_000002059bacd460;  1 drivers
v000002059ba11350_0 .net *"_ivl_44", 0 0, L_000002059bae7c30;  1 drivers
v000002059ba11ad0_0 .net *"_ivl_46", 0 0, L_000002059bace0e0;  1 drivers
v000002059ba11490_0 .net *"_ivl_47", 0 0, L_000002059bae7df0;  1 drivers
v000002059ba11b70_0 .net *"_ivl_49", 0 0, L_000002059bae7290;  1 drivers
v000002059ba11850_0 .net *"_ivl_5", 0 0, L_000002059bae6d50;  1 drivers
v000002059ba121b0_0 .net *"_ivl_51", 0 0, L_000002059bace7c0;  1 drivers
v000002059ba11c10_0 .net *"_ivl_52", 0 0, L_000002059baccba0;  1 drivers
v000002059ba11df0_0 .net *"_ivl_53", 0 0, L_000002059bace720;  1 drivers
v000002059ba11cb0_0 .net *"_ivl_54", 0 0, L_000002059bae7a00;  1 drivers
v000002059ba10630_0 .net *"_ivl_56", 0 0, L_000002059bae76f0;  1 drivers
v000002059ba12250_0 .net *"_ivl_58", 0 0, L_000002059baccc40;  1 drivers
v000002059ba10310_0 .net *"_ivl_59", 0 0, L_000002059bacea40;  1 drivers
v000002059ba11030_0 .net *"_ivl_60", 0 0, L_000002059bae7a70;  1 drivers
v000002059ba11e90_0 .net *"_ivl_62", 0 0, L_000002059bace900;  1 drivers
v000002059ba113f0_0 .net *"_ivl_63", 0 0, L_000002059bae7e60;  1 drivers
v000002059ba108b0_0 .net *"_ivl_65", 0 0, L_000002059bae77d0;  1 drivers
v000002059ba104f0_0 .net *"_ivl_67", 0 0, L_000002059baceea0;  1 drivers
v000002059ba10590_0 .net *"_ivl_68", 0 0, L_000002059baceae0;  1 drivers
v000002059ba10f90_0 .net *"_ivl_69", 0 0, L_000002059bae7fb0;  1 drivers
v000002059ba10bd0_0 .net *"_ivl_7", 0 0, L_000002059bacbd40;  1 drivers
v000002059ba11530_0 .net *"_ivl_71", 0 0, L_000002059bace400;  1 drivers
v000002059ba106d0_0 .net *"_ivl_72", 0 0, L_000002059bae6f80;  1 drivers
v000002059ba11fd0_0 .net *"_ivl_74", 0 0, L_000002059bacefe0;  1 drivers
v000002059ba12070_0 .net *"_ivl_75", 0 0, L_000002059bae8170;  1 drivers
v000002059ba12110_0 .net *"_ivl_77", 0 0, L_000002059bae83a0;  1 drivers
v000002059ba10770_0 .net *"_ivl_79", 0 0, L_000002059bacd5a0;  1 drivers
v000002059ba122f0_0 .net *"_ivl_8", 0 0, L_000002059baca8a0;  1 drivers
v000002059ba103b0_0 .net *"_ivl_80", 0 0, L_000002059bacdd20;  1 drivers
v000002059ba110d0_0 .net *"_ivl_81", 0 0, L_000002059bae7060;  1 drivers
v000002059ba12390_0 .net *"_ivl_83", 0 0, L_000002059bace5e0;  1 drivers
v000002059ba10950_0 .net *"_ivl_84", 0 0, L_000002059bae8410;  1 drivers
v000002059ba12430_0 .net *"_ivl_86", 0 0, L_000002059bace180;  1 drivers
v000002059ba12570_0 .net *"_ivl_87", 0 0, L_000002059bae8640;  1 drivers
v000002059ba12610_0 .net *"_ivl_89", 0 0, L_000002059bacd000;  1 drivers
v000002059ba112b0_0 .net *"_ivl_9", 0 0, L_000002059bacbde0;  1 drivers
v000002059ba115d0_0 .net *"_ivl_90", 0 0, L_000002059bae7300;  1 drivers
v000002059ba109f0_0 .net *"_ivl_92", 0 0, L_000002059bae73e0;  1 drivers
S_000002059ba194d0 .scope generate, "cla_blocks[5]" "cla_blocks[5]" 15 15, 15 15 0, S_000002059b9d4110;
 .timescale 0 0;
P_000002059b937ee0 .param/l "i" 0 15 15, +C4<0101>;
L_000002059bae86b0 .functor AND 1, L_000002059bace220, L_000002059baceb80, C4<1>, C4<1>;
L_000002059bae6c70 .functor OR 1, L_000002059bacd640, L_000002059bae86b0, C4<0>, C4<0>;
L_000002059bae7760 .functor AND 1, L_000002059bacc920, L_000002059bacd820, C4<1>, C4<1>;
L_000002059bae6b90 .functor OR 1, L_000002059bace540, L_000002059bae7760, C4<0>, C4<0>;
L_000002059bae7b50 .functor AND 1, L_000002059bacd8c0, L_000002059bacddc0, C4<1>, C4<1>;
L_000002059bae7840 .functor AND 1, L_000002059bae7b50, L_000002059bace4a0, C4<1>, C4<1>;
L_000002059bae78b0 .functor OR 1, L_000002059bae6b90, L_000002059bae7840, C4<0>, C4<0>;
L_000002059bae6ff0 .functor AND 1, L_000002059bacd280, L_000002059bacd1e0, C4<1>, C4<1>;
L_000002059bae7bc0 .functor OR 1, L_000002059bace860, L_000002059bae6ff0, C4<0>, C4<0>;
L_000002059bae8c60 .functor AND 1, L_000002059bace360, L_000002059bace9a0, C4<1>, C4<1>;
L_000002059bae93d0 .functor AND 1, L_000002059bae8c60, L_000002059baccce0, C4<1>, C4<1>;
L_000002059bae8e90 .functor OR 1, L_000002059bae7bc0, L_000002059bae93d0, C4<0>, C4<0>;
L_000002059bae8e20 .functor AND 1, L_000002059bacec20, L_000002059bacd320, C4<1>, C4<1>;
L_000002059bae8fe0 .functor AND 1, L_000002059bae8e20, L_000002059bacef40, C4<1>, C4<1>;
L_000002059bae8d40 .functor AND 1, L_000002059bae8fe0, L_000002059baccf60, C4<1>, C4<1>;
L_000002059bae8cd0 .functor OR 1, L_000002059bae8e90, L_000002059bae8d40, C4<0>, C4<0>;
L_000002059bae8870 .functor AND 1, L_000002059bacf080, L_000002059bacd3c0, C4<1>, C4<1>;
L_000002059bae9590 .functor OR 1, L_000002059bacd6e0, L_000002059bae8870, C4<0>, C4<0>;
L_000002059bae8b10 .functor AND 1, L_000002059bacecc0, L_000002059bace040, C4<1>, C4<1>;
L_000002059bae88e0 .functor AND 1, L_000002059bae8b10, L_000002059bacde60, C4<1>, C4<1>;
L_000002059bae9600 .functor OR 1, L_000002059bae9590, L_000002059bae88e0, C4<0>, C4<0>;
L_000002059bae9670 .functor AND 1, L_000002059bace2c0, L_000002059bacee00, C4<1>, C4<1>;
L_000002059bae92f0 .functor AND 1, L_000002059bae9670, L_000002059bacc9c0, C4<1>, C4<1>;
L_000002059bae9520 .functor AND 1, L_000002059bae92f0, L_000002059bacdb40, C4<1>, C4<1>;
L_000002059bae8db0 .functor OR 1, L_000002059bae9600, L_000002059bae9520, C4<0>, C4<0>;
L_000002059bae9130 .functor AND 1, L_000002059bacca60, L_000002059baccb00, C4<1>, C4<1>;
L_000002059bae9360 .functor AND 1, L_000002059bae9130, L_000002059bacdf00, C4<1>, C4<1>;
L_000002059bae8f00 .functor AND 1, L_000002059bae9360, L_000002059bacdfa0, C4<1>, C4<1>;
L_000002059bae8790 .functor AND 1, L_000002059bae8f00, L_000002059baccd80, C4<1>, C4<1>;
L_000002059bae8f70 .functor OR 1, L_000002059bae8db0, L_000002059bae8790, C4<0>, C4<0>;
v000002059ba10a90_0 .net *"_ivl_0", 0 0, L_000002059bacd640;  1 drivers
v000002059ba10450_0 .net *"_ivl_1", 0 0, L_000002059bace220;  1 drivers
v000002059ba11670_0 .net *"_ivl_10", 0 0, L_000002059bae7760;  1 drivers
v000002059ba126b0_0 .net *"_ivl_12", 0 0, L_000002059bae6b90;  1 drivers
v000002059ba10810_0 .net *"_ivl_14", 0 0, L_000002059bacd8c0;  1 drivers
v000002059ba117b0_0 .net *"_ivl_15", 0 0, L_000002059bacddc0;  1 drivers
v000002059ba10b30_0 .net *"_ivl_16", 0 0, L_000002059bae7b50;  1 drivers
v000002059ba12750_0 .net *"_ivl_18", 0 0, L_000002059bace4a0;  1 drivers
v000002059ba10c70_0 .net *"_ivl_19", 0 0, L_000002059bae7840;  1 drivers
v000002059ba10130_0 .net *"_ivl_2", 0 0, L_000002059baceb80;  1 drivers
v000002059ba101d0_0 .net *"_ivl_21", 0 0, L_000002059bae78b0;  1 drivers
v000002059ba127f0_0 .net *"_ivl_23", 0 0, L_000002059bace860;  1 drivers
v000002059ba10d10_0 .net *"_ivl_24", 0 0, L_000002059bacd280;  1 drivers
v000002059ba10db0_0 .net *"_ivl_25", 0 0, L_000002059bacd1e0;  1 drivers
v000002059ba10e50_0 .net *"_ivl_26", 0 0, L_000002059bae6ff0;  1 drivers
v000002059ba14eb0_0 .net *"_ivl_28", 0 0, L_000002059bae7bc0;  1 drivers
v000002059ba13b50_0 .net *"_ivl_3", 0 0, L_000002059bae86b0;  1 drivers
v000002059ba13470_0 .net *"_ivl_30", 0 0, L_000002059bace360;  1 drivers
v000002059ba14ff0_0 .net *"_ivl_31", 0 0, L_000002059bace9a0;  1 drivers
v000002059ba14730_0 .net *"_ivl_32", 0 0, L_000002059bae8c60;  1 drivers
v000002059ba13650_0 .net *"_ivl_34", 0 0, L_000002059baccce0;  1 drivers
v000002059ba14d70_0 .net *"_ivl_35", 0 0, L_000002059bae93d0;  1 drivers
v000002059ba12890_0 .net *"_ivl_37", 0 0, L_000002059bae8e90;  1 drivers
v000002059ba13ab0_0 .net *"_ivl_39", 0 0, L_000002059bacec20;  1 drivers
v000002059ba131f0_0 .net *"_ivl_40", 0 0, L_000002059bacd320;  1 drivers
v000002059ba145f0_0 .net *"_ivl_41", 0 0, L_000002059bae8e20;  1 drivers
v000002059ba13bf0_0 .net *"_ivl_43", 0 0, L_000002059bacef40;  1 drivers
v000002059ba14a50_0 .net *"_ivl_44", 0 0, L_000002059bae8fe0;  1 drivers
v000002059ba13c90_0 .net *"_ivl_46", 0 0, L_000002059baccf60;  1 drivers
v000002059ba13510_0 .net *"_ivl_47", 0 0, L_000002059bae8d40;  1 drivers
v000002059ba12f70_0 .net *"_ivl_49", 0 0, L_000002059bae8cd0;  1 drivers
v000002059ba136f0_0 .net *"_ivl_5", 0 0, L_000002059bae6c70;  1 drivers
v000002059ba133d0_0 .net *"_ivl_51", 0 0, L_000002059bacd6e0;  1 drivers
v000002059ba13790_0 .net *"_ivl_52", 0 0, L_000002059bacf080;  1 drivers
v000002059ba12930_0 .net *"_ivl_53", 0 0, L_000002059bacd3c0;  1 drivers
v000002059ba12a70_0 .net *"_ivl_54", 0 0, L_000002059bae8870;  1 drivers
v000002059ba13f10_0 .net *"_ivl_56", 0 0, L_000002059bae9590;  1 drivers
v000002059ba14e10_0 .net *"_ivl_58", 0 0, L_000002059bacecc0;  1 drivers
v000002059ba14550_0 .net *"_ivl_59", 0 0, L_000002059bace040;  1 drivers
v000002059ba14690_0 .net *"_ivl_60", 0 0, L_000002059bae8b10;  1 drivers
v000002059ba135b0_0 .net *"_ivl_62", 0 0, L_000002059bacde60;  1 drivers
v000002059ba12b10_0 .net *"_ivl_63", 0 0, L_000002059bae88e0;  1 drivers
v000002059ba129d0_0 .net *"_ivl_65", 0 0, L_000002059bae9600;  1 drivers
v000002059ba13010_0 .net *"_ivl_67", 0 0, L_000002059bace2c0;  1 drivers
v000002059ba13150_0 .net *"_ivl_68", 0 0, L_000002059bacee00;  1 drivers
v000002059ba147d0_0 .net *"_ivl_69", 0 0, L_000002059bae9670;  1 drivers
v000002059ba14870_0 .net *"_ivl_7", 0 0, L_000002059bace540;  1 drivers
v000002059ba13830_0 .net *"_ivl_71", 0 0, L_000002059bacc9c0;  1 drivers
v000002059ba14910_0 .net *"_ivl_72", 0 0, L_000002059bae92f0;  1 drivers
v000002059ba14f50_0 .net *"_ivl_74", 0 0, L_000002059bacdb40;  1 drivers
v000002059ba14cd0_0 .net *"_ivl_75", 0 0, L_000002059bae9520;  1 drivers
v000002059ba149b0_0 .net *"_ivl_77", 0 0, L_000002059bae8db0;  1 drivers
v000002059ba14050_0 .net *"_ivl_79", 0 0, L_000002059bacca60;  1 drivers
v000002059ba12cf0_0 .net *"_ivl_8", 0 0, L_000002059bacc920;  1 drivers
v000002059ba14af0_0 .net *"_ivl_80", 0 0, L_000002059baccb00;  1 drivers
v000002059ba138d0_0 .net *"_ivl_81", 0 0, L_000002059bae9130;  1 drivers
v000002059ba14b90_0 .net *"_ivl_83", 0 0, L_000002059bacdf00;  1 drivers
v000002059ba140f0_0 .net *"_ivl_84", 0 0, L_000002059bae9360;  1 drivers
v000002059ba13d30_0 .net *"_ivl_86", 0 0, L_000002059bacdfa0;  1 drivers
v000002059ba130b0_0 .net *"_ivl_87", 0 0, L_000002059bae8f00;  1 drivers
v000002059ba12d90_0 .net *"_ivl_89", 0 0, L_000002059baccd80;  1 drivers
v000002059ba12e30_0 .net *"_ivl_9", 0 0, L_000002059bacd820;  1 drivers
v000002059ba13970_0 .net *"_ivl_90", 0 0, L_000002059bae8790;  1 drivers
v000002059ba13a10_0 .net *"_ivl_92", 0 0, L_000002059bae8f70;  1 drivers
S_000002059ba18e90 .scope generate, "cla_blocks[6]" "cla_blocks[6]" 15 15, 15 15 0, S_000002059b9d4110;
 .timescale 0 0;
P_000002059b937860 .param/l "i" 0 15 15, +C4<0110>;
L_000002059bae9050 .functor AND 1, L_000002059bacd0a0, L_000002059bacce20, C4<1>, C4<1>;
L_000002059bae90c0 .functor OR 1, L_000002059bacd960, L_000002059bae9050, C4<0>, C4<0>;
L_000002059bae8800 .functor AND 1, L_000002059bacd140, L_000002059bacda00, C4<1>, C4<1>;
L_000002059bae9440 .functor OR 1, L_000002059baccec0, L_000002059bae8800, C4<0>, C4<0>;
L_000002059bae91a0 .functor AND 1, L_000002059bacdaa0, L_000002059bacfda0, C4<1>, C4<1>;
L_000002059bae8950 .functor AND 1, L_000002059bae91a0, L_000002059bad1880, C4<1>, C4<1>;
L_000002059bae94b0 .functor OR 1, L_000002059bae9440, L_000002059bae8950, C4<0>, C4<0>;
L_000002059bae9210 .functor AND 1, L_000002059bacf3a0, L_000002059bacfa80, C4<1>, C4<1>;
L_000002059bae9280 .functor OR 1, L_000002059bacf300, L_000002059bae9210, C4<0>, C4<0>;
L_000002059bae8a30 .functor AND 1, L_000002059bad1560, L_000002059bad0c00, C4<1>, C4<1>;
L_000002059bae89c0 .functor AND 1, L_000002059bae8a30, L_000002059bacfbc0, C4<1>, C4<1>;
L_000002059bae8aa0 .functor OR 1, L_000002059bae9280, L_000002059bae89c0, C4<0>, C4<0>;
L_000002059bae8bf0 .functor AND 1, L_000002059bacf9e0, L_000002059bad0480, C4<1>, C4<1>;
L_000002059bafd130 .functor AND 1, L_000002059bae8bf0, L_000002059bacfc60, C4<1>, C4<1>;
L_000002059bafd1a0 .functor AND 1, L_000002059bafd130, L_000002059bacfe40, C4<1>, C4<1>;
L_000002059bafc800 .functor OR 1, L_000002059bae8aa0, L_000002059bafd1a0, C4<0>, C4<0>;
L_000002059bafd520 .functor AND 1, L_000002059bad0e80, L_000002059bad0200, C4<1>, C4<1>;
L_000002059bafc6b0 .functor OR 1, L_000002059bacf760, L_000002059bafd520, C4<0>, C4<0>;
L_000002059bafd050 .functor AND 1, L_000002059bad02a0, L_000002059bad1380, C4<1>, C4<1>;
L_000002059bafcbf0 .functor AND 1, L_000002059bafd050, L_000002059bad0de0, C4<1>, C4<1>;
L_000002059bafd440 .functor OR 1, L_000002059bafc6b0, L_000002059bafcbf0, C4<0>, C4<0>;
L_000002059bafd2f0 .functor AND 1, L_000002059bad0020, L_000002059bad00c0, C4<1>, C4<1>;
L_000002059bafc870 .functor AND 1, L_000002059bafd2f0, L_000002059bad0520, C4<1>, C4<1>;
L_000002059bafce90 .functor AND 1, L_000002059bafc870, L_000002059bad0ac0, C4<1>, C4<1>;
L_000002059bafc480 .functor OR 1, L_000002059bafd440, L_000002059bafce90, C4<0>, C4<0>;
L_000002059bafcb80 .functor AND 1, L_000002059bacf120, L_000002059bacf800, C4<1>, C4<1>;
L_000002059bafd360 .functor AND 1, L_000002059bafcb80, L_000002059bad1740, C4<1>, C4<1>;
L_000002059bafdc20 .functor AND 1, L_000002059bafd360, L_000002059bacf4e0, C4<1>, C4<1>;
L_000002059bafd210 .functor AND 1, L_000002059bafdc20, L_000002059bad05c0, C4<1>, C4<1>;
L_000002059bafc090 .functor OR 1, L_000002059bafc480, L_000002059bafd210, C4<0>, C4<0>;
v000002059ba12ed0_0 .net *"_ivl_0", 0 0, L_000002059bacd960;  1 drivers
v000002059ba13290_0 .net *"_ivl_1", 0 0, L_000002059bacd0a0;  1 drivers
v000002059ba13330_0 .net *"_ivl_10", 0 0, L_000002059bae8800;  1 drivers
v000002059ba14c30_0 .net *"_ivl_12", 0 0, L_000002059bae9440;  1 drivers
v000002059ba13dd0_0 .net *"_ivl_14", 0 0, L_000002059bacdaa0;  1 drivers
v000002059ba12bb0_0 .net *"_ivl_15", 0 0, L_000002059bacfda0;  1 drivers
v000002059ba12c50_0 .net *"_ivl_16", 0 0, L_000002059bae91a0;  1 drivers
v000002059ba13e70_0 .net *"_ivl_18", 0 0, L_000002059bad1880;  1 drivers
v000002059ba13fb0_0 .net *"_ivl_19", 0 0, L_000002059bae8950;  1 drivers
v000002059ba14190_0 .net *"_ivl_2", 0 0, L_000002059bacce20;  1 drivers
v000002059ba14230_0 .net *"_ivl_21", 0 0, L_000002059bae94b0;  1 drivers
v000002059ba142d0_0 .net *"_ivl_23", 0 0, L_000002059bacf300;  1 drivers
v000002059ba14370_0 .net *"_ivl_24", 0 0, L_000002059bacf3a0;  1 drivers
v000002059ba14410_0 .net *"_ivl_25", 0 0, L_000002059bacfa80;  1 drivers
v000002059ba144b0_0 .net *"_ivl_26", 0 0, L_000002059bae9210;  1 drivers
v000002059ba153b0_0 .net *"_ivl_28", 0 0, L_000002059bae9280;  1 drivers
v000002059ba15a90_0 .net *"_ivl_3", 0 0, L_000002059bae9050;  1 drivers
v000002059ba159f0_0 .net *"_ivl_30", 0 0, L_000002059bad1560;  1 drivers
v000002059ba156d0_0 .net *"_ivl_31", 0 0, L_000002059bad0c00;  1 drivers
v000002059ba15270_0 .net *"_ivl_32", 0 0, L_000002059bae8a30;  1 drivers
v000002059ba15770_0 .net *"_ivl_34", 0 0, L_000002059bacfbc0;  1 drivers
v000002059ba15db0_0 .net *"_ivl_35", 0 0, L_000002059bae89c0;  1 drivers
v000002059ba15bd0_0 .net *"_ivl_37", 0 0, L_000002059bae8aa0;  1 drivers
v000002059ba15d10_0 .net *"_ivl_39", 0 0, L_000002059bacf9e0;  1 drivers
v000002059ba15590_0 .net *"_ivl_40", 0 0, L_000002059bad0480;  1 drivers
v000002059ba15c70_0 .net *"_ivl_41", 0 0, L_000002059bae8bf0;  1 drivers
v000002059ba15090_0 .net *"_ivl_43", 0 0, L_000002059bacfc60;  1 drivers
v000002059ba15130_0 .net *"_ivl_44", 0 0, L_000002059bafd130;  1 drivers
v000002059ba15e50_0 .net *"_ivl_46", 0 0, L_000002059bacfe40;  1 drivers
v000002059ba15ef0_0 .net *"_ivl_47", 0 0, L_000002059bafd1a0;  1 drivers
v000002059ba15810_0 .net *"_ivl_49", 0 0, L_000002059bafc800;  1 drivers
v000002059ba15630_0 .net *"_ivl_5", 0 0, L_000002059bae90c0;  1 drivers
v000002059ba151d0_0 .net *"_ivl_51", 0 0, L_000002059bacf760;  1 drivers
v000002059ba154f0_0 .net *"_ivl_52", 0 0, L_000002059bad0e80;  1 drivers
v000002059ba15450_0 .net *"_ivl_53", 0 0, L_000002059bad0200;  1 drivers
v000002059ba15310_0 .net *"_ivl_54", 0 0, L_000002059bafd520;  1 drivers
v000002059ba158b0_0 .net *"_ivl_56", 0 0, L_000002059bafc6b0;  1 drivers
v000002059ba15950_0 .net *"_ivl_58", 0 0, L_000002059bad02a0;  1 drivers
v000002059ba15b30_0 .net *"_ivl_59", 0 0, L_000002059bad1380;  1 drivers
v000002059ba07d50_0 .net *"_ivl_60", 0 0, L_000002059bafd050;  1 drivers
v000002059ba06310_0 .net *"_ivl_62", 0 0, L_000002059bad0de0;  1 drivers
v000002059ba07e90_0 .net *"_ivl_63", 0 0, L_000002059bafcbf0;  1 drivers
v000002059ba073f0_0 .net *"_ivl_65", 0 0, L_000002059bafd440;  1 drivers
v000002059ba07df0_0 .net *"_ivl_67", 0 0, L_000002059bad0020;  1 drivers
v000002059ba07f30_0 .net *"_ivl_68", 0 0, L_000002059bad00c0;  1 drivers
v000002059ba08570_0 .net *"_ivl_69", 0 0, L_000002059bafd2f0;  1 drivers
v000002059ba07b70_0 .net *"_ivl_7", 0 0, L_000002059baccec0;  1 drivers
v000002059ba07170_0 .net *"_ivl_71", 0 0, L_000002059bad0520;  1 drivers
v000002059ba06590_0 .net *"_ivl_72", 0 0, L_000002059bafc870;  1 drivers
v000002059ba08750_0 .net *"_ivl_74", 0 0, L_000002059bad0ac0;  1 drivers
v000002059ba06f90_0 .net *"_ivl_75", 0 0, L_000002059bafce90;  1 drivers
v000002059ba087f0_0 .net *"_ivl_77", 0 0, L_000002059bafc480;  1 drivers
v000002059ba06270_0 .net *"_ivl_79", 0 0, L_000002059bacf120;  1 drivers
v000002059ba07710_0 .net *"_ivl_8", 0 0, L_000002059bacd140;  1 drivers
v000002059ba08610_0 .net *"_ivl_80", 0 0, L_000002059bacf800;  1 drivers
v000002059ba07fd0_0 .net *"_ivl_81", 0 0, L_000002059bafcb80;  1 drivers
v000002059ba08070_0 .net *"_ivl_83", 0 0, L_000002059bad1740;  1 drivers
v000002059ba06bd0_0 .net *"_ivl_84", 0 0, L_000002059bafd360;  1 drivers
v000002059ba063b0_0 .net *"_ivl_86", 0 0, L_000002059bacf4e0;  1 drivers
v000002059ba06090_0 .net *"_ivl_87", 0 0, L_000002059bafdc20;  1 drivers
v000002059ba06770_0 .net *"_ivl_89", 0 0, L_000002059bad05c0;  1 drivers
v000002059ba06950_0 .net *"_ivl_9", 0 0, L_000002059bacda00;  1 drivers
v000002059ba08110_0 .net *"_ivl_90", 0 0, L_000002059bafd210;  1 drivers
v000002059ba081b0_0 .net *"_ivl_92", 0 0, L_000002059bafc090;  1 drivers
S_000002059ba189e0 .scope generate, "cla_blocks[7]" "cla_blocks[7]" 15 15, 15 15 0, S_000002059b9d4110;
 .timescale 0 0;
P_000002059b938260 .param/l "i" 0 15 15, +C4<0111>;
L_000002059bafd3d0 .functor AND 1, L_000002059bad0f20, L_000002059bad0fc0, C4<1>, C4<1>;
L_000002059bafd280 .functor OR 1, L_000002059bad08e0, L_000002059bafd3d0, C4<0>, C4<0>;
L_000002059bafdbb0 .functor AND 1, L_000002059bad17e0, L_000002059bad12e0, C4<1>, C4<1>;
L_000002059bafd4b0 .functor OR 1, L_000002059bad1420, L_000002059bafdbb0, C4<0>, C4<0>;
L_000002059bafc560 .functor AND 1, L_000002059bacfd00, L_000002059bad0660, C4<1>, C4<1>;
L_000002059bafd590 .functor AND 1, L_000002059bafc560, L_000002059bad1060, C4<1>, C4<1>;
L_000002059bafd600 .functor OR 1, L_000002059bafd4b0, L_000002059bafd590, C4<0>, C4<0>;
L_000002059bafc8e0 .functor AND 1, L_000002059bacfb20, L_000002059bacf1c0, C4<1>, C4<1>;
L_000002059bafc4f0 .functor OR 1, L_000002059bad0980, L_000002059bafc8e0, C4<0>, C4<0>;
L_000002059bafc410 .functor AND 1, L_000002059bad1100, L_000002059bad1600, C4<1>, C4<1>;
L_000002059bafccd0 .functor AND 1, L_000002059bafc410, L_000002059bad0160, C4<1>, C4<1>;
L_000002059bafcc60 .functor OR 1, L_000002059bafc4f0, L_000002059bafccd0, C4<0>, C4<0>;
L_000002059bafd8a0 .functor AND 1, L_000002059bad0340, L_000002059bad0700, C4<1>, C4<1>;
L_000002059bafcb10 .functor AND 1, L_000002059bafd8a0, L_000002059bad16a0, C4<1>, C4<1>;
L_000002059bafce20 .functor AND 1, L_000002059bafcb10, L_000002059bacf580, C4<1>, C4<1>;
L_000002059bafd670 .functor OR 1, L_000002059bafcc60, L_000002059bafce20, C4<0>, C4<0>;
L_000002059bafd7c0 .functor AND 1, L_000002059bacf620, L_000002059bacf8a0, C4<1>, C4<1>;
L_000002059bafcd40 .functor OR 1, L_000002059bad0ca0, L_000002059bafd7c0, C4<0>, C4<0>;
L_000002059bafc640 .functor AND 1, L_000002059bacfee0, L_000002059bacff80, C4<1>, C4<1>;
L_000002059bafcdb0 .functor AND 1, L_000002059bafc640, L_000002059bad0b60, C4<1>, C4<1>;
L_000002059bafc720 .functor OR 1, L_000002059bafcd40, L_000002059bafcdb0, C4<0>, C4<0>;
L_000002059bafcf00 .functor AND 1, L_000002059bad03e0, L_000002059bad07a0, C4<1>, C4<1>;
L_000002059bafca30 .functor AND 1, L_000002059bafcf00, L_000002059bad0840, C4<1>, C4<1>;
L_000002059bafcf70 .functor AND 1, L_000002059bafca30, L_000002059bacf260, C4<1>, C4<1>;
L_000002059bafcaa0 .functor OR 1, L_000002059bafc720, L_000002059bafcf70, C4<0>, C4<0>;
L_000002059bafc330 .functor AND 1, L_000002059bacf440, L_000002059bad0a20, C4<1>, C4<1>;
L_000002059bafc100 .functor AND 1, L_000002059bafc330, L_000002059bad0d40, C4<1>, C4<1>;
L_000002059bafc170 .functor AND 1, L_000002059bafc100, L_000002059bad11a0, C4<1>, C4<1>;
L_000002059bafc5d0 .functor AND 1, L_000002059bafc170, L_000002059bacf6c0, C4<1>, C4<1>;
L_000002059bafc1e0 .functor OR 1, L_000002059bafcaa0, L_000002059bafc5d0, C4<0>, C4<0>;
v000002059ba08250_0 .net *"_ivl_0", 0 0, L_000002059bad08e0;  1 drivers
v000002059ba07990_0 .net *"_ivl_1", 0 0, L_000002059bad0f20;  1 drivers
v000002059ba07850_0 .net *"_ivl_10", 0 0, L_000002059bafdbb0;  1 drivers
v000002059ba07210_0 .net *"_ivl_12", 0 0, L_000002059bafd4b0;  1 drivers
v000002059ba07030_0 .net *"_ivl_14", 0 0, L_000002059bacfd00;  1 drivers
v000002059ba084d0_0 .net *"_ivl_15", 0 0, L_000002059bad0660;  1 drivers
v000002059ba082f0_0 .net *"_ivl_16", 0 0, L_000002059bafc560;  1 drivers
v000002059ba08430_0 .net *"_ivl_18", 0 0, L_000002059bad1060;  1 drivers
v000002059ba08390_0 .net *"_ivl_19", 0 0, L_000002059bafd590;  1 drivers
v000002059ba078f0_0 .net *"_ivl_2", 0 0, L_000002059bad0fc0;  1 drivers
v000002059ba06db0_0 .net *"_ivl_21", 0 0, L_000002059bafd600;  1 drivers
v000002059ba06810_0 .net *"_ivl_23", 0 0, L_000002059bad0980;  1 drivers
v000002059ba07350_0 .net *"_ivl_24", 0 0, L_000002059bacfb20;  1 drivers
v000002059ba06c70_0 .net *"_ivl_25", 0 0, L_000002059bacf1c0;  1 drivers
v000002059ba06450_0 .net *"_ivl_26", 0 0, L_000002059bafc8e0;  1 drivers
v000002059ba075d0_0 .net *"_ivl_28", 0 0, L_000002059bafc4f0;  1 drivers
v000002059ba086b0_0 .net *"_ivl_3", 0 0, L_000002059bafd3d0;  1 drivers
v000002059ba06130_0 .net *"_ivl_30", 0 0, L_000002059bad1100;  1 drivers
v000002059ba06d10_0 .net *"_ivl_31", 0 0, L_000002059bad1600;  1 drivers
v000002059ba06630_0 .net *"_ivl_32", 0 0, L_000002059bafc410;  1 drivers
v000002059ba064f0_0 .net *"_ivl_34", 0 0, L_000002059bad0160;  1 drivers
v000002059ba061d0_0 .net *"_ivl_35", 0 0, L_000002059bafccd0;  1 drivers
v000002059ba066d0_0 .net *"_ivl_37", 0 0, L_000002059bafcc60;  1 drivers
v000002059ba07a30_0 .net *"_ivl_39", 0 0, L_000002059bad0340;  1 drivers
v000002059ba068b0_0 .net *"_ivl_40", 0 0, L_000002059bad0700;  1 drivers
v000002059ba069f0_0 .net *"_ivl_41", 0 0, L_000002059bafd8a0;  1 drivers
v000002059ba06a90_0 .net *"_ivl_43", 0 0, L_000002059bad16a0;  1 drivers
v000002059ba06b30_0 .net *"_ivl_44", 0 0, L_000002059bafcb10;  1 drivers
v000002059ba07490_0 .net *"_ivl_46", 0 0, L_000002059bacf580;  1 drivers
v000002059ba06e50_0 .net *"_ivl_47", 0 0, L_000002059bafce20;  1 drivers
v000002059ba06ef0_0 .net *"_ivl_49", 0 0, L_000002059bafd670;  1 drivers
v000002059ba070d0_0 .net *"_ivl_5", 0 0, L_000002059bafd280;  1 drivers
v000002059ba07c10_0 .net *"_ivl_51", 0 0, L_000002059bad0ca0;  1 drivers
v000002059ba072b0_0 .net *"_ivl_52", 0 0, L_000002059bacf620;  1 drivers
v000002059ba07530_0 .net *"_ivl_53", 0 0, L_000002059bacf8a0;  1 drivers
v000002059ba07670_0 .net *"_ivl_54", 0 0, L_000002059bafd7c0;  1 drivers
v000002059ba077b0_0 .net *"_ivl_56", 0 0, L_000002059bafcd40;  1 drivers
v000002059ba07ad0_0 .net *"_ivl_58", 0 0, L_000002059bacfee0;  1 drivers
v000002059ba07cb0_0 .net *"_ivl_59", 0 0, L_000002059bacff80;  1 drivers
v000002059ba1a7d0_0 .net *"_ivl_60", 0 0, L_000002059bafc640;  1 drivers
v000002059ba1a5f0_0 .net *"_ivl_62", 0 0, L_000002059bad0b60;  1 drivers
v000002059ba1c670_0 .net *"_ivl_63", 0 0, L_000002059bafcdb0;  1 drivers
v000002059ba1b450_0 .net *"_ivl_65", 0 0, L_000002059bafc720;  1 drivers
v000002059ba1b8b0_0 .net *"_ivl_67", 0 0, L_000002059bad03e0;  1 drivers
v000002059ba1a410_0 .net *"_ivl_68", 0 0, L_000002059bad07a0;  1 drivers
v000002059ba1ae10_0 .net *"_ivl_69", 0 0, L_000002059bafcf00;  1 drivers
v000002059ba1a910_0 .net *"_ivl_7", 0 0, L_000002059bad1420;  1 drivers
v000002059ba1a0f0_0 .net *"_ivl_71", 0 0, L_000002059bad0840;  1 drivers
v000002059ba1c7b0_0 .net *"_ivl_72", 0 0, L_000002059bafca30;  1 drivers
v000002059ba1a870_0 .net *"_ivl_74", 0 0, L_000002059bacf260;  1 drivers
v000002059ba1b950_0 .net *"_ivl_75", 0 0, L_000002059bafcf70;  1 drivers
v000002059ba1b1d0_0 .net *"_ivl_77", 0 0, L_000002059bafcaa0;  1 drivers
v000002059ba1b9f0_0 .net *"_ivl_79", 0 0, L_000002059bacf440;  1 drivers
v000002059ba1ba90_0 .net *"_ivl_8", 0 0, L_000002059bad17e0;  1 drivers
v000002059ba1b270_0 .net *"_ivl_80", 0 0, L_000002059bad0a20;  1 drivers
v000002059ba1af50_0 .net *"_ivl_81", 0 0, L_000002059bafc330;  1 drivers
v000002059ba1a190_0 .net *"_ivl_83", 0 0, L_000002059bad0d40;  1 drivers
v000002059ba1b770_0 .net *"_ivl_84", 0 0, L_000002059bafc100;  1 drivers
v000002059ba1c530_0 .net *"_ivl_86", 0 0, L_000002059bad11a0;  1 drivers
v000002059ba1bdb0_0 .net *"_ivl_87", 0 0, L_000002059bafc170;  1 drivers
v000002059ba1a2d0_0 .net *"_ivl_89", 0 0, L_000002059bacf6c0;  1 drivers
v000002059ba1bf90_0 .net *"_ivl_9", 0 0, L_000002059bad12e0;  1 drivers
v000002059ba1b3b0_0 .net *"_ivl_90", 0 0, L_000002059bafc5d0;  1 drivers
v000002059ba1bb30_0 .net *"_ivl_92", 0 0, L_000002059bafc1e0;  1 drivers
S_000002059ba19020 .scope generate, "cla_blocks[8]" "cla_blocks[8]" 15 15, 15 15 0, S_000002059b9d4110;
 .timescale 0 0;
P_000002059b937aa0 .param/l "i" 0 15 15, +C4<01000>;
L_000002059bafd830 .functor AND 1, L_000002059bad1240, L_000002059bad14c0, C4<1>, C4<1>;
L_000002059bafcfe0 .functor OR 1, L_000002059bacf940, L_000002059bafd830, C4<0>, C4<0>;
L_000002059bafd0c0 .functor AND 1, L_000002059bad3540, L_000002059bad1920, C4<1>, C4<1>;
L_000002059bafd6e0 .functor OR 1, L_000002059bad3d60, L_000002059bafd0c0, C4<0>, C4<0>;
L_000002059bafd750 .functor AND 1, L_000002059bad1f60, L_000002059bad2780, C4<1>, C4<1>;
L_000002059bafd910 .functor AND 1, L_000002059bafd750, L_000002059bad2d20, C4<1>, C4<1>;
L_000002059bafd980 .functor OR 1, L_000002059bafd6e0, L_000002059bafd910, C4<0>, C4<0>;
L_000002059bafc790 .functor AND 1, L_000002059bad35e0, L_000002059bad2280, C4<1>, C4<1>;
L_000002059bafd9f0 .functor OR 1, L_000002059bad3180, L_000002059bafc790, C4<0>, C4<0>;
L_000002059bafda60 .functor AND 1, L_000002059bad2dc0, L_000002059bad3360, C4<1>, C4<1>;
L_000002059bafc250 .functor AND 1, L_000002059bafda60, L_000002059bad2140, C4<1>, C4<1>;
L_000002059bafdad0 .functor OR 1, L_000002059bafd9f0, L_000002059bafc250, C4<0>, C4<0>;
L_000002059bafc9c0 .functor AND 1, L_000002059bad3220, L_000002059bad3400, C4<1>, C4<1>;
L_000002059bafc2c0 .functor AND 1, L_000002059bafc9c0, L_000002059bad3680, C4<1>, C4<1>;
L_000002059bafc950 .functor AND 1, L_000002059bafc2c0, L_000002059bad3e00, C4<1>, C4<1>;
L_000002059bafdb40 .functor OR 1, L_000002059bafdad0, L_000002059bafc950, C4<0>, C4<0>;
L_000002059bafc3a0 .functor AND 1, L_000002059bad2460, L_000002059bad3ea0, C4<1>, C4<1>;
L_000002059bafdc90 .functor OR 1, L_000002059bad3900, L_000002059bafc3a0, C4<0>, C4<0>;
L_000002059bafe0f0 .functor AND 1, L_000002059bad2000, L_000002059bad3720, C4<1>, C4<1>;
L_000002059bafe010 .functor AND 1, L_000002059bafe0f0, L_000002059bad25a0, C4<1>, C4<1>;
L_000002059bafdd00 .functor OR 1, L_000002059bafdc90, L_000002059bafe010, C4<0>, C4<0>;
L_000002059bafe320 .functor AND 1, L_000002059bad26e0, L_000002059bad32c0, C4<1>, C4<1>;
L_000002059bafe1d0 .functor AND 1, L_000002059bafe320, L_000002059bad2b40, C4<1>, C4<1>;
L_000002059bafe080 .functor AND 1, L_000002059bafe1d0, L_000002059bad2c80, C4<1>, C4<1>;
L_000002059bafe240 .functor OR 1, L_000002059bafdd00, L_000002059bafe080, C4<0>, C4<0>;
L_000002059bafdec0 .functor AND 1, L_000002059bad34a0, L_000002059bad1b00, C4<1>, C4<1>;
L_000002059bafe160 .functor AND 1, L_000002059bafdec0, L_000002059bad30e0, C4<1>, C4<1>;
L_000002059bafe2b0 .functor AND 1, L_000002059bafe160, L_000002059bad20a0, C4<1>, C4<1>;
L_000002059bafdf30 .functor AND 1, L_000002059bafe2b0, L_000002059bad21e0, C4<1>, C4<1>;
L_000002059bafdd70 .functor OR 1, L_000002059bafe240, L_000002059bafdf30, C4<0>, C4<0>;
v000002059ba1c2b0_0 .net *"_ivl_0", 0 0, L_000002059bacf940;  1 drivers
v000002059ba1be50_0 .net *"_ivl_1", 0 0, L_000002059bad1240;  1 drivers
v000002059ba1bef0_0 .net *"_ivl_10", 0 0, L_000002059bafd0c0;  1 drivers
v000002059ba1a9b0_0 .net *"_ivl_12", 0 0, L_000002059bafd6e0;  1 drivers
v000002059ba1aa50_0 .net *"_ivl_14", 0 0, L_000002059bad1f60;  1 drivers
v000002059ba1c850_0 .net *"_ivl_15", 0 0, L_000002059bad2780;  1 drivers
v000002059ba1c030_0 .net *"_ivl_16", 0 0, L_000002059bafd750;  1 drivers
v000002059ba1c490_0 .net *"_ivl_18", 0 0, L_000002059bad2d20;  1 drivers
v000002059ba1c0d0_0 .net *"_ivl_19", 0 0, L_000002059bafd910;  1 drivers
v000002059ba1c170_0 .net *"_ivl_2", 0 0, L_000002059bad14c0;  1 drivers
v000002059ba1c5d0_0 .net *"_ivl_21", 0 0, L_000002059bafd980;  1 drivers
v000002059ba1c210_0 .net *"_ivl_23", 0 0, L_000002059bad3180;  1 drivers
v000002059ba1b310_0 .net *"_ivl_24", 0 0, L_000002059bad35e0;  1 drivers
v000002059ba1b4f0_0 .net *"_ivl_25", 0 0, L_000002059bad2280;  1 drivers
v000002059ba1aaf0_0 .net *"_ivl_26", 0 0, L_000002059bafc790;  1 drivers
v000002059ba1bbd0_0 .net *"_ivl_28", 0 0, L_000002059bafd9f0;  1 drivers
v000002059ba1aff0_0 .net *"_ivl_3", 0 0, L_000002059bafd830;  1 drivers
v000002059ba1ab90_0 .net *"_ivl_30", 0 0, L_000002059bad2dc0;  1 drivers
v000002059ba1bc70_0 .net *"_ivl_31", 0 0, L_000002059bad3360;  1 drivers
v000002059ba1bd10_0 .net *"_ivl_32", 0 0, L_000002059bafda60;  1 drivers
v000002059ba1b590_0 .net *"_ivl_34", 0 0, L_000002059bad2140;  1 drivers
v000002059ba1a730_0 .net *"_ivl_35", 0 0, L_000002059bafc250;  1 drivers
v000002059ba1b630_0 .net *"_ivl_37", 0 0, L_000002059bafdad0;  1 drivers
v000002059ba1b090_0 .net *"_ivl_39", 0 0, L_000002059bad3220;  1 drivers
v000002059ba1a230_0 .net *"_ivl_40", 0 0, L_000002059bad3400;  1 drivers
v000002059ba1b810_0 .net *"_ivl_41", 0 0, L_000002059bafc9c0;  1 drivers
v000002059ba1c710_0 .net *"_ivl_43", 0 0, L_000002059bad3680;  1 drivers
v000002059ba1c350_0 .net *"_ivl_44", 0 0, L_000002059bafc2c0;  1 drivers
v000002059ba1a370_0 .net *"_ivl_46", 0 0, L_000002059bad3e00;  1 drivers
v000002059ba1c3f0_0 .net *"_ivl_47", 0 0, L_000002059bafc950;  1 drivers
v000002059ba1b6d0_0 .net *"_ivl_49", 0 0, L_000002059bafdb40;  1 drivers
v000002059ba1a4b0_0 .net *"_ivl_5", 0 0, L_000002059bafcfe0;  1 drivers
v000002059ba1a550_0 .net *"_ivl_51", 0 0, L_000002059bad3900;  1 drivers
v000002059ba1ac30_0 .net *"_ivl_52", 0 0, L_000002059bad2460;  1 drivers
v000002059ba1a690_0 .net *"_ivl_53", 0 0, L_000002059bad3ea0;  1 drivers
v000002059ba1acd0_0 .net *"_ivl_54", 0 0, L_000002059bafc3a0;  1 drivers
v000002059ba1ad70_0 .net *"_ivl_56", 0 0, L_000002059bafdc90;  1 drivers
v000002059ba1aeb0_0 .net *"_ivl_58", 0 0, L_000002059bad2000;  1 drivers
v000002059ba1b130_0 .net *"_ivl_59", 0 0, L_000002059bad3720;  1 drivers
v000002059ba1ce90_0 .net *"_ivl_60", 0 0, L_000002059bafe0f0;  1 drivers
v000002059ba1ea10_0 .net *"_ivl_62", 0 0, L_000002059bad25a0;  1 drivers
v000002059ba1cb70_0 .net *"_ivl_63", 0 0, L_000002059bafe010;  1 drivers
v000002059ba1d890_0 .net *"_ivl_65", 0 0, L_000002059bafdd00;  1 drivers
v000002059ba1e330_0 .net *"_ivl_67", 0 0, L_000002059bad26e0;  1 drivers
v000002059ba1d1b0_0 .net *"_ivl_68", 0 0, L_000002059bad32c0;  1 drivers
v000002059ba1e970_0 .net *"_ivl_69", 0 0, L_000002059bafe320;  1 drivers
v000002059ba1ec90_0 .net *"_ivl_7", 0 0, L_000002059bad3d60;  1 drivers
v000002059ba1eab0_0 .net *"_ivl_71", 0 0, L_000002059bad2b40;  1 drivers
v000002059ba1d9d0_0 .net *"_ivl_72", 0 0, L_000002059bafe1d0;  1 drivers
v000002059ba1db10_0 .net *"_ivl_74", 0 0, L_000002059bad2c80;  1 drivers
v000002059ba1d250_0 .net *"_ivl_75", 0 0, L_000002059bafe080;  1 drivers
v000002059ba1e3d0_0 .net *"_ivl_77", 0 0, L_000002059bafe240;  1 drivers
v000002059ba1d7f0_0 .net *"_ivl_79", 0 0, L_000002059bad34a0;  1 drivers
v000002059ba1d2f0_0 .net *"_ivl_8", 0 0, L_000002059bad3540;  1 drivers
v000002059ba1e470_0 .net *"_ivl_80", 0 0, L_000002059bad1b00;  1 drivers
v000002059ba1e510_0 .net *"_ivl_81", 0 0, L_000002059bafdec0;  1 drivers
v000002059ba1da70_0 .net *"_ivl_83", 0 0, L_000002059bad30e0;  1 drivers
v000002059ba1cf30_0 .net *"_ivl_84", 0 0, L_000002059bafe160;  1 drivers
v000002059ba1dbb0_0 .net *"_ivl_86", 0 0, L_000002059bad20a0;  1 drivers
v000002059ba1ed30_0 .net *"_ivl_87", 0 0, L_000002059bafe2b0;  1 drivers
v000002059ba1e790_0 .net *"_ivl_89", 0 0, L_000002059bad21e0;  1 drivers
v000002059ba1eb50_0 .net *"_ivl_9", 0 0, L_000002059bad1920;  1 drivers
v000002059ba1d6b0_0 .net *"_ivl_90", 0 0, L_000002059bafdf30;  1 drivers
v000002059ba1e6f0_0 .net *"_ivl_92", 0 0, L_000002059bafdd70;  1 drivers
S_000002059ba18080 .scope generate, "cla_blocks[9]" "cla_blocks[9]" 15 15, 15 15 0, S_000002059b9d4110;
 .timescale 0 0;
P_000002059b937660 .param/l "i" 0 15 15, +C4<01001>;
L_000002059bafdde0 .functor AND 1, L_000002059bad3860, L_000002059bad19c0, C4<1>, C4<1>;
L_000002059bafdfa0 .functor OR 1, L_000002059bad37c0, L_000002059bafdde0, C4<0>, C4<0>;
L_000002059bafde50 .functor AND 1, L_000002059bad39a0, L_000002059bad2500, C4<1>, C4<1>;
L_000002059bafe390 .functor OR 1, L_000002059bad2f00, L_000002059bafde50, C4<0>, C4<0>;
L_000002059bafb920 .functor AND 1, L_000002059bad2e60, L_000002059bad2320, C4<1>, C4<1>;
L_000002059bafad50 .functor AND 1, L_000002059bafb920, L_000002059bad1d80, C4<1>, C4<1>;
L_000002059bafa730 .functor OR 1, L_000002059bafe390, L_000002059bafad50, C4<0>, C4<0>;
L_000002059bafba70 .functor AND 1, L_000002059bad2820, L_000002059bad3a40, C4<1>, C4<1>;
L_000002059bafa650 .functor OR 1, L_000002059bad1a60, L_000002059bafba70, C4<0>, C4<0>;
L_000002059bafaf10 .functor AND 1, L_000002059bad2fa0, L_000002059bad2be0, C4<1>, C4<1>;
L_000002059bafb760 .functor AND 1, L_000002059bafaf10, L_000002059bad3f40, C4<1>, C4<1>;
L_000002059bafa570 .functor OR 1, L_000002059bafa650, L_000002059bafb760, C4<0>, C4<0>;
L_000002059bafa8f0 .functor AND 1, L_000002059bad3040, L_000002059bad3ae0, C4<1>, C4<1>;
L_000002059bafb220 .functor AND 1, L_000002059bafa8f0, L_000002059bad23c0, C4<1>, C4<1>;
L_000002059bafb300 .functor AND 1, L_000002059bafb220, L_000002059bad3fe0, C4<1>, C4<1>;
L_000002059bafa6c0 .functor OR 1, L_000002059bafa570, L_000002059bafb300, C4<0>, C4<0>;
L_000002059bafbfb0 .functor AND 1, L_000002059bad28c0, L_000002059bad3b80, C4<1>, C4<1>;
L_000002059bafb5a0 .functor OR 1, L_000002059bad2640, L_000002059bafbfb0, C4<0>, C4<0>;
L_000002059bafa500 .functor AND 1, L_000002059bad3cc0, L_000002059bad4080, C4<1>, C4<1>;
L_000002059bafa490 .functor AND 1, L_000002059bafa500, L_000002059bad3c20, C4<1>, C4<1>;
L_000002059bafbdf0 .functor OR 1, L_000002059bafb5a0, L_000002059bafa490, C4<0>, C4<0>;
L_000002059bafaea0 .functor AND 1, L_000002059bad1ba0, L_000002059bad2960, C4<1>, C4<1>;
L_000002059bafaf80 .functor AND 1, L_000002059bafaea0, L_000002059bad1c40, C4<1>, C4<1>;
L_000002059bafb530 .functor AND 1, L_000002059bafaf80, L_000002059bad2a00, C4<1>, C4<1>;
L_000002059bafbf40 .functor OR 1, L_000002059bafbdf0, L_000002059bafb530, C4<0>, C4<0>;
L_000002059bafaab0 .functor AND 1, L_000002059bad1ce0, L_000002059bad2aa0, C4<1>, C4<1>;
L_000002059bafc020 .functor AND 1, L_000002059bafaab0, L_000002059bad1e20, C4<1>, C4<1>;
L_000002059bafb6f0 .functor AND 1, L_000002059bafc020, L_000002059bad1ec0, C4<1>, C4<1>;
L_000002059bafaa40 .functor AND 1, L_000002059bafb6f0, L_000002059bad4c60, C4<1>, C4<1>;
L_000002059bafbbc0 .functor OR 1, L_000002059bafbf40, L_000002059bafaa40, C4<0>, C4<0>;
v000002059ba1cc10_0 .net *"_ivl_0", 0 0, L_000002059bad37c0;  1 drivers
v000002059ba1dc50_0 .net *"_ivl_1", 0 0, L_000002059bad3860;  1 drivers
v000002059ba1d390_0 .net *"_ivl_10", 0 0, L_000002059bafde50;  1 drivers
v000002059ba1d570_0 .net *"_ivl_12", 0 0, L_000002059bafe390;  1 drivers
v000002059ba1cfd0_0 .net *"_ivl_14", 0 0, L_000002059bad2e60;  1 drivers
v000002059ba1e290_0 .net *"_ivl_15", 0 0, L_000002059bad2320;  1 drivers
v000002059ba1ee70_0 .net *"_ivl_16", 0 0, L_000002059bafb920;  1 drivers
v000002059ba1dd90_0 .net *"_ivl_18", 0 0, L_000002059bad1d80;  1 drivers
v000002059ba1e5b0_0 .net *"_ivl_19", 0 0, L_000002059bafad50;  1 drivers
v000002059ba1f050_0 .net *"_ivl_2", 0 0, L_000002059bad19c0;  1 drivers
v000002059ba1dcf0_0 .net *"_ivl_21", 0 0, L_000002059bafa730;  1 drivers
v000002059ba1d430_0 .net *"_ivl_23", 0 0, L_000002059bad1a60;  1 drivers
v000002059ba1e650_0 .net *"_ivl_24", 0 0, L_000002059bad2820;  1 drivers
v000002059ba1de30_0 .net *"_ivl_25", 0 0, L_000002059bad3a40;  1 drivers
v000002059ba1ebf0_0 .net *"_ivl_26", 0 0, L_000002059bafba70;  1 drivers
v000002059ba1ded0_0 .net *"_ivl_28", 0 0, L_000002059bafa650;  1 drivers
v000002059ba1d4d0_0 .net *"_ivl_3", 0 0, L_000002059bafdde0;  1 drivers
v000002059ba1d070_0 .net *"_ivl_30", 0 0, L_000002059bad2fa0;  1 drivers
v000002059ba1d750_0 .net *"_ivl_31", 0 0, L_000002059bad2be0;  1 drivers
v000002059ba1d610_0 .net *"_ivl_32", 0 0, L_000002059bafaf10;  1 drivers
v000002059ba1d930_0 .net *"_ivl_34", 0 0, L_000002059bad3f40;  1 drivers
v000002059ba1df70_0 .net *"_ivl_35", 0 0, L_000002059bafb760;  1 drivers
v000002059ba1e010_0 .net *"_ivl_37", 0 0, L_000002059bafa570;  1 drivers
v000002059ba1e0b0_0 .net *"_ivl_39", 0 0, L_000002059bad3040;  1 drivers
v000002059ba1d110_0 .net *"_ivl_40", 0 0, L_000002059bad3ae0;  1 drivers
v000002059ba1cdf0_0 .net *"_ivl_41", 0 0, L_000002059bafa8f0;  1 drivers
v000002059ba1ef10_0 .net *"_ivl_43", 0 0, L_000002059bad23c0;  1 drivers
v000002059ba1e150_0 .net *"_ivl_44", 0 0, L_000002059bafb220;  1 drivers
v000002059ba1e1f0_0 .net *"_ivl_46", 0 0, L_000002059bad3fe0;  1 drivers
v000002059ba1ccb0_0 .net *"_ivl_47", 0 0, L_000002059bafb300;  1 drivers
v000002059ba1e830_0 .net *"_ivl_49", 0 0, L_000002059bafa6c0;  1 drivers
v000002059ba1e8d0_0 .net *"_ivl_5", 0 0, L_000002059bafdfa0;  1 drivers
v000002059ba1c8f0_0 .net *"_ivl_51", 0 0, L_000002059bad2640;  1 drivers
v000002059ba1edd0_0 .net *"_ivl_52", 0 0, L_000002059bad28c0;  1 drivers
v000002059ba1efb0_0 .net *"_ivl_53", 0 0, L_000002059bad3b80;  1 drivers
v000002059ba1c990_0 .net *"_ivl_54", 0 0, L_000002059bafbfb0;  1 drivers
v000002059ba1ca30_0 .net *"_ivl_56", 0 0, L_000002059bafb5a0;  1 drivers
v000002059ba1cad0_0 .net *"_ivl_58", 0 0, L_000002059bad3cc0;  1 drivers
v000002059ba1cd50_0 .net *"_ivl_59", 0 0, L_000002059bad4080;  1 drivers
v000002059ba21530_0 .net *"_ivl_60", 0 0, L_000002059bafa500;  1 drivers
v000002059ba1fff0_0 .net *"_ivl_62", 0 0, L_000002059bad3c20;  1 drivers
v000002059ba1f9b0_0 .net *"_ivl_63", 0 0, L_000002059bafa490;  1 drivers
v000002059ba20bd0_0 .net *"_ivl_65", 0 0, L_000002059bafbdf0;  1 drivers
v000002059ba20b30_0 .net *"_ivl_67", 0 0, L_000002059bad1ba0;  1 drivers
v000002059ba201d0_0 .net *"_ivl_68", 0 0, L_000002059bad2960;  1 drivers
v000002059ba1f730_0 .net *"_ivl_69", 0 0, L_000002059bafaea0;  1 drivers
v000002059ba20310_0 .net *"_ivl_7", 0 0, L_000002059bad2f00;  1 drivers
v000002059ba21490_0 .net *"_ivl_71", 0 0, L_000002059bad1c40;  1 drivers
v000002059ba20f90_0 .net *"_ivl_72", 0 0, L_000002059bafaf80;  1 drivers
v000002059ba21210_0 .net *"_ivl_74", 0 0, L_000002059bad2a00;  1 drivers
v000002059ba1feb0_0 .net *"_ivl_75", 0 0, L_000002059bafb530;  1 drivers
v000002059ba20ef0_0 .net *"_ivl_77", 0 0, L_000002059bafbf40;  1 drivers
v000002059ba1f190_0 .net *"_ivl_79", 0 0, L_000002059bad1ce0;  1 drivers
v000002059ba1f0f0_0 .net *"_ivl_8", 0 0, L_000002059bad39a0;  1 drivers
v000002059ba21030_0 .net *"_ivl_80", 0 0, L_000002059bad2aa0;  1 drivers
v000002059ba20c70_0 .net *"_ivl_81", 0 0, L_000002059bafaab0;  1 drivers
v000002059ba1ff50_0 .net *"_ivl_83", 0 0, L_000002059bad1e20;  1 drivers
v000002059ba1faf0_0 .net *"_ivl_84", 0 0, L_000002059bafc020;  1 drivers
v000002059ba21710_0 .net *"_ivl_86", 0 0, L_000002059bad1ec0;  1 drivers
v000002059ba203b0_0 .net *"_ivl_87", 0 0, L_000002059bafb6f0;  1 drivers
v000002059ba1fcd0_0 .net *"_ivl_89", 0 0, L_000002059bad4c60;  1 drivers
v000002059ba21850_0 .net *"_ivl_9", 0 0, L_000002059bad2500;  1 drivers
v000002059ba210d0_0 .net *"_ivl_90", 0 0, L_000002059bafaa40;  1 drivers
v000002059ba20090_0 .net *"_ivl_92", 0 0, L_000002059bafbbc0;  1 drivers
S_000002059ba19e30 .scope generate, "cla_blocks[10]" "cla_blocks[10]" 15 15, 15 15 0, S_000002059b9d4110;
 .timescale 0 0;
P_000002059b9385e0 .param/l "i" 0 15 15, +C4<01010>;
L_000002059bafadc0 .functor AND 1, L_000002059bad5f20, L_000002059bad49e0, C4<1>, C4<1>;
L_000002059bafb140 .functor OR 1, L_000002059bad6600, L_000002059bafadc0, C4<0>, C4<0>;
L_000002059bafb060 .functor AND 1, L_000002059bad6740, L_000002059bad67e0, C4<1>, C4<1>;
L_000002059bafb1b0 .functor OR 1, L_000002059bad66a0, L_000002059bafb060, C4<0>, C4<0>;
L_000002059bafbe60 .functor AND 1, L_000002059bad5fc0, L_000002059bad6560, C4<1>, C4<1>;
L_000002059bafa5e0 .functor AND 1, L_000002059bafbe60, L_000002059bad48a0, C4<1>, C4<1>;
L_000002059bafb990 .functor OR 1, L_000002059bafb1b0, L_000002059bafa5e0, C4<0>, C4<0>;
L_000002059bafa7a0 .functor AND 1, L_000002059bad4a80, L_000002059bad4120, C4<1>, C4<1>;
L_000002059baface0 .functor OR 1, L_000002059bad6880, L_000002059bafa7a0, C4<0>, C4<0>;
L_000002059bafb610 .functor AND 1, L_000002059bad6060, L_000002059bad55c0, C4<1>, C4<1>;
L_000002059bafb290 .functor AND 1, L_000002059bafb610, L_000002059bad5de0, C4<1>, C4<1>;
L_000002059bafba00 .functor OR 1, L_000002059baface0, L_000002059bafb290, C4<0>, C4<0>;
L_000002059bafbed0 .functor AND 1, L_000002059bad62e0, L_000002059bad58e0, C4<1>, C4<1>;
L_000002059bafbc30 .functor AND 1, L_000002059bafbed0, L_000002059bad41c0, C4<1>, C4<1>;
L_000002059bafb7d0 .functor AND 1, L_000002059bafbc30, L_000002059bad5200, C4<1>, C4<1>;
L_000002059bafae30 .functor OR 1, L_000002059bafba00, L_000002059bafb7d0, C4<0>, C4<0>;
L_000002059bafb840 .functor AND 1, L_000002059bad4da0, L_000002059bad5e80, C4<1>, C4<1>;
L_000002059bafb8b0 .functor OR 1, L_000002059bad4d00, L_000002059bafb840, C4<0>, C4<0>;
L_000002059bafa810 .functor AND 1, L_000002059bad5980, L_000002059bad4b20, C4<1>, C4<1>;
L_000002059bafa960 .functor AND 1, L_000002059bafa810, L_000002059bad4800, C4<1>, C4<1>;
L_000002059bafbae0 .functor OR 1, L_000002059bafb8b0, L_000002059bafa960, C4<0>, C4<0>;
L_000002059bafaff0 .functor AND 1, L_000002059bad4bc0, L_000002059bad5ca0, C4<1>, C4<1>;
L_000002059bafa880 .functor AND 1, L_000002059bafaff0, L_000002059bad4760, C4<1>, C4<1>;
L_000002059bafa9d0 .functor AND 1, L_000002059bafa880, L_000002059bad4300, C4<1>, C4<1>;
L_000002059bafb370 .functor OR 1, L_000002059bafbae0, L_000002059bafa9d0, C4<0>, C4<0>;
L_000002059bafb3e0 .functor AND 1, L_000002059bad5b60, L_000002059bad4580, C4<1>, C4<1>;
L_000002059bafb680 .functor AND 1, L_000002059bafb3e0, L_000002059bad6100, C4<1>, C4<1>;
L_000002059bafab20 .functor AND 1, L_000002059bafb680, L_000002059bad4620, C4<1>, C4<1>;
L_000002059bafbb50 .functor AND 1, L_000002059bafab20, L_000002059bad43a0, C4<1>, C4<1>;
L_000002059bafac00 .functor OR 1, L_000002059bafb370, L_000002059bafbb50, C4<0>, C4<0>;
v000002059ba1f370_0 .net *"_ivl_0", 0 0, L_000002059bad6600;  1 drivers
v000002059ba1fb90_0 .net *"_ivl_1", 0 0, L_000002059bad5f20;  1 drivers
v000002059ba20450_0 .net *"_ivl_10", 0 0, L_000002059bafb060;  1 drivers
v000002059ba21170_0 .net *"_ivl_12", 0 0, L_000002059bafb1b0;  1 drivers
v000002059ba215d0_0 .net *"_ivl_14", 0 0, L_000002059bad5fc0;  1 drivers
v000002059ba1f410_0 .net *"_ivl_15", 0 0, L_000002059bad6560;  1 drivers
v000002059ba21670_0 .net *"_ivl_16", 0 0, L_000002059bafbe60;  1 drivers
v000002059ba217b0_0 .net *"_ivl_18", 0 0, L_000002059bad48a0;  1 drivers
v000002059ba212b0_0 .net *"_ivl_19", 0 0, L_000002059bafa5e0;  1 drivers
v000002059ba206d0_0 .net *"_ivl_2", 0 0, L_000002059bad49e0;  1 drivers
v000002059ba20130_0 .net *"_ivl_21", 0 0, L_000002059bafb990;  1 drivers
v000002059ba20770_0 .net *"_ivl_23", 0 0, L_000002059bad6880;  1 drivers
v000002059ba1f7d0_0 .net *"_ivl_24", 0 0, L_000002059bad4a80;  1 drivers
v000002059ba1f5f0_0 .net *"_ivl_25", 0 0, L_000002059bad4120;  1 drivers
v000002059ba1f230_0 .net *"_ivl_26", 0 0, L_000002059bafa7a0;  1 drivers
v000002059ba204f0_0 .net *"_ivl_28", 0 0, L_000002059baface0;  1 drivers
v000002059ba208b0_0 .net *"_ivl_3", 0 0, L_000002059bafadc0;  1 drivers
v000002059ba1f4b0_0 .net *"_ivl_30", 0 0, L_000002059bad6060;  1 drivers
v000002059ba1fe10_0 .net *"_ivl_31", 0 0, L_000002059bad55c0;  1 drivers
v000002059ba1f910_0 .net *"_ivl_32", 0 0, L_000002059bafb610;  1 drivers
v000002059ba1f2d0_0 .net *"_ivl_34", 0 0, L_000002059bad5de0;  1 drivers
v000002059ba1f550_0 .net *"_ivl_35", 0 0, L_000002059bafb290;  1 drivers
v000002059ba1f870_0 .net *"_ivl_37", 0 0, L_000002059bafba00;  1 drivers
v000002059ba20950_0 .net *"_ivl_39", 0 0, L_000002059bad62e0;  1 drivers
v000002059ba20270_0 .net *"_ivl_40", 0 0, L_000002059bad58e0;  1 drivers
v000002059ba209f0_0 .net *"_ivl_41", 0 0, L_000002059bafbed0;  1 drivers
v000002059ba1f690_0 .net *"_ivl_43", 0 0, L_000002059bad41c0;  1 drivers
v000002059ba20e50_0 .net *"_ivl_44", 0 0, L_000002059bafbc30;  1 drivers
v000002059ba20590_0 .net *"_ivl_46", 0 0, L_000002059bad5200;  1 drivers
v000002059ba1fa50_0 .net *"_ivl_47", 0 0, L_000002059bafb7d0;  1 drivers
v000002059ba20810_0 .net *"_ivl_49", 0 0, L_000002059bafae30;  1 drivers
v000002059ba1fc30_0 .net *"_ivl_5", 0 0, L_000002059bafb140;  1 drivers
v000002059ba20db0_0 .net *"_ivl_51", 0 0, L_000002059bad4d00;  1 drivers
v000002059ba20630_0 .net *"_ivl_52", 0 0, L_000002059bad4da0;  1 drivers
v000002059ba1fd70_0 .net *"_ivl_53", 0 0, L_000002059bad5e80;  1 drivers
v000002059ba20a90_0 .net *"_ivl_54", 0 0, L_000002059bafb840;  1 drivers
v000002059ba20d10_0 .net *"_ivl_56", 0 0, L_000002059bafb8b0;  1 drivers
v000002059ba21350_0 .net *"_ivl_58", 0 0, L_000002059bad5980;  1 drivers
v000002059ba213f0_0 .net *"_ivl_59", 0 0, L_000002059bad4b20;  1 drivers
v000002059ba22bb0_0 .net *"_ivl_60", 0 0, L_000002059bafa810;  1 drivers
v000002059ba21d50_0 .net *"_ivl_62", 0 0, L_000002059bad4800;  1 drivers
v000002059ba230b0_0 .net *"_ivl_63", 0 0, L_000002059bafa960;  1 drivers
v000002059ba235b0_0 .net *"_ivl_65", 0 0, L_000002059bafbae0;  1 drivers
v000002059ba233d0_0 .net *"_ivl_67", 0 0, L_000002059bad4bc0;  1 drivers
v000002059ba21e90_0 .net *"_ivl_68", 0 0, L_000002059bad5ca0;  1 drivers
v000002059ba23a10_0 .net *"_ivl_69", 0 0, L_000002059bafaff0;  1 drivers
v000002059ba21b70_0 .net *"_ivl_7", 0 0, L_000002059bad66a0;  1 drivers
v000002059ba22890_0 .net *"_ivl_71", 0 0, L_000002059bad4760;  1 drivers
v000002059ba23330_0 .net *"_ivl_72", 0 0, L_000002059bafa880;  1 drivers
v000002059ba221b0_0 .net *"_ivl_74", 0 0, L_000002059bad4300;  1 drivers
v000002059ba23970_0 .net *"_ivl_75", 0 0, L_000002059bafa9d0;  1 drivers
v000002059ba23c90_0 .net *"_ivl_77", 0 0, L_000002059bafb370;  1 drivers
v000002059ba23ab0_0 .net *"_ivl_79", 0 0, L_000002059bad5b60;  1 drivers
v000002059ba229d0_0 .net *"_ivl_8", 0 0, L_000002059bad6740;  1 drivers
v000002059ba22b10_0 .net *"_ivl_80", 0 0, L_000002059bad4580;  1 drivers
v000002059ba22250_0 .net *"_ivl_81", 0 0, L_000002059bafb3e0;  1 drivers
v000002059ba23470_0 .net *"_ivl_83", 0 0, L_000002059bad6100;  1 drivers
v000002059ba23650_0 .net *"_ivl_84", 0 0, L_000002059bafb680;  1 drivers
v000002059ba23d30_0 .net *"_ivl_86", 0 0, L_000002059bad4620;  1 drivers
v000002059ba23830_0 .net *"_ivl_87", 0 0, L_000002059bafab20;  1 drivers
v000002059ba22430_0 .net *"_ivl_89", 0 0, L_000002059bad43a0;  1 drivers
v000002059ba22110_0 .net *"_ivl_9", 0 0, L_000002059bad67e0;  1 drivers
v000002059ba23b50_0 .net *"_ivl_90", 0 0, L_000002059bafbb50;  1 drivers
v000002059ba22d90_0 .net *"_ivl_92", 0 0, L_000002059bafac00;  1 drivers
S_000002059ba18210 .scope generate, "cla_blocks[11]" "cla_blocks[11]" 15 15, 15 15 0, S_000002059b9d4110;
 .timescale 0 0;
P_000002059b9382a0 .param/l "i" 0 15 15, +C4<01011>;
L_000002059bafbca0 .functor AND 1, L_000002059bad4940, L_000002059bad4440, C4<1>, C4<1>;
L_000002059bafb450 .functor OR 1, L_000002059bad61a0, L_000002059bafbca0, C4<0>, C4<0>;
L_000002059bafab90 .functor AND 1, L_000002059bad4e40, L_000002059bad52a0, C4<1>, C4<1>;
L_000002059bafb4c0 .functor OR 1, L_000002059bad5c00, L_000002059bafab90, C4<0>, C4<0>;
L_000002059bafbd10 .functor AND 1, L_000002059bad4260, L_000002059bad4ee0, C4<1>, C4<1>;
L_000002059bafbd80 .functor AND 1, L_000002059bafbd10, L_000002059bad44e0, C4<1>, C4<1>;
L_000002059bafac70 .functor OR 1, L_000002059bafb4c0, L_000002059bafbd80, C4<0>, C4<0>;
L_000002059bafb0d0 .functor AND 1, L_000002059bad4f80, L_000002059bad5020, C4<1>, C4<1>;
L_000002059bae8b80 .functor OR 1, L_000002059bad5520, L_000002059bafb0d0, C4<0>, C4<0>;
L_000002059bb062a0 .functor AND 1, L_000002059bad46c0, L_000002059bad50c0, C4<1>, C4<1>;
L_000002059bb06000 .functor AND 1, L_000002059bb062a0, L_000002059bad5160, C4<1>, C4<1>;
L_000002059bb072d0 .functor OR 1, L_000002059bae8b80, L_000002059bb06000, C4<0>, C4<0>;
L_000002059bb07030 .functor AND 1, L_000002059bad53e0, L_000002059bad5340, C4<1>, C4<1>;
L_000002059bb07730 .functor AND 1, L_000002059bb07030, L_000002059bad6240, C4<1>, C4<1>;
L_000002059bb06c40 .functor AND 1, L_000002059bb07730, L_000002059bad5660, C4<1>, C4<1>;
L_000002059bb06af0 .functor OR 1, L_000002059bb072d0, L_000002059bb06c40, C4<0>, C4<0>;
L_000002059bb06380 .functor AND 1, L_000002059bad5700, L_000002059bad5d40, C4<1>, C4<1>;
L_000002059bb06310 .functor OR 1, L_000002059bad5480, L_000002059bb06380, C4<0>, C4<0>;
L_000002059bb061c0 .functor AND 1, L_000002059bad6380, L_000002059bad57a0, C4<1>, C4<1>;
L_000002059bb05d60 .functor AND 1, L_000002059bb061c0, L_000002059bad64c0, C4<1>, C4<1>;
L_000002059bb06e00 .functor OR 1, L_000002059bb06310, L_000002059bb05d60, C4<0>, C4<0>;
L_000002059bb05dd0 .functor AND 1, L_000002059bad6420, L_000002059bad5840, C4<1>, C4<1>;
L_000002059bb06850 .functor AND 1, L_000002059bb05dd0, L_000002059bad5ac0, C4<1>, C4<1>;
L_000002059bb06230 .functor AND 1, L_000002059bb06850, L_000002059bad5a20, C4<1>, C4<1>;
L_000002059bb06f50 .functor OR 1, L_000002059bb06e00, L_000002059bb06230, C4<0>, C4<0>;
L_000002059bb06070 .functor AND 1, L_000002059bad73c0, L_000002059bad85e0, C4<1>, C4<1>;
L_000002059bb065b0 .functor AND 1, L_000002059bb06070, L_000002059bad84a0, C4<1>, C4<1>;
L_000002059bb075e0 .functor AND 1, L_000002059bb065b0, L_000002059bad71e0, C4<1>, C4<1>;
L_000002059bb07180 .functor AND 1, L_000002059bb075e0, L_000002059bad7960, C4<1>, C4<1>;
L_000002059bb05c10 .functor OR 1, L_000002059bb06f50, L_000002059bb07180, C4<0>, C4<0>;
v000002059ba23510_0 .net *"_ivl_0", 0 0, L_000002059bad61a0;  1 drivers
v000002059ba22a70_0 .net *"_ivl_1", 0 0, L_000002059bad4940;  1 drivers
v000002059ba21a30_0 .net *"_ivl_10", 0 0, L_000002059bafab90;  1 drivers
v000002059ba236f0_0 .net *"_ivl_12", 0 0, L_000002059bafb4c0;  1 drivers
v000002059ba22c50_0 .net *"_ivl_14", 0 0, L_000002059bad4260;  1 drivers
v000002059ba23dd0_0 .net *"_ivl_15", 0 0, L_000002059bad4ee0;  1 drivers
v000002059ba21f30_0 .net *"_ivl_16", 0 0, L_000002059bafbd10;  1 drivers
v000002059ba23bf0_0 .net *"_ivl_18", 0 0, L_000002059bad44e0;  1 drivers
v000002059ba22ed0_0 .net *"_ivl_19", 0 0, L_000002059bafbd80;  1 drivers
v000002059ba23790_0 .net *"_ivl_2", 0 0, L_000002059bad4440;  1 drivers
v000002059ba21cb0_0 .net *"_ivl_21", 0 0, L_000002059bafac70;  1 drivers
v000002059ba21c10_0 .net *"_ivl_23", 0 0, L_000002059bad5520;  1 drivers
v000002059ba222f0_0 .net *"_ivl_24", 0 0, L_000002059bad4f80;  1 drivers
v000002059ba23e70_0 .net *"_ivl_25", 0 0, L_000002059bad5020;  1 drivers
v000002059ba21df0_0 .net *"_ivl_26", 0 0, L_000002059bafb0d0;  1 drivers
v000002059ba22cf0_0 .net *"_ivl_28", 0 0, L_000002059bae8b80;  1 drivers
v000002059ba22390_0 .net *"_ivl_3", 0 0, L_000002059bafbca0;  1 drivers
v000002059ba21fd0_0 .net *"_ivl_30", 0 0, L_000002059bad46c0;  1 drivers
v000002059ba238d0_0 .net *"_ivl_31", 0 0, L_000002059bad50c0;  1 drivers
v000002059ba22070_0 .net *"_ivl_32", 0 0, L_000002059bb062a0;  1 drivers
v000002059ba23290_0 .net *"_ivl_34", 0 0, L_000002059bad5160;  1 drivers
v000002059ba23f10_0 .net *"_ivl_35", 0 0, L_000002059bb06000;  1 drivers
v000002059ba22e30_0 .net *"_ivl_37", 0 0, L_000002059bb072d0;  1 drivers
v000002059ba23fb0_0 .net *"_ivl_39", 0 0, L_000002059bad53e0;  1 drivers
v000002059ba24050_0 .net *"_ivl_40", 0 0, L_000002059bad5340;  1 drivers
v000002059ba21ad0_0 .net *"_ivl_41", 0 0, L_000002059bb07030;  1 drivers
v000002059ba23150_0 .net *"_ivl_43", 0 0, L_000002059bad6240;  1 drivers
v000002059ba224d0_0 .net *"_ivl_44", 0 0, L_000002059bb07730;  1 drivers
v000002059ba218f0_0 .net *"_ivl_46", 0 0, L_000002059bad5660;  1 drivers
v000002059ba227f0_0 .net *"_ivl_47", 0 0, L_000002059bb06c40;  1 drivers
v000002059ba231f0_0 .net *"_ivl_49", 0 0, L_000002059bb06af0;  1 drivers
v000002059ba21990_0 .net *"_ivl_5", 0 0, L_000002059bafb450;  1 drivers
v000002059ba22570_0 .net *"_ivl_51", 0 0, L_000002059bad5480;  1 drivers
v000002059ba22750_0 .net *"_ivl_52", 0 0, L_000002059bad5700;  1 drivers
v000002059ba22610_0 .net *"_ivl_53", 0 0, L_000002059bad5d40;  1 drivers
v000002059ba226b0_0 .net *"_ivl_54", 0 0, L_000002059bb06380;  1 drivers
v000002059ba22f70_0 .net *"_ivl_56", 0 0, L_000002059bb06310;  1 drivers
v000002059ba22930_0 .net *"_ivl_58", 0 0, L_000002059bad6380;  1 drivers
v000002059ba23010_0 .net *"_ivl_59", 0 0, L_000002059bad57a0;  1 drivers
v000002059ba247d0_0 .net *"_ivl_60", 0 0, L_000002059bb061c0;  1 drivers
v000002059ba245f0_0 .net *"_ivl_62", 0 0, L_000002059bad64c0;  1 drivers
v000002059ba26670_0 .net *"_ivl_63", 0 0, L_000002059bb05d60;  1 drivers
v000002059ba25450_0 .net *"_ivl_65", 0 0, L_000002059bb06e00;  1 drivers
v000002059ba258b0_0 .net *"_ivl_67", 0 0, L_000002059bad6420;  1 drivers
v000002059ba24410_0 .net *"_ivl_68", 0 0, L_000002059bad5840;  1 drivers
v000002059ba24e10_0 .net *"_ivl_69", 0 0, L_000002059bb05dd0;  1 drivers
v000002059ba24910_0 .net *"_ivl_7", 0 0, L_000002059bad5c00;  1 drivers
v000002059ba240f0_0 .net *"_ivl_71", 0 0, L_000002059bad5ac0;  1 drivers
v000002059ba267b0_0 .net *"_ivl_72", 0 0, L_000002059bb06850;  1 drivers
v000002059ba24870_0 .net *"_ivl_74", 0 0, L_000002059bad5a20;  1 drivers
v000002059ba25950_0 .net *"_ivl_75", 0 0, L_000002059bb06230;  1 drivers
v000002059ba251d0_0 .net *"_ivl_77", 0 0, L_000002059bb06f50;  1 drivers
v000002059ba259f0_0 .net *"_ivl_79", 0 0, L_000002059bad73c0;  1 drivers
v000002059ba24690_0 .net *"_ivl_8", 0 0, L_000002059bad4e40;  1 drivers
v000002059ba25e50_0 .net *"_ivl_80", 0 0, L_000002059bad85e0;  1 drivers
v000002059ba25090_0 .net *"_ivl_81", 0 0, L_000002059bb06070;  1 drivers
v000002059ba24190_0 .net *"_ivl_83", 0 0, L_000002059bad84a0;  1 drivers
v000002059ba25770_0 .net *"_ivl_84", 0 0, L_000002059bb065b0;  1 drivers
v000002059ba26530_0 .net *"_ivl_86", 0 0, L_000002059bad71e0;  1 drivers
v000002059ba25db0_0 .net *"_ivl_87", 0 0, L_000002059bb075e0;  1 drivers
v000002059ba242d0_0 .net *"_ivl_89", 0 0, L_000002059bad7960;  1 drivers
v000002059ba25f90_0 .net *"_ivl_9", 0 0, L_000002059bad52a0;  1 drivers
v000002059ba253b0_0 .net *"_ivl_90", 0 0, L_000002059bb07180;  1 drivers
v000002059ba25a90_0 .net *"_ivl_92", 0 0, L_000002059bb05c10;  1 drivers
S_000002059ba197f0 .scope module, "s3_u_magnitude_restoration" "Magnitude_Restoration" 7 138, 16 1 0, S_000002059b8ccf40;
 .timescale 0 0;
    .port_info 0 /INPUT 48 "Sum_1";
    .port_info 1 /INPUT 48 "Sum_2";
    .port_info 2 /INPUT 1 "cout_1";
    .port_info 3 /INPUT 1 "eff_sub";
    .port_info 4 /OUTPUT 48 "SUM";
    .port_info 5 /OUTPUT 1 "Cout";
P_000002059b938320 .param/l "W" 0 16 1, +C4<00000000000000000000000000110000>;
v000002059ba25bd0_0 .var "Cout", 0 0;
v000002059ba25270_0 .var "SUM", 47 0;
v000002059ba265d0_0 .net "Sum_1", 47 0, L_000002059bae4c10;  alias, 1 drivers
v000002059ba24af0_0 .net "Sum_2", 47 0, L_000002059bb07260;  alias, 1 drivers
v000002059ba256d0_0 .net "cout_1", 0 0, L_000002059bac77e0;  alias, 1 drivers
v000002059ba24eb0_0 .net "eff_sub", 0 0, v000002059b8fbea0_0;  alias, 1 drivers
E_000002059b938520 .event anyedge, v000002059b8fbea0_0, v000002059b9fad30_0, v000002059b9fabf0_0, v000002059ba24a50_0;
S_000002059ba186c0 .scope module, "s4_u_normalization_controller" "Normalization_Controller" 7 153, 17 1 0, S_000002059b8ccf40;
 .timescale 0 0;
    .port_info 0 /INPUT 48 "Sum";
    .port_info 1 /INPUT 1 "Cout";
    .port_info 2 /INPUT 1 "eff_sub";
    .port_info 3 /OUTPUT 8 "count";
    .port_info 4 /OUTPUT 1 "direction";
    .port_info 5 /OUTPUT 1 "doing";
    .port_info 6 /OUTPUT 49 "nor_FRAC";
P_000002059b938360 .param/l "W" 0 17 1, +C4<00000000000000000000000000110000>;
v000002059ba25310_0 .net "Cout", 0 0, v000002059b8fea60_0;  alias, 1 drivers
v000002059ba24ff0_0 .net "Sum", 47 0, v000002059b8fde80_0;  alias, 1 drivers
v000002059ba26850_0 .net "all_zero", 0 0, v000002059ba26710_0;  1 drivers
v000002059ba26170_0 .var "count", 7 0;
v000002059ba244b0_0 .var "direction", 0 0;
v000002059ba26210_0 .var "doing", 0 0;
o000002059b9941c8 .functor BUFZ 1, C4<z>; HiZ drive
v000002059ba25630_0 .net "eff_sub", 0 0, o000002059b9941c8;  0 drivers
v000002059ba24b90_0 .net "lzd_count", 5 0, v000002059ba25c70_0;  1 drivers
v000002059ba24cd0_0 .net "nor_FRAC", 48 0, L_000002059bad7640;  alias, 1 drivers
E_000002059b937ae0 .event anyedge, v000002059ba25630_0, v000002059ba26710_0, v000002059ba25c70_0, v000002059b8fea60_0;
L_000002059bad7640 .concat [ 48 1 0 0], v000002059b8fde80_0, v000002059b8fea60_0;
S_000002059ba18530 .scope module, "lzd" "LZD" 17 14, 18 1 0, S_000002059ba186c0;
 .timescale 0 0;
    .port_info 0 /INPUT 48 "Sum";
    .port_info 1 /OUTPUT 6 "count";
    .port_info 2 /OUTPUT 1 "all_zero";
P_000002059b9378a0 .param/l "W" 0 18 1, +C4<00000000000000000000000000110000>;
v000002059ba260d0_0 .net "SUM", 63 0, L_000002059bad80e0;  1 drivers
v000002059ba24730_0 .net "Sum", 47 0, v000002059b8fde80_0;  alias, 1 drivers
L_000002059ba50b18 .functor BUFT 1, C4<0000000000000000>, C4<0>, C4<0>, C4<0>;
v000002059ba25b30_0 .net/2u *"_ivl_0", 15 0, L_000002059ba50b18;  1 drivers
v000002059ba26710_0 .var "all_zero", 0 0;
v000002059ba25c70_0 .var "count", 5 0;
v000002059ba24230_0 .var "temp", 63 0;
E_000002059b937f60 .event anyedge, v000002059ba260d0_0, v000002059ba24230_0;
L_000002059bad80e0 .concat [ 16 48 0 0], L_000002059ba50b18, v000002059b8fde80_0;
S_000002059ba18850 .scope module, "s5_u_FRAC_barrel_shifter" "barrel_shifter" 7 168, 12 1 0, S_000002059b8ccf40;
 .timescale 0 0;
    .port_info 0 /INPUT 1 "direction";
    .port_info 1 /INPUT 1 "doing";
    .port_info 2 /INPUT 8 "count";
    .port_info 3 /INPUT 49 "shift";
    .port_info 4 /OUTPUT 49 "SHIFT";
P_000002059b9383a0 .param/l "W" 0 12 1, +C4<00000000000000000000000000110001>;
v000002059ba24d70_0 .var "SHIFT", 48 0;
v000002059ba26350_0 .net "count", 7 0, v000002059b901080_0;  alias, 1 drivers
v000002059ba24f50_0 .net "direction", 0 0, v000002059b9013a0_0;  alias, 1 drivers
v000002059ba25810_0 .net "doing", 0 0, v000002059b9000e0_0;  alias, 1 drivers
v000002059ba25d10_0 .net "shift", 48 0, v000002059b901620_0;  alias, 1 drivers
E_000002059b937fe0 .event anyedge, v000002059b9000e0_0, v000002059b9013a0_0, v000002059b901620_0, v000002059b901080_0;
S_000002059ba18b70 .scope module, "s5_u_expo_cal" "EXPO_CAL" 7 218, 19 1 0, S_000002059b8ccf40;
 .timescale 0 0;
    .port_info 0 /INPUT 9 "EXPO_in";
    .port_info 1 /INPUT 6 "count";
    .port_info 2 /INPUT 1 "direction";
    .port_info 3 /INPUT 1 "doing";
    .port_info 4 /OUTPUT 9 "EXPO_out";
P_000002059b9383e0 .param/l "W" 0 19 1, +C4<00000000000000000000000000001001>;
v000002059ba25130_0 .net "EXPO_in", 8 0, L_000002059bad7a00;  1 drivers
v000002059ba263f0_0 .var "EXPO_out", 8 0;
v000002059ba26490_0 .net "count", 5 0, L_000002059bad6b00;  1 drivers
v000002059ba283d0_0 .net "direction", 0 0, v000002059b9013a0_0;  alias, 1 drivers
v000002059ba26cb0_0 .net "doing", 0 0, v000002059b9000e0_0;  alias, 1 drivers
E_000002059b938020 .event anyedge, v000002059b9000e0_0, v000002059ba25130_0, v000002059b9013a0_0, v000002059ba26490_0;
S_000002059ba191b0 .scope module, "s6_u_FADD_exception_handler" "Exception_Handler_ADD" 7 275, 20 1 0, S_000002059b8ccf40;
 .timescale 0 0;
    .port_info 0 /INPUT 1 "SIGN";
    .port_info 1 /INPUT 9 "EXPO";
    .port_info 2 /INPUT 23 "FRAC";
    .port_info 3 /OUTPUT 1 "overflow_flag";
    .port_info 4 /OUTPUT 1 "underflow_flag";
    .port_info 5 /OUTPUT 32 "final_result";
v000002059ba28790_0 .net "EXPO", 8 0, L_000002059bad7320;  alias, 1 drivers
v000002059ba280b0_0 .net "FRAC", 22 0, L_000002059bad7820;  alias, 1 drivers
v000002059ba26d50_0 .net "SIGN", 0 0, v000002059b758980_0;  alias, 1 drivers
v000002059ba26b70_0 .var "final_result", 31 0;
v000002059ba272f0_0 .var "overflow_flag", 0 0;
v000002059ba28dd0_0 .var "underflow_flag", 0 0;
E_000002059b938460 .event anyedge, v000002059ba28790_0, v000002059b758980_0, v000002059ba280b0_0;
S_000002059ba18d00 .scope module, "s6_u_expo_mux" "EXPO_MUX" 7 228, 21 1 0, S_000002059b8ccf40;
 .timescale 0 0;
    .port_info 0 /INPUT 9 "EXPO_in";
    .port_info 1 /INPUT 1 "count";
    .port_info 2 /OUTPUT 9 "EXPO_out";
P_000002059b938560 .param/l "W" 0 21 1, +C4<00000000000000000000000000001001>;
L_000002059ba50cc8 .functor BUFT 1, C4<1>, C4<0>, C4<0>, C4<0>;
L_000002059bb06ee0 .functor XNOR 1, L_000002059bb05c80, L_000002059ba50cc8, C4<0>, C4<0>;
v000002059ba26e90_0 .net "EXPO_in", 8 0, v000002059b900900_0;  alias, 1 drivers
v000002059ba28290_0 .net "EXPO_out", 8 0, L_000002059bad7320;  alias, 1 drivers
v000002059ba28830_0 .net "EXPO_plus", 8 0, L_000002059bad6a60;  1 drivers
L_000002059ba50c80 .functor BUFT 1, C4<000000001>, C4<0>, C4<0>, C4<0>;
v000002059ba28150_0 .net/2u *"_ivl_0", 8 0, L_000002059ba50c80;  1 drivers
v000002059ba288d0_0 .net/2u *"_ivl_4", 0 0, L_000002059ba50cc8;  1 drivers
v000002059ba26df0_0 .net *"_ivl_6", 0 0, L_000002059bb06ee0;  1 drivers
v000002059ba285b0_0 .net "count", 0 0, L_000002059bb05c80;  alias, 1 drivers
L_000002059bad6a60 .arith/sum 9, v000002059b900900_0, L_000002059ba50c80;
L_000002059bad7320 .functor MUXZ 9, v000002059b900900_0, L_000002059bad6a60, L_000002059bb06ee0, C4<>;
S_000002059ba19340 .scope module, "s6_u_rounding" "Rounding" 7 179, 22 1 0, S_000002059b8ccf40;
 .timescale 0 0;
    .port_info 0 /INPUT 48 "FRAC";
    .port_info 1 /INPUT 3 "rm";
    .port_info 2 /OUTPUT 23 "final_FRAC";
    .port_info 3 /OUTPUT 1 "count";
    .port_info 4 /OUTPUT 1 "error";
P_000002059b9385a0 .param/l "W" 0 22 1, +C4<00000000000000000000000000110000>;
L_000002059bb05c80 .functor BUFZ 1, L_000002059bad8040, C4<0>, C4<0>, C4<0>;
L_000002059bb06d90 .functor NOT 1, L_000002059bad8040, C4<0>, C4<0>, C4<0>;
L_000002059ba50bf0 .functor BUFT 1, C4<0>, C4<0>, C4<0>, C4<0>;
L_000002059bb06e70 .functor XNOR 1, L_000002059bad6920, L_000002059ba50bf0, C4<0>, C4<0>;
L_000002059bb05cf0 .functor AND 1, L_000002059bb06d90, L_000002059bb06e70, C4<1>, C4<1>;
v000002059ba28c90_0 .net "FRAC", 47 0, v000002059b9023e0_0;  alias, 1 drivers
v000002059ba271b0_0 .net "G", 0 0, L_000002059bad7f00;  1 drivers
v000002059ba28970_0 .net "LSB", 0 0, L_000002059bad76e0;  1 drivers
v000002059ba28d30_0 .net "R", 0 0, L_000002059bad7b40;  1 drivers
v000002059ba28a10_0 .net "S", 0 0, L_000002059bad6e20;  1 drivers
v000002059ba27d90_0 .net *"_ivl_11", 23 0, L_000002059bad6d80;  1 drivers
v000002059ba28e70_0 .net *"_ivl_12", 24 0, L_000002059bad8360;  1 drivers
L_000002059ba50b60 .functor BUFT 1, C4<0>, C4<0>, C4<0>, C4<0>;
v000002059ba28ab0_0 .net *"_ivl_15", 0 0, L_000002059ba50b60;  1 drivers
v000002059ba27610_0 .net *"_ivl_16", 24 0, L_000002059bad7280;  1 drivers
L_000002059ba50ba8 .functor BUFT 1, C4<000000000000000000000000>, C4<0>, C4<0>, C4<0>;
v000002059ba277f0_0 .net *"_ivl_19", 23 0, L_000002059ba50ba8;  1 drivers
v000002059ba27250_0 .net *"_ivl_27", 22 0, L_000002059bad7000;  1 drivers
v000002059ba28470_0 .net *"_ivl_29", 22 0, L_000002059bad6ce0;  1 drivers
v000002059ba28330_0 .net *"_ivl_32", 0 0, L_000002059bb06d90;  1 drivers
v000002059ba279d0_0 .net *"_ivl_35", 0 0, L_000002059bad6920;  1 drivers
v000002059ba26f30_0 .net/2u *"_ivl_36", 0 0, L_000002059ba50bf0;  1 drivers
v000002059ba27b10_0 .net *"_ivl_38", 0 0, L_000002059bb06e70;  1 drivers
v000002059ba26c10_0 .net *"_ivl_7", 21 0, L_000002059bad7780;  1 drivers
v000002059ba27750_0 .net "count", 0 0, L_000002059bb05c80;  alias, 1 drivers
v000002059ba27ed0_0 .net "error", 0 0, L_000002059bb05cf0;  alias, 1 drivers
v000002059ba28b50_0 .net "final_FRAC", 22 0, L_000002059bad7820;  alias, 1 drivers
v000002059ba276b0_0 .net "overflow", 0 0, L_000002059bad8040;  1 drivers
v000002059ba26fd0_0 .net "rm", 2 0, v000002059b905e00_0;  alias, 1 drivers
v000002059ba27070_0 .var "round_up", 0 0;
v000002059ba27bb0_0 .net "rounded_top", 24 0, L_000002059bad78c0;  1 drivers
E_000002059b938420/0 .event anyedge, v000002059b905e00_0, v000002059ba271b0_0, v000002059ba28d30_0, v000002059ba28a10_0;
E_000002059b938420/1 .event anyedge, v000002059ba28970_0;
E_000002059b938420 .event/or E_000002059b938420/0, E_000002059b938420/1;
L_000002059bad76e0 .part v000002059b9023e0_0, 24, 1;
L_000002059bad7f00 .part v000002059b9023e0_0, 23, 1;
L_000002059bad7b40 .part v000002059b9023e0_0, 22, 1;
L_000002059bad7780 .part v000002059b9023e0_0, 0, 22;
L_000002059bad6e20 .reduce/or L_000002059bad7780;
L_000002059bad6d80 .part v000002059b9023e0_0, 24, 24;
L_000002059bad8360 .concat [ 24 1 0 0], L_000002059bad6d80, L_000002059ba50b60;
L_000002059bad7280 .concat [ 1 24 0 0], v000002059ba27070_0, L_000002059ba50ba8;
L_000002059bad78c0 .arith/sum 25, L_000002059bad8360, L_000002059bad7280;
L_000002059bad8040 .part L_000002059bad78c0, 24, 1;
L_000002059bad7000 .part L_000002059bad78c0, 1, 23;
L_000002059bad6ce0 .part L_000002059bad78c0, 0, 23;
L_000002059bad7820 .functor MUXZ 23, L_000002059bad6ce0, L_000002059bad7000, L_000002059bad8040, C4<>;
L_000002059bad6920 .part L_000002059bad78c0, 23, 1;
S_000002059ba183a0 .scope module, "u_FMUL_core" "FMUL_core" 3 81, 23 2 0, S_000002059b2e23a0;
 .timescale 0 0;
    .port_info 0 /INPUT 1 "s1_en";
    .port_info 1 /INPUT 1 "s1_SIGN_A";
    .port_info 2 /INPUT 1 "s1_SIGN_B";
    .port_info 3 /INPUT 8 "s1_EXPO_A";
    .port_info 4 /INPUT 8 "s1_EXPO_B";
    .port_info 5 /INPUT 23 "s1_FRAC_A";
    .port_info 6 /INPUT 23 "s1_FRAC_B";
    .port_info 7 /INPUT 1 "clk";
    .port_info 8 /INPUT 1 "reset";
    .port_info 9 /INPUT 3 "s4_rm";
    .port_info 10 /OUTPUT 32 "s6_MUL_out";
    .port_info 11 /OUTPUT 1 "s6_OF";
    .port_info 12 /OUTPUT 1 "s6_UF";
P_000002059b9395e0 .param/l "W" 0 23 2, +C4<00000000000000000000000000100000>;
L_000002059ba511d8 .functor BUFT 1, C4<1>, C4<0>, C4<0>, C4<0>;
v000002059ba34ef0_0 .net/2u *"_ivl_0", 0 0, L_000002059ba511d8;  1 drivers
L_000002059ba51220 .functor BUFT 1, C4<1>, C4<0>, C4<0>, C4<0>;
v000002059ba34d10_0 .net/2u *"_ivl_4", 0 0, L_000002059ba51220;  1 drivers
v000002059ba33ff0_0 .net "clk", 0 0, v000002059ba37150_0;  alias, 1 drivers
v000002059ba33f50_0 .net "reset", 0 0, v000002059ba37f10_0;  alias, 1 drivers
v000002059ba34090_0 .net "s1_EXPO_A", 7 0, L_000002059ba36a70;  alias, 1 drivers
v000002059ba34590_0 .net "s1_EXPO_B", 7 0, L_000002059ba370b0;  alias, 1 drivers
v000002059ba348b0_0 .net "s1_FRAC_A", 22 0, L_000002059ba36d90;  alias, 1 drivers
v000002059ba34450_0 .net "s1_FRAC_B", 22 0, L_000002059ba39130;  alias, 1 drivers
v000002059ba33910_0 .net "s1_SIGN_A", 0 0, L_000002059ba36930;  alias, 1 drivers
v000002059ba33550_0 .net "s1_SIGN_B", 0 0, L_000002059ba36f70;  alias, 1 drivers
v000002059ba34950_0 .net "s1_en", 0 0, v000002059b902b60_0;  alias, 1 drivers
v000002059ba335f0_0 .net "s2_EXPO_A", 7 0, v000002059ba2d970_0;  1 drivers
v000002059ba34130_0 .net "s2_EXPO_ADD", 8 0, L_000002059bad70a0;  1 drivers
v000002059ba33c30_0 .net "s2_EXPO_B", 7 0, v000002059ba2e190_0;  1 drivers
v000002059ba343b0_0 .net "s2_FRAC_A", 22 0, v000002059ba2e730_0;  1 drivers
v000002059ba33690_0 .net "s2_FRAC_B", 22 0, v000002059ba2ef50_0;  1 drivers
v000002059ba349f0_0 .net "s2_FRAC_mul", 47 0, L_000002059bb10c70;  1 drivers
v000002059ba34db0_0 .net "s2_SIGN", 0 0, L_000002059bb060e0;  1 drivers
v000002059ba33a50_0 .net "s2_SIGN_A", 0 0, v000002059ba2fa90_0;  1 drivers
v000002059ba339b0_0 .net "s2_SIGN_B", 0 0, v000002059ba2f630_0;  1 drivers
v000002059ba33730_0 .net "s2_en", 0 0, v000002059ba2eff0_0;  1 drivers
v000002059ba337d0_0 .net "s3_EXPO_ADD", 8 0, v000002059ba2ced0_0;  1 drivers
v000002059ba34f90_0 .net "s3_FRAC_mul", 47 0, v000002059ba29190_0;  1 drivers
v000002059ba33870_0 .net "s3_SIGN", 0 0, v000002059ba2f770_0;  1 drivers
v000002059ba341d0_0 .net "s3_en", 0 0, v000002059ba30670_0;  1 drivers
v000002059ba34630_0 .net "s4_EXPO", 7 0, v000002059ba31430_0;  1 drivers
v000002059ba33b90_0 .net "s4_EXPO_ADD", 8 0, v000002059ba2bad0_0;  1 drivers
v000002059ba33e10_0 .net "s4_FRAC", 22 0, L_000002059bb12a70;  1 drivers
v000002059ba33af0_0 .net "s4_FRAC_mul", 47 0, v000002059ba29eb0_0;  1 drivers
v000002059ba33370_0 .net "s4_OF", 0 0, L_000002059bad8400;  1 drivers
v000002059ba35210_0 .net "s4_SIGN", 0 0, v000002059ba305d0_0;  1 drivers
v000002059ba346d0_0 .net "s4_UF", 0 0, L_000002059bad8720;  1 drivers
v000002059ba34a90_0 .net "s4_count", 0 0, v000002059ba32b50_0;  1 drivers
v000002059ba34310_0 .net "s4_en", 0 0, v000002059ba2f3b0_0;  1 drivers
v000002059ba35030_0 .net "s4_rm", 2 0, v000002059b9073e0_0;  alias, 1 drivers
v000002059ba33cd0_0 .net "s4_round_carry", 0 0, L_000002059bb12930;  1 drivers
v000002059ba34b30_0 .net "s5_EXPO", 7 0, v000002059ba2bcb0_0;  1 drivers
v000002059ba34770_0 .net "s5_FRAC", 22 0, v000002059ba2ddd0_0;  1 drivers
v000002059ba34270_0 .net "s5_OF", 0 0, v000002059ba2dc90_0;  1 drivers
v000002059ba33d70_0 .net "s5_SIGN", 0 0, v000002059ba2eeb0_0;  1 drivers
v000002059ba33230_0 .net "s5_UF", 0 0, v000002059ba2cc50_0;  1 drivers
v000002059ba34810_0 .net "s5_count", 0 0, v000002059ba2ca70_0;  1 drivers
v000002059ba34bd0_0 .net "s5_en", 0 0, v000002059ba2e690_0;  1 drivers
v000002059ba35710_0 .net "s5_round_carry", 0 0, v000002059ba2c890_0;  1 drivers
v000002059ba344f0_0 .net "s6_EXPO", 7 0, v000002059ba2bfd0_0;  1 drivers
v000002059ba33eb0_0 .net "s6_FRAC", 22 0, v000002059ba2c610_0;  1 drivers
v000002059ba34c70_0 .net "s6_MUL_out", 31 0, L_000002059bb109f0;  alias, 1 drivers
v000002059ba35490_0 .net "s6_OF", 0 0, v000002059ba2d790_0;  alias, 1 drivers
v000002059ba350d0_0 .net "s6_SIGN", 0 0, v000002059ba2ff90_0;  1 drivers
v000002059ba35170_0 .net "s6_UF", 0 0, v000002059ba2b990_0;  alias, 1 drivers
L_000002059bb11710 .concat [ 23 1 0 0], v000002059ba2e730_0, L_000002059ba511d8;
L_000002059bb10db0 .concat [ 23 1 0 0], v000002059ba2ef50_0, L_000002059ba51220;
S_000002059ba19660 .scope module, "reg2_FRAC_mul_s2_s3" "Pipe_reg_1clk_en" 23 126, 8 1 0, S_000002059ba183a0;
 .timescale 0 0;
    .port_info 0 /INPUT 48 "D";
    .port_info 1 /INPUT 1 "clk";
    .port_info 2 /INPUT 1 "reset";
    .port_info 3 /INPUT 1 "en";
    .port_info 4 /OUTPUT 48 "Q";
P_000002059b9392a0 .param/l "W" 0 8 1, +C4<00000000000000000000000000110000>;
v000002059ba29e10_0 .net "D", 47 0, L_000002059bb10c70;  alias, 1 drivers
v000002059ba29190_0 .var "Q", 47 0;
v000002059ba29230_0 .net "clk", 0 0, v000002059ba37150_0;  alias, 1 drivers
v000002059ba292d0_0 .net "en", 0 0, v000002059ba2eff0_0;  alias, 1 drivers
v000002059ba294b0_0 .net "reset", 0 0, v000002059ba37f10_0;  alias, 1 drivers
S_000002059ba19b10 .scope module, "reg3_FRAC_mul_s3_s4" "Pipe_reg_1clk_en" 23 127, 8 1 0, S_000002059ba183a0;
 .timescale 0 0;
    .port_info 0 /INPUT 48 "D";
    .port_info 1 /INPUT 1 "clk";
    .port_info 2 /INPUT 1 "reset";
    .port_info 3 /INPUT 1 "en";
    .port_info 4 /OUTPUT 48 "Q";
P_000002059b938960 .param/l "W" 0 8 1, +C4<00000000000000000000000000110000>;
v000002059ba29550_0 .net "D", 47 0, v000002059ba29190_0;  alias, 1 drivers
v000002059ba29eb0_0 .var "Q", 47 0;
v000002059ba29f50_0 .net "clk", 0 0, v000002059ba37150_0;  alias, 1 drivers
v000002059ba2bb70_0 .net "en", 0 0, v000002059ba30670_0;  alias, 1 drivers
v000002059ba2db50_0 .net "reset", 0 0, v000002059ba37f10_0;  alias, 1 drivers
S_000002059ba4ce70 .scope module, "reg4_EXPO_s4_s5" "Pipe_reg_1clk_en" 23 107, 8 1 0, S_000002059ba183a0;
 .timescale 0 0;
    .port_info 0 /INPUT 8 "D";
    .port_info 1 /INPUT 1 "clk";
    .port_info 2 /INPUT 1 "reset";
    .port_info 3 /INPUT 1 "en";
    .port_info 4 /OUTPUT 8 "Q";
P_000002059b938920 .param/l "W" 0 8 1, +C4<00000000000000000000000000001000>;
v000002059ba2c430_0 .net "D", 7 0, v000002059ba31430_0;  alias, 1 drivers
v000002059ba2bcb0_0 .var "Q", 7 0;
v000002059ba2c750_0 .net "clk", 0 0, v000002059ba37150_0;  alias, 1 drivers
v000002059ba2c1b0_0 .net "en", 0 0, v000002059ba2f3b0_0;  alias, 1 drivers
v000002059ba2dd30_0 .net "reset", 0 0, v000002059ba37f10_0;  alias, 1 drivers
S_000002059ba4c830 .scope module, "reg4_FRAC_s4_s5" "Pipe_reg_1clk_en" 23 140, 8 1 0, S_000002059ba183a0;
 .timescale 0 0;
    .port_info 0 /INPUT 23 "D";
    .port_info 1 /INPUT 1 "clk";
    .port_info 2 /INPUT 1 "reset";
    .port_info 3 /INPUT 1 "en";
    .port_info 4 /OUTPUT 23 "Q";
P_000002059b939060 .param/l "W" 0 8 1, +C4<00000000000000000000000000010111>;
v000002059ba2cd90_0 .net "D", 22 0, L_000002059bb12a70;  alias, 1 drivers
v000002059ba2ddd0_0 .var "Q", 22 0;
v000002059ba2d5b0_0 .net "clk", 0 0, v000002059ba37150_0;  alias, 1 drivers
v000002059ba2cb10_0 .net "en", 0 0, v000002059ba2f3b0_0;  alias, 1 drivers
v000002059ba2d0b0_0 .net "reset", 0 0, v000002059ba37f10_0;  alias, 1 drivers
S_000002059ba4d640 .scope module, "reg4_OF_s4_s5" "Pipe_reg_1clk_en" 23 110, 8 1 0, S_000002059ba183a0;
 .timescale 0 0;
    .port_info 0 /INPUT 1 "D";
    .port_info 1 /INPUT 1 "clk";
    .port_info 2 /INPUT 1 "reset";
    .port_info 3 /INPUT 1 "en";
    .port_info 4 /OUTPUT 1 "Q";
P_000002059b939220 .param/l "W" 0 8 1, +C4<00000000000000000000000000000001>;
v000002059ba2d3d0_0 .net "D", 0 0, L_000002059bad8400;  alias, 1 drivers
v000002059ba2dc90_0 .var "Q", 0 0;
v000002059ba2c4d0_0 .net "clk", 0 0, v000002059ba37150_0;  alias, 1 drivers
v000002059ba2dab0_0 .net "en", 0 0, v000002059ba2f3b0_0;  alias, 1 drivers
v000002059ba2c7f0_0 .net "reset", 0 0, v000002059ba37f10_0;  alias, 1 drivers
S_000002059ba4d000 .scope module, "reg4_UF_s4_s5" "Pipe_reg_1clk_en" 23 111, 8 1 0, S_000002059ba183a0;
 .timescale 0 0;
    .port_info 0 /INPUT 1 "D";
    .port_info 1 /INPUT 1 "clk";
    .port_info 2 /INPUT 1 "reset";
    .port_info 3 /INPUT 1 "en";
    .port_info 4 /OUTPUT 1 "Q";
P_000002059b9389a0 .param/l "W" 0 8 1, +C4<00000000000000000000000000000001>;
v000002059ba2c9d0_0 .net "D", 0 0, L_000002059bad8720;  alias, 1 drivers
v000002059ba2cc50_0 .var "Q", 0 0;
v000002059ba2bc10_0 .net "clk", 0 0, v000002059ba37150_0;  alias, 1 drivers
v000002059ba2bd50_0 .net "en", 0 0, v000002059ba2f3b0_0;  alias, 1 drivers
v000002059ba2b8f0_0 .net "reset", 0 0, v000002059ba37f10_0;  alias, 1 drivers
S_000002059ba4c060 .scope module, "reg4_count_s3_s4" "Pipe_reg_1clk_en" 23 137, 8 1 0, S_000002059ba183a0;
 .timescale 0 0;
    .port_info 0 /INPUT 1 "D";
    .port_info 1 /INPUT 1 "clk";
    .port_info 2 /INPUT 1 "reset";
    .port_info 3 /INPUT 1 "en";
    .port_info 4 /OUTPUT 1 "Q";
P_000002059b938a60 .param/l "W" 0 8 1, +C4<00000000000000000000000000000001>;
v000002059ba2bf30_0 .net "D", 0 0, v000002059ba32b50_0;  alias, 1 drivers
v000002059ba2ca70_0 .var "Q", 0 0;
v000002059ba2de70_0 .net "clk", 0 0, v000002059ba37150_0;  alias, 1 drivers
v000002059ba2bdf0_0 .net "en", 0 0, v000002059ba2f3b0_0;  alias, 1 drivers
v000002059ba2c250_0 .net "reset", 0 0, v000002059ba37f10_0;  alias, 1 drivers
S_000002059ba4dc80 .scope module, "reg4_round_carry_s3_s4" "Pipe_reg_1clk_en" 23 138, 8 1 0, S_000002059ba183a0;
 .timescale 0 0;
    .port_info 0 /INPUT 1 "D";
    .port_info 1 /INPUT 1 "clk";
    .port_info 2 /INPUT 1 "reset";
    .port_info 3 /INPUT 1 "en";
    .port_info 4 /OUTPUT 1 "Q";
P_000002059b939260 .param/l "W" 0 8 1, +C4<00000000000000000000000000000001>;
v000002059ba2d150_0 .net "D", 0 0, L_000002059bb12930;  alias, 1 drivers
v000002059ba2c890_0 .var "Q", 0 0;
v000002059ba2be90_0 .net "clk", 0 0, v000002059ba37150_0;  alias, 1 drivers
v000002059ba2cbb0_0 .net "en", 0 0, v000002059ba2f3b0_0;  alias, 1 drivers
v000002059ba2dbf0_0 .net "reset", 0 0, v000002059ba37f10_0;  alias, 1 drivers
S_000002059ba4d7d0 .scope module, "reg5_EXPO_s5_s6" "Pipe_reg_1clk_en" 23 108, 8 1 0, S_000002059ba183a0;
 .timescale 0 0;
    .port_info 0 /INPUT 8 "D";
    .port_info 1 /INPUT 1 "clk";
    .port_info 2 /INPUT 1 "reset";
    .port_info 3 /INPUT 1 "en";
    .port_info 4 /OUTPUT 8 "Q";
P_000002059b9390e0 .param/l "W" 0 8 1, +C4<00000000000000000000000000001000>;
v000002059ba2da10_0 .net "D", 7 0, v000002059ba2bcb0_0;  alias, 1 drivers
v000002059ba2bfd0_0 .var "Q", 7 0;
v000002059ba2df10_0 .net "clk", 0 0, v000002059ba37150_0;  alias, 1 drivers
v000002059ba2c390_0 .net "en", 0 0, v000002059ba2e690_0;  alias, 1 drivers
v000002059ba2c2f0_0 .net "reset", 0 0, v000002059ba37f10_0;  alias, 1 drivers
S_000002059ba4daf0 .scope module, "reg5_FRAC_s5_s6" "Pipe_reg_1clk_en" 23 141, 8 1 0, S_000002059ba183a0;
 .timescale 0 0;
    .port_info 0 /INPUT 23 "D";
    .port_info 1 /INPUT 1 "clk";
    .port_info 2 /INPUT 1 "reset";
    .port_info 3 /INPUT 1 "en";
    .port_info 4 /OUTPUT 23 "Q";
P_000002059b9390a0 .param/l "W" 0 8 1, +C4<00000000000000000000000000010111>;
v000002059ba2d6f0_0 .net "D", 22 0, v000002059ba2ddd0_0;  alias, 1 drivers
v000002059ba2c610_0 .var "Q", 22 0;
v000002059ba2c930_0 .net "clk", 0 0, v000002059ba37150_0;  alias, 1 drivers
v000002059ba2dfb0_0 .net "en", 0 0, v000002059ba2e690_0;  alias, 1 drivers
v000002059ba2c110_0 .net "reset", 0 0, v000002059ba37f10_0;  alias, 1 drivers
S_000002059ba4d190 .scope module, "reg5_OF_s5_s6" "Pipe_reg_1clk_en" 23 113, 8 1 0, S_000002059ba183a0;
 .timescale 0 0;
    .port_info 0 /INPUT 1 "D";
    .port_info 1 /INPUT 1 "clk";
    .port_info 2 /INPUT 1 "reset";
    .port_info 3 /INPUT 1 "en";
    .port_info 4 /OUTPUT 1 "Q";
P_000002059b9389e0 .param/l "W" 0 8 1, +C4<00000000000000000000000000000001>;
v000002059ba2c070_0 .net "D", 0 0, v000002059ba2dc90_0;  alias, 1 drivers
v000002059ba2d790_0 .var "Q", 0 0;
v000002059ba2ccf0_0 .net "clk", 0 0, v000002059ba37150_0;  alias, 1 drivers
v000002059ba2e050_0 .net "en", 0 0, v000002059ba2e690_0;  alias, 1 drivers
v000002059ba2d830_0 .net "reset", 0 0, v000002059ba37f10_0;  alias, 1 drivers
S_000002059ba4c9c0 .scope module, "reg5_UF_s5_s6" "Pipe_reg_1clk_en" 23 114, 8 1 0, S_000002059ba183a0;
 .timescale 0 0;
    .port_info 0 /INPUT 1 "D";
    .port_info 1 /INPUT 1 "clk";
    .port_info 2 /INPUT 1 "reset";
    .port_info 3 /INPUT 1 "en";
    .port_info 4 /OUTPUT 1 "Q";
P_000002059b9392e0 .param/l "W" 0 8 1, +C4<00000000000000000000000000000001>;
v000002059ba2ce30_0 .net "D", 0 0, v000002059ba2cc50_0;  alias, 1 drivers
v000002059ba2b990_0 .var "Q", 0 0;
v000002059ba2d330_0 .net "clk", 0 0, v000002059ba37150_0;  alias, 1 drivers
v000002059ba2c570_0 .net "en", 0 0, v000002059ba2e690_0;  alias, 1 drivers
v000002059ba2c6b0_0 .net "reset", 0 0, v000002059ba37f10_0;  alias, 1 drivers
S_000002059ba4c1f0 .scope module, "reg_EXPO_ADD_s2_s3" "Pipe_reg_1clk_en" 23 95, 8 1 0, S_000002059ba183a0;
 .timescale 0 0;
    .port_info 0 /INPUT 9 "D";
    .port_info 1 /INPUT 1 "clk";
    .port_info 2 /INPUT 1 "reset";
    .port_info 3 /INPUT 1 "en";
    .port_info 4 /OUTPUT 9 "Q";
P_000002059b938ba0 .param/l "W" 0 8 1, +C4<00000000000000000000000000001001>;
v000002059ba2ba30_0 .net "D", 8 0, L_000002059bad70a0;  alias, 1 drivers
v000002059ba2ced0_0 .var "Q", 8 0;
v000002059ba2cf70_0 .net "clk", 0 0, v000002059ba37150_0;  alias, 1 drivers
v000002059ba2d010_0 .net "en", 0 0, v000002059ba2eff0_0;  alias, 1 drivers
v000002059ba2d1f0_0 .net "reset", 0 0, v000002059ba37f10_0;  alias, 1 drivers
S_000002059ba4c380 .scope module, "reg_EXPO_ADD_s3_s4" "Pipe_reg_1clk_en" 23 96, 8 1 0, S_000002059ba183a0;
 .timescale 0 0;
    .port_info 0 /INPUT 9 "D";
    .port_info 1 /INPUT 1 "clk";
    .port_info 2 /INPUT 1 "reset";
    .port_info 3 /INPUT 1 "en";
    .port_info 4 /OUTPUT 9 "Q";
P_000002059b939120 .param/l "W" 0 8 1, +C4<00000000000000000000000000001001>;
v000002059ba2d290_0 .net "D", 8 0, v000002059ba2ced0_0;  alias, 1 drivers
v000002059ba2bad0_0 .var "Q", 8 0;
v000002059ba2d470_0 .net "clk", 0 0, v000002059ba37150_0;  alias, 1 drivers
v000002059ba2d510_0 .net "en", 0 0, v000002059ba30670_0;  alias, 1 drivers
v000002059ba2d650_0 .net "reset", 0 0, v000002059ba37f10_0;  alias, 1 drivers
S_000002059ba4cb50 .scope module, "reg_EXPO_A_s1_s2" "Pipe_reg_1clk_en" 23 86, 8 1 0, S_000002059ba183a0;
 .timescale 0 0;
    .port_info 0 /INPUT 8 "D";
    .port_info 1 /INPUT 1 "clk";
    .port_info 2 /INPUT 1 "reset";
    .port_info 3 /INPUT 1 "en";
    .port_info 4 /OUTPUT 8 "Q";
P_000002059b938ce0 .param/l "W" 0 8 1, +C4<00000000000000000000000000001000>;
v000002059ba2d8d0_0 .net "D", 7 0, L_000002059ba36a70;  alias, 1 drivers
v000002059ba2d970_0 .var "Q", 7 0;
v000002059ba2e7d0_0 .net "clk", 0 0, v000002059ba37150_0;  alias, 1 drivers
v000002059ba2e910_0 .net "en", 0 0, v000002059b902b60_0;  alias, 1 drivers
v000002059ba2e9b0_0 .net "reset", 0 0, v000002059ba37f10_0;  alias, 1 drivers
S_000002059ba4d320 .scope module, "reg_EXPO_B_s1_s2" "Pipe_reg_1clk_en" 23 87, 8 1 0, S_000002059ba183a0;
 .timescale 0 0;
    .port_info 0 /INPUT 8 "D";
    .port_info 1 /INPUT 1 "clk";
    .port_info 2 /INPUT 1 "reset";
    .port_info 3 /INPUT 1 "en";
    .port_info 4 /OUTPUT 8 "Q";
P_000002059b938fe0 .param/l "W" 0 8 1, +C4<00000000000000000000000000001000>;
v000002059ba2f950_0 .net "D", 7 0, L_000002059ba370b0;  alias, 1 drivers
v000002059ba2e190_0 .var "Q", 7 0;
v000002059ba30530_0 .net "clk", 0 0, v000002059ba37150_0;  alias, 1 drivers
v000002059ba2fd10_0 .net "en", 0 0, v000002059b902b60_0;  alias, 1 drivers
v000002059ba2f270_0 .net "reset", 0 0, v000002059ba37f10_0;  alias, 1 drivers
S_000002059ba4de10 .scope module, "reg_FRAC_A_s1_s2" "Pipe_reg_1clk_en" 23 117, 8 1 0, S_000002059ba183a0;
 .timescale 0 0;
    .port_info 0 /INPUT 23 "D";
    .port_info 1 /INPUT 1 "clk";
    .port_info 2 /INPUT 1 "reset";
    .port_info 3 /INPUT 1 "en";
    .port_info 4 /OUTPUT 23 "Q";
P_000002059b9391a0 .param/l "W" 0 8 1, +C4<00000000000000000000000000010111>;
v000002059ba2eb90_0 .net "D", 22 0, L_000002059ba36d90;  alias, 1 drivers
v000002059ba2e730_0 .var "Q", 22 0;
v000002059ba2f9f0_0 .net "clk", 0 0, v000002059ba37150_0;  alias, 1 drivers
v000002059ba30210_0 .net "en", 0 0, v000002059b902b60_0;  alias, 1 drivers
v000002059ba2f1d0_0 .net "reset", 0 0, v000002059ba37f10_0;  alias, 1 drivers
S_000002059ba4cce0 .scope module, "reg_FRAC_B_s1_s2" "Pipe_reg_1clk_en" 23 118, 8 1 0, S_000002059ba183a0;
 .timescale 0 0;
    .port_info 0 /INPUT 23 "D";
    .port_info 1 /INPUT 1 "clk";
    .port_info 2 /INPUT 1 "reset";
    .port_info 3 /INPUT 1 "en";
    .port_info 4 /OUTPUT 23 "Q";
P_000002059b939160 .param/l "W" 0 8 1, +C4<00000000000000000000000000010111>;
v000002059ba30350_0 .net "D", 22 0, L_000002059ba39130;  alias, 1 drivers
v000002059ba2ef50_0 .var "Q", 22 0;
v000002059ba2f590_0 .net "clk", 0 0, v000002059ba37150_0;  alias, 1 drivers
v000002059ba2f8b0_0 .net "en", 0 0, v000002059b902b60_0;  alias, 1 drivers
v000002059ba2f130_0 .net "reset", 0 0, v000002059ba37f10_0;  alias, 1 drivers
S_000002059ba4d4b0 .scope module, "reg_SIGN_A_s1_s2" "Pipe_reg_1clk_en" 23 71, 8 1 0, S_000002059ba183a0;
 .timescale 0 0;
    .port_info 0 /INPUT 1 "D";
    .port_info 1 /INPUT 1 "clk";
    .port_info 2 /INPUT 1 "reset";
    .port_info 3 /INPUT 1 "en";
    .port_info 4 /OUTPUT 1 "Q";
P_000002059b939020 .param/l "W" 0 8 1, +C4<00000000000000000000000000000001>;
v000002059ba2fb30_0 .net "D", 0 0, L_000002059ba36930;  alias, 1 drivers
v000002059ba2fa90_0 .var "Q", 0 0;
v000002059ba2e550_0 .net "clk", 0 0, v000002059ba37150_0;  alias, 1 drivers
v000002059ba2fe50_0 .net "en", 0 0, v000002059b902b60_0;  alias, 1 drivers
v000002059ba2fbd0_0 .net "reset", 0 0, v000002059ba37f10_0;  alias, 1 drivers
S_000002059ba4d960 .scope module, "reg_SIGN_B_s1_s2" "Pipe_reg_1clk_en" 23 72, 8 1 0, S_000002059ba183a0;
 .timescale 0 0;
    .port_info 0 /INPUT 1 "D";
    .port_info 1 /INPUT 1 "clk";
    .port_info 2 /INPUT 1 "reset";
    .port_info 3 /INPUT 1 "en";
    .port_info 4 /OUTPUT 1 "Q";
P_000002059b9388e0 .param/l "W" 0 8 1, +C4<00000000000000000000000000000001>;
v000002059ba2e870_0 .net "D", 0 0, L_000002059ba36f70;  alias, 1 drivers
v000002059ba2f630_0 .var "Q", 0 0;
v000002059ba30030_0 .net "clk", 0 0, v000002059ba37150_0;  alias, 1 drivers
v000002059ba2ee10_0 .net "en", 0 0, v000002059b902b60_0;  alias, 1 drivers
v000002059ba2ec30_0 .net "reset", 0 0, v000002059ba37f10_0;  alias, 1 drivers
S_000002059ba4c510 .scope module, "reg_SIGN_s2_s3" "Pipe_reg_1clk_en" 23 80, 8 1 0, S_000002059ba183a0;
 .timescale 0 0;
    .port_info 0 /INPUT 1 "D";
    .port_info 1 /INPUT 1 "clk";
    .port_info 2 /INPUT 1 "reset";
    .port_info 3 /INPUT 1 "en";
    .port_info 4 /OUTPUT 1 "Q";
P_000002059b938d20 .param/l "W" 0 8 1, +C4<00000000000000000000000000000001>;
v000002059ba2ea50_0 .net "D", 0 0, L_000002059bb060e0;  alias, 1 drivers
v000002059ba2f770_0 .var "Q", 0 0;
v000002059ba30710_0 .net "clk", 0 0, v000002059ba37150_0;  alias, 1 drivers
v000002059ba2eaf0_0 .net "en", 0 0, v000002059ba2eff0_0;  alias, 1 drivers
v000002059ba2fc70_0 .net "reset", 0 0, v000002059ba37f10_0;  alias, 1 drivers
S_000002059ba4c6a0 .scope module, "reg_SIGN_s3_s4" "Pipe_reg_1clk_en" 23 81, 8 1 0, S_000002059ba183a0;
 .timescale 0 0;
    .port_info 0 /INPUT 1 "D";
    .port_info 1 /INPUT 1 "clk";
    .port_info 2 /INPUT 1 "reset";
    .port_info 3 /INPUT 1 "en";
    .port_info 4 /OUTPUT 1 "Q";
P_000002059b9394e0 .param/l "W" 0 8 1, +C4<00000000000000000000000000000001>;
v000002059ba303f0_0 .net "D", 0 0, v000002059ba2f770_0;  alias, 1 drivers
v000002059ba305d0_0 .var "Q", 0 0;
v000002059ba307b0_0 .net "clk", 0 0, v000002059ba37150_0;  alias, 1 drivers
v000002059ba2fef0_0 .net "en", 0 0, v000002059ba30670_0;  alias, 1 drivers
v000002059ba2ecd0_0 .net "reset", 0 0, v000002059ba37f10_0;  alias, 1 drivers
S_000002059ba50310 .scope module, "reg_SIGN_s4_s5" "Pipe_reg_1clk_en" 23 82, 8 1 0, S_000002059ba183a0;
 .timescale 0 0;
    .port_info 0 /INPUT 1 "D";
    .port_info 1 /INPUT 1 "clk";
    .port_info 2 /INPUT 1 "reset";
    .port_info 3 /INPUT 1 "en";
    .port_info 4 /OUTPUT 1 "Q";
P_000002059b938660 .param/l "W" 0 8 1, +C4<00000000000000000000000000000001>;
v000002059ba2ed70_0 .net "D", 0 0, v000002059ba305d0_0;  alias, 1 drivers
v000002059ba2eeb0_0 .var "Q", 0 0;
v000002059ba2e5f0_0 .net "clk", 0 0, v000002059ba37150_0;  alias, 1 drivers
v000002059ba2e4b0_0 .net "en", 0 0, v000002059ba2f3b0_0;  alias, 1 drivers
v000002059ba2fdb0_0 .net "reset", 0 0, v000002059ba37f10_0;  alias, 1 drivers
S_000002059ba4fb40 .scope module, "reg_SIGN_s5_s6" "Pipe_reg_1clk_en" 23 83, 8 1 0, S_000002059ba183a0;
 .timescale 0 0;
    .port_info 0 /INPUT 1 "D";
    .port_info 1 /INPUT 1 "clk";
    .port_info 2 /INPUT 1 "reset";
    .port_info 3 /INPUT 1 "en";
    .port_info 4 /OUTPUT 1 "Q";
P_000002059b939520 .param/l "W" 0 8 1, +C4<00000000000000000000000000000001>;
v000002059ba2f310_0 .net "D", 0 0, v000002059ba2eeb0_0;  alias, 1 drivers
v000002059ba2ff90_0 .var "Q", 0 0;
v000002059ba300d0_0 .net "clk", 0 0, v000002059ba37150_0;  alias, 1 drivers
v000002059ba30170_0 .net "en", 0 0, v000002059ba2e690_0;  alias, 1 drivers
v000002059ba302b0_0 .net "reset", 0 0, v000002059ba37f10_0;  alias, 1 drivers
S_000002059ba4ea10 .scope module, "reg_en_s1_s2" "Pipe_reg_1clk" 23 64, 4 1 0, S_000002059ba183a0;
 .timescale 0 0;
    .port_info 0 /INPUT 1 "D";
    .port_info 1 /INPUT 1 "clk";
    .port_info 2 /INPUT 1 "reset";
    .port_info 3 /OUTPUT 1 "Q";
P_000002059b938d60 .param/l "W" 0 4 1, +C4<00000000000000000000000000000001>;
v000002059ba30850_0 .net "D", 0 0, v000002059b902b60_0;  alias, 1 drivers
v000002059ba2eff0_0 .var "Q", 0 0;
v000002059ba2e0f0_0 .net "clk", 0 0, v000002059ba37150_0;  alias, 1 drivers
v000002059ba2f090_0 .net "reset", 0 0, v000002059ba37f10_0;  alias, 1 drivers
S_000002059ba4ed30 .scope module, "reg_en_s2_s3" "Pipe_reg_1clk" 23 65, 4 1 0, S_000002059ba183a0;
 .timescale 0 0;
    .port_info 0 /INPUT 1 "D";
    .port_info 1 /INPUT 1 "clk";
    .port_info 2 /INPUT 1 "reset";
    .port_info 3 /OUTPUT 1 "Q";
P_000002059b9387e0 .param/l "W" 0 4 1, +C4<00000000000000000000000000000001>;
v000002059ba30490_0 .net "D", 0 0, v000002059ba2eff0_0;  alias, 1 drivers
v000002059ba30670_0 .var "Q", 0 0;
v000002059ba2e410_0 .net "clk", 0 0, v000002059ba37150_0;  alias, 1 drivers
v000002059ba2e230_0 .net "reset", 0 0, v000002059ba37f10_0;  alias, 1 drivers
S_000002059ba4eec0 .scope module, "reg_en_s3_s4" "Pipe_reg_1clk" 23 66, 4 1 0, S_000002059ba183a0;
 .timescale 0 0;
    .port_info 0 /INPUT 1 "D";
    .port_info 1 /INPUT 1 "clk";
    .port_info 2 /INPUT 1 "reset";
    .port_info 3 /OUTPUT 1 "Q";
P_000002059b9394a0 .param/l "W" 0 4 1, +C4<00000000000000000000000000000001>;
v000002059ba2e2d0_0 .net "D", 0 0, v000002059ba30670_0;  alias, 1 drivers
v000002059ba2f3b0_0 .var "Q", 0 0;
v000002059ba2f450_0 .net "clk", 0 0, v000002059ba37150_0;  alias, 1 drivers
v000002059ba2f4f0_0 .net "reset", 0 0, v000002059ba37f10_0;  alias, 1 drivers
S_000002059ba4f050 .scope module, "reg_en_s4_s5" "Pipe_reg_1clk" 23 67, 4 1 0, S_000002059ba183a0;
 .timescale 0 0;
    .port_info 0 /INPUT 1 "D";
    .port_info 1 /INPUT 1 "clk";
    .port_info 2 /INPUT 1 "reset";
    .port_info 3 /OUTPUT 1 "Q";
P_000002059b938e20 .param/l "W" 0 4 1, +C4<00000000000000000000000000000001>;
v000002059ba2e370_0 .net "D", 0 0, v000002059ba2f3b0_0;  alias, 1 drivers
v000002059ba2e690_0 .var "Q", 0 0;
v000002059ba2f6d0_0 .net "clk", 0 0, v000002059ba37150_0;  alias, 1 drivers
v000002059ba2f810_0 .net "reset", 0 0, v000002059ba37f10_0;  alias, 1 drivers
S_000002059ba4f1e0 .scope module, "s2_u_mul_expo_add" "MUL_EXPO_ADD" 23 89, 24 1 0, S_000002059ba183a0;
 .timescale 0 0;
    .port_info 0 /INPUT 8 "EXPO_A";
    .port_info 1 /INPUT 8 "EXPO_B";
    .port_info 2 /OUTPUT 9 "EXPO_ADD";
v000002059ba311b0_0 .net "EXPO_A", 7 0, v000002059ba2d970_0;  alias, 1 drivers
v000002059ba31390_0 .net "EXPO_ADD", 8 0, L_000002059bad70a0;  alias, 1 drivers
v000002059ba30fd0_0 .net "EXPO_B", 7 0, v000002059ba2e190_0;  alias, 1 drivers
v000002059ba32650_0 .net *"_ivl_0", 8 0, L_000002059bad6ec0;  1 drivers
L_000002059ba50da0 .functor BUFT 1, C4<0>, C4<0>, C4<0>, C4<0>;
v000002059ba32e70_0 .net *"_ivl_3", 0 0, L_000002059ba50da0;  1 drivers
v000002059ba31bb0_0 .net *"_ivl_4", 8 0, L_000002059bad8220;  1 drivers
L_000002059ba50de8 .functor BUFT 1, C4<0>, C4<0>, C4<0>, C4<0>;
v000002059ba31250_0 .net *"_ivl_7", 0 0, L_000002059ba50de8;  1 drivers
L_000002059bad6ec0 .concat [ 8 1 0 0], v000002059ba2d970_0, L_000002059ba50da0;
L_000002059bad8220 .concat [ 8 1 0 0], v000002059ba2e190_0, L_000002059ba50de8;
L_000002059bad70a0 .arith/sum 9, L_000002059bad6ec0, L_000002059bad8220;
S_000002059ba4e880 .scope module, "s2_u_mul_sign" "MUL_SIGN" 23 74, 25 1 0, S_000002059ba183a0;
 .timescale 0 0;
    .port_info 0 /INPUT 1 "SIGN_A";
    .port_info 1 /INPUT 1 "SIGN_B";
    .port_info 2 /OUTPUT 1 "SIGN";
L_000002059bb060e0 .functor XOR 1, v000002059ba2fa90_0, v000002059ba2f630_0, C4<0>, C4<0>;
v000002059ba31750_0 .net "SIGN", 0 0, L_000002059bb060e0;  alias, 1 drivers
v000002059ba326f0_0 .net "SIGN_A", 0 0, v000002059ba2fa90_0;  alias, 1 drivers
v000002059ba320b0_0 .net "SIGN_B", 0 0, v000002059ba2f630_0;  alias, 1 drivers
S_000002059ba4fcd0 .scope module, "s2_u_multiplier" "Multiplier" 23 120, 26 1 0, S_000002059ba183a0;
 .timescale 0 0;
    .port_info 0 /INPUT 24 "FRAC_A";
    .port_info 1 /INPUT 24 "FRAC_B";
    .port_info 2 /OUTPUT 48 "FRAC_mul";
P_000002059b938820 .param/l "W" 0 26 1, +C4<00000000000000000000000000110000>;
v000002059ba317f0_0 .net "FRAC_A", 23 0, L_000002059bb11710;  1 drivers
v000002059ba30d50_0 .net "FRAC_B", 23 0, L_000002059bb10db0;  1 drivers
v000002059ba32a10_0 .net "FRAC_mul", 47 0, L_000002059bb10c70;  alias, 1 drivers
v000002059ba32150_0 .net *"_ivl_0", 47 0, L_000002059bb127f0;  1 drivers
L_000002059ba51148 .functor BUFT 1, C4<000000000000000000000000>, C4<0>, C4<0>, C4<0>;
v000002059ba325b0_0 .net *"_ivl_3", 23 0, L_000002059ba51148;  1 drivers
v000002059ba312f0_0 .net *"_ivl_4", 47 0, L_000002059bb12bb0;  1 drivers
L_000002059ba51190 .functor BUFT 1, C4<000000000000000000000000>, C4<0>, C4<0>, C4<0>;
v000002059ba31070_0 .net *"_ivl_7", 23 0, L_000002059ba51190;  1 drivers
L_000002059bb127f0 .concat [ 24 24 0 0], L_000002059bb11710, L_000002059ba51148;
L_000002059bb12bb0 .concat [ 24 24 0 0], L_000002059bb10db0, L_000002059ba51190;
L_000002059bb10c70 .arith/mult 48, L_000002059bb127f0, L_000002059bb12bb0;
S_000002059ba50180 .scope module, "s4_u_mul_expo" "MUL_EXPO" 23 98, 27 1 0, S_000002059ba183a0;
 .timescale 0 0;
    .port_info 0 /INPUT 9 "EXPO_ADD";
    .port_info 1 /INPUT 1 "count";
    .port_info 2 /INPUT 1 "round_carry";
    .port_info 3 /OUTPUT 8 "EXPO";
    .port_info 4 /OUTPUT 1 "OF";
    .port_info 5 /OUTPUT 1 "UF";
L_000002059ba50f50 .functor BUFT 1, C4<0>, C4<0>, C4<0>, C4<0>;
L_000002059bb070a0 .functor XNOR 1, L_000002059bad7fa0, L_000002059ba50f50, C4<0>, C4<0>;
L_000002059bb05f90 .functor AND 1, L_000002059bb070a0, L_000002059bad82c0, C4<1>, C4<1>;
L_000002059ba51070 .functor BUFT 1, C4<1>, C4<0>, C4<0>, C4<0>;
L_000002059bb05e40 .functor XNOR 1, L_000002059bad8680, L_000002059ba51070, C4<0>, C4<0>;
v000002059ba31430_0 .var "EXPO", 7 0;
v000002059ba31110_0 .net "EXPO_ADD", 8 0, v000002059ba2bad0_0;  alias, 1 drivers
v000002059ba32970_0 .net "EXPO_etc", 9 0, L_000002059bad7e60;  1 drivers
v000002059ba319d0_0 .net "OF", 0 0, L_000002059bad8400;  alias, 1 drivers
v000002059ba32dd0_0 .net "UF", 0 0, L_000002059bad8720;  alias, 1 drivers
L_000002059ba50e30 .functor BUFT 1, C4<0>, C4<0>, C4<0>, C4<0>;
v000002059ba32790_0 .net/2u *"_ivl_0", 0 0, L_000002059ba50e30;  1 drivers
L_000002059ba50ec0 .functor BUFT 1, C4<000000000>, C4<0>, C4<0>, C4<0>;
v000002059ba31610_0 .net *"_ivl_11", 8 0, L_000002059ba50ec0;  1 drivers
v000002059ba314d0_0 .net *"_ivl_12", 9 0, L_000002059bad7d20;  1 drivers
v000002059ba32f10_0 .net *"_ivl_14", 9 0, L_000002059bad7dc0;  1 drivers
L_000002059ba50f08 .functor BUFT 1, C4<000000000>, C4<0>, C4<0>, C4<0>;
v000002059ba323d0_0 .net *"_ivl_17", 8 0, L_000002059ba50f08;  1 drivers
v000002059ba32330_0 .net *"_ivl_2", 9 0, L_000002059bad75a0;  1 drivers
v000002059ba31a70_0 .net *"_ivl_21", 0 0, L_000002059bad7fa0;  1 drivers
v000002059ba30f30_0 .net/2u *"_ivl_22", 0 0, L_000002059ba50f50;  1 drivers
v000002059ba31b10_0 .net *"_ivl_24", 0 0, L_000002059bb070a0;  1 drivers
L_000002059ba50f98 .functor BUFT 1, C4<0011111111>, C4<0>, C4<0>, C4<0>;
v000002059ba30b70_0 .net/2u *"_ivl_26", 9 0, L_000002059ba50f98;  1 drivers
v000002059ba31890_0 .net *"_ivl_28", 0 0, L_000002059bad82c0;  1 drivers
v000002059ba31ed0_0 .net *"_ivl_31", 0 0, L_000002059bb05f90;  1 drivers
L_000002059ba50fe0 .functor BUFT 1, C4<1>, C4<0>, C4<0>, C4<0>;
v000002059ba31570_0 .net/2u *"_ivl_32", 0 0, L_000002059ba50fe0;  1 drivers
L_000002059ba51028 .functor BUFT 1, C4<0>, C4<0>, C4<0>, C4<0>;
v000002059ba32fb0_0 .net/2u *"_ivl_34", 0 0, L_000002059ba51028;  1 drivers
v000002059ba316b0_0 .net *"_ivl_39", 0 0, L_000002059bad8680;  1 drivers
L_000002059ba50e78 .functor BUFT 1, C4<0001111111>, C4<0>, C4<0>, C4<0>;
v000002059ba30990_0 .net/2u *"_ivl_4", 9 0, L_000002059ba50e78;  1 drivers
v000002059ba308f0_0 .net/2u *"_ivl_40", 0 0, L_000002059ba51070;  1 drivers
v000002059ba32830_0 .net *"_ivl_42", 0 0, L_000002059bb05e40;  1 drivers
L_000002059ba510b8 .functor BUFT 1, C4<1>, C4<0>, C4<0>, C4<0>;
v000002059ba31c50_0 .net/2u *"_ivl_44", 0 0, L_000002059ba510b8;  1 drivers
L_000002059ba51100 .functor BUFT 1, C4<0>, C4<0>, C4<0>, C4<0>;
v000002059ba32510_0 .net/2u *"_ivl_46", 0 0, L_000002059ba51100;  1 drivers
v000002059ba31930_0 .net *"_ivl_6", 9 0, L_000002059bad69c0;  1 drivers
v000002059ba30df0_0 .net *"_ivl_8", 9 0, L_000002059bad7be0;  1 drivers
v000002059ba32470_0 .net "count", 0 0, v000002059ba32b50_0;  alias, 1 drivers
v000002059ba30e90_0 .net "round_carry", 0 0, L_000002059bb12930;  alias, 1 drivers
E_000002059b9391e0 .event anyedge, v000002059ba2d3d0_0, v000002059ba2c9d0_0, v000002059ba32970_0;
L_000002059bad75a0 .concat [ 9 1 0 0], v000002059ba2bad0_0, L_000002059ba50e30;
L_000002059bad69c0 .arith/sub 10, L_000002059bad75a0, L_000002059ba50e78;
L_000002059bad7be0 .concat [ 1 9 0 0], v000002059ba32b50_0, L_000002059ba50ec0;
L_000002059bad7d20 .arith/sum 10, L_000002059bad69c0, L_000002059bad7be0;
L_000002059bad7dc0 .concat [ 1 9 0 0], L_000002059bb12930, L_000002059ba50f08;
L_000002059bad7e60 .arith/sum 10, L_000002059bad7d20, L_000002059bad7dc0;
L_000002059bad7fa0 .part L_000002059bad7e60, 9, 1;
L_000002059bad82c0 .cmp/ge 10, L_000002059bad7e60, L_000002059ba50f98;
L_000002059bad8400 .functor MUXZ 1, L_000002059ba51028, L_000002059ba50fe0, L_000002059bb05f90, C4<>;
L_000002059bad8680 .part L_000002059bad7e60, 9, 1;
L_000002059bad8720 .functor MUXZ 1, L_000002059ba51100, L_000002059ba510b8, L_000002059bb05e40, C4<>;
S_000002059ba4eba0 .scope module, "s4_u_normalization_mul" "Normalization_MUL" 23 129, 28 1 0, S_000002059ba183a0;
 .timescale 0 0;
    .port_info 0 /INPUT 48 "FRAC_mul";
    .port_info 1 /INPUT 3 "rm";
    .port_info 2 /OUTPUT 23 "FRAC_out";
    .port_info 3 /OUTPUT 1 "count";
    .port_info 4 /OUTPUT 1 "round_carry";
P_000002059b939320 .param/l "W" 0 28 1, +C4<00000000000000000000000000110000>;
L_000002059bb064d0 .functor OR 1, v000002059ba31f70_0, v000002059ba31e30_0, C4<0>, C4<0>;
L_000002059bb06540 .functor AND 1, v000002059ba328d0_0, L_000002059bb064d0, C4<1>, C4<1>;
v000002059ba30c10_0 .var "FRAC_etc", 22 0;
v000002059ba31cf0_0 .net "FRAC_mul", 47 0, v000002059ba29eb0_0;  alias, 1 drivers
v000002059ba31d90_0 .net "FRAC_out", 22 0, L_000002059bb12a70;  alias, 1 drivers
v000002059ba328d0_0 .var "G", 0 0;
v000002059ba31e30_0 .var "L", 0 0;
v000002059ba31f70_0 .var "S", 0 0;
v000002059ba32d30_0 .net *"_ivl_0", 23 0, L_000002059bb129d0;  1 drivers
v000002059ba32ab0_0 .net *"_ivl_10", 0 0, L_000002059bb064d0;  1 drivers
L_000002059ba51268 .functor BUFT 1, C4<0>, C4<0>, C4<0>, C4<0>;
v000002059ba32010_0 .net *"_ivl_3", 0 0, L_000002059ba51268;  1 drivers
v000002059ba321f0_0 .net *"_ivl_4", 23 0, L_000002059bb11cb0;  1 drivers
L_000002059ba512b0 .functor BUFT 1, C4<00000000000000000000000>, C4<0>, C4<0>, C4<0>;
v000002059ba32290_0 .net *"_ivl_7", 22 0, L_000002059ba512b0;  1 drivers
v000002059ba32b50_0 .var "count", 0 0;
v000002059ba32bf0_0 .net "rm", 2 0, v000002059b9073e0_0;  alias, 1 drivers
v000002059ba32c90_0 .net "round_carry", 0 0, L_000002059bb12930;  alias, 1 drivers
v000002059ba33050_0 .net "round_up", 0 0, L_000002059bb06540;  1 drivers
v000002059ba30a30_0 .net "rounded_FRAC", 23 0, L_000002059bb106d0;  1 drivers
E_000002059b939360 .event anyedge, v000002059ba29eb0_0, v000002059b9073e0_0, v000002059ba30c10_0;
L_000002059bb129d0 .concat [ 23 1 0 0], v000002059ba30c10_0, L_000002059ba51268;
L_000002059bb11cb0 .concat [ 1 23 0 0], L_000002059bb06540, L_000002059ba512b0;
L_000002059bb106d0 .arith/sum 24, L_000002059bb129d0, L_000002059bb11cb0;
L_000002059bb12a70 .part L_000002059bb106d0, 0, 23;
L_000002059bb12930 .part L_000002059bb106d0, 23, 1;
S_000002059ba4fe60 .scope module, "s6_u_FMUL_exception_handler" "Exception_Handler" 23 144, 29 1 0, S_000002059ba183a0;
 .timescale 0 0;
    .port_info 0 /INPUT 1 "SIGN";
    .port_info 1 /INPUT 8 "EXPO";
    .port_info 2 /INPUT 23 "FRAC";
    .port_info 3 /OUTPUT 32 "result_out";
P_000002059b9393a0 .param/l "W" 0 29 1, +C4<00000000000000000000000000100000>;
v000002059ba30ad0_0 .net "EXPO", 7 0, v000002059ba2bfd0_0;  alias, 1 drivers
v000002059ba30cb0_0 .net "FRAC", 22 0, v000002059ba2c610_0;  alias, 1 drivers
v000002059ba34e50_0 .net "SIGN", 0 0, v000002059ba2ff90_0;  alias, 1 drivers
v000002059ba35670_0 .net "result_out", 31 0, L_000002059bb109f0;  alias, 1 drivers
L_000002059bb109f0 .concat [ 23 8 1 0], v000002059ba2c610_0, v000002059ba2bfd0_0, v000002059ba2ff90_0;
S_000002059ba4fff0 .scope module, "u_Stage" "STAGE" 2 36, 30 1 0, S_000002059b2e2210;
 .timescale 0 0;
    .port_info 0 /INPUT 1 "Stage_in";
    .port_info 1 /INPUT 1 "clk";
    .port_info 2 /INPUT 1 "reset";
    .port_info 3 /OUTPUT 7 "s";
P_000002059b938aa0 .param/l "STAGE_COUNT" 0 30 1, +C4<00000000000000000000000000000111>;
v000002059ba35e90_0 .net "Stage_in", 0 0, v000002059ba37e70_0;  1 drivers
v000002059ba36750_0 .net "clk", 0 0, v000002059ba37150_0;  alias, 1 drivers
v000002059ba36ed0_0 .net "reset", 0 0, v000002059ba37f10_0;  alias, 1 drivers
v000002059ba36070_0 .var "s", 7 1;
    .scope S_000002059b3434f0;
T_0 ;
    %wait E_000002059b936f60;
    %load/vec4 v000002059b902fc0_0;
    %flag_set/vec4 8;
    %jmp/0xz  T_0.0, 8;
    %pushi/vec4 0, 0, 32;
    %assign/vec4 v000002059b904280_0, 0;
    %jmp T_0.1;
T_0.0 ;
    %load/vec4 v000002059b9041e0_0;
    %assign/vec4 v000002059b904280_0, 0;
T_0.1 ;
    %jmp T_0;
    .thread T_0;
    .scope S_000002059b343680;
T_1 ;
    %wait E_000002059b936f60;
    %load/vec4 v000002059b903600_0;
    %flag_set/vec4 8;
    %jmp/0xz  T_1.0, 8;
    %pushi/vec4 0, 0, 32;
    %assign/vec4 v000002059b902d40_0, 0;
    %jmp T_1.1;
T_1.0 ;
    %load/vec4 v000002059b903240_0;
    %assign/vec4 v000002059b902d40_0, 0;
T_1.1 ;
    %jmp T_1;
    .thread T_1;
    .scope S_000002059b343360;
T_2 ;
    %wait E_000002059b936f60;
    %load/vec4 v000002059b9040a0_0;
    %flag_set/vec4 8;
    %jmp/0xz  T_2.0, 8;
    %pushi/vec4 0, 0, 1;
    %assign/vec4 v000002059b902b60_0, 0;
    %jmp T_2.1;
T_2.0 ;
    %load/vec4 v000002059b904c80_0;
    %assign/vec4 v000002059b902b60_0, 0;
T_2.1 ;
    %jmp T_2;
    .thread T_2;
    .scope S_000002059b32d050;
T_3 ;
    %wait E_000002059b936f60;
    %load/vec4 v000002059b9070c0_0;
    %flag_set/vec4 8;
    %jmp/0xz  T_3.0, 8;
    %pushi/vec4 0, 0, 3;
    %assign/vec4 v000002059b9072a0_0, 0;
    %jmp T_3.1;
T_3.0 ;
    %load/vec4 v000002059b905a40_0;
    %assign/vec4 v000002059b9072a0_0, 0;
T_3.1 ;
    %jmp T_3;
    .thread T_3;
    .scope S_000002059b8cc900;
T_4 ;
    %wait E_000002059b936f60;
    %load/vec4 v000002059b904d20_0;
    %flag_set/vec4 8;
    %jmp/0xz  T_4.0, 8;
    %pushi/vec4 0, 0, 3;
    %assign/vec4 v000002059b905900_0, 0;
    %jmp T_4.1;
T_4.0 ;
    %load/vec4 v000002059b906760_0;
    %assign/vec4 v000002059b905900_0, 0;
T_4.1 ;
    %jmp T_4;
    .thread T_4;
    .scope S_000002059b8cca90;
T_5 ;
    %wait E_000002059b936f60;
    %load/vec4 v000002059b9052c0_0;
    %flag_set/vec4 8;
    %jmp/0xz  T_5.0, 8;
    %pushi/vec4 0, 0, 3;
    %assign/vec4 v000002059b906a80_0, 0;
    %jmp T_5.1;
T_5.0 ;
    %load/vec4 v000002059b9064e0_0;
    %assign/vec4 v000002059b906a80_0, 0;
T_5.1 ;
    %jmp T_5;
    .thread T_5;
    .scope S_000002059b8cd0d0;
T_6 ;
    %wait E_000002059b936f60;
    %load/vec4 v000002059b907160_0;
    %flag_set/vec4 8;
    %jmp/0xz  T_6.0, 8;
    %pushi/vec4 0, 0, 3;
    %assign/vec4 v000002059b9073e0_0, 0;
    %jmp T_6.1;
T_6.0 ;
    %load/vec4 v000002059b906580_0;
    %assign/vec4 v000002059b9073e0_0, 0;
T_6.1 ;
    %jmp T_6;
    .thread T_6;
    .scope S_000002059b8cd260;
T_7 ;
    %wait E_000002059b936f60;
    %load/vec4 v000002059b905b80_0;
    %flag_set/vec4 8;
    %jmp/0xz  T_7.0, 8;
    %pushi/vec4 0, 0, 3;
    %assign/vec4 v000002059b905fe0_0, 0;
    %jmp T_7.1;
T_7.0 ;
    %load/vec4 v000002059b906f80_0;
    %assign/vec4 v000002059b905fe0_0, 0;
T_7.1 ;
    %jmp T_7;
    .thread T_7;
    .scope S_000002059b8cc450;
T_8 ;
    %wait E_000002059b936f60;
    %load/vec4 v000002059b906940_0;
    %flag_set/vec4 8;
    %jmp/0xz  T_8.0, 8;
    %pushi/vec4 0, 0, 3;
    %assign/vec4 v000002059b905e00_0, 0;
    %jmp T_8.1;
T_8.0 ;
    %load/vec4 v000002059b9068a0_0;
    %assign/vec4 v000002059b905e00_0, 0;
T_8.1 ;
    %jmp T_8;
    .thread T_8;
    .scope S_000002059b9ce0e0;
T_9 ;
    %wait E_000002059b936f60;
    %load/vec4 v000002059b9077a0_0;
    %flag_set/vec4 8;
    %jmp/0xz  T_9.0, 8;
    %pushi/vec4 0, 0, 1;
    %assign/vec4 v000002059b908100_0, 0;
    %jmp T_9.1;
T_9.0 ;
    %load/vec4 v000002059b9082e0_0;
    %assign/vec4 v000002059b908100_0, 0;
T_9.1 ;
    %jmp T_9;
    .thread T_9;
    .scope S_000002059b9cdc30;
T_10 ;
    %wait E_000002059b936f60;
    %load/vec4 v000002059b9081a0_0;
    %flag_set/vec4 8;
    %jmp/0xz  T_10.0, 8;
    %pushi/vec4 0, 0, 1;
    %assign/vec4 v000002059b907c00_0, 0;
    %jmp T_10.1;
T_10.0 ;
    %load/vec4 v000002059b9075c0_0;
    %assign/vec4 v000002059b907c00_0, 0;
T_10.1 ;
    %jmp T_10;
    .thread T_10;
    .scope S_000002059b9ccb00;
T_11 ;
    %wait E_000002059b936f60;
    %load/vec4 v000002059b907f20_0;
    %flag_set/vec4 8;
    %jmp/0xz  T_11.0, 8;
    %pushi/vec4 0, 0, 1;
    %assign/vec4 v000002059b907de0_0, 0;
    %jmp T_11.1;
T_11.0 ;
    %load/vec4 v000002059b907d40_0;
    %assign/vec4 v000002059b907de0_0, 0;
T_11.1 ;
    %jmp T_11;
    .thread T_11;
    .scope S_000002059b9cdaa0;
T_12 ;
    %wait E_000002059b936f60;
    %load/vec4 v000002059b907700_0;
    %flag_set/vec4 8;
    %jmp/0xz  T_12.0, 8;
    %pushi/vec4 0, 0, 1;
    %assign/vec4 v000002059b908240_0, 0;
    %jmp T_12.1;
T_12.0 ;
    %load/vec4 v000002059b907fc0_0;
    %assign/vec4 v000002059b908240_0, 0;
T_12.1 ;
    %jmp T_12;
    .thread T_12;
    .scope S_000002059b9ccc90;
T_13 ;
    %wait E_000002059b936f60;
    %load/vec4 v000002059b8fa5a0_0;
    %flag_set/vec4 8;
    %jmp/0xz  T_13.0, 8;
    %pushi/vec4 0, 0, 48;
    %assign/vec4 v000002059b8fa8c0_0, 0;
    %jmp T_13.1;
T_13.0 ;
    %load/vec4 v000002059b8f9060_0;
    %flag_set/vec4 8;
    %jmp/0xz  T_13.2, 8;
    %load/vec4 v000002059b8f8b60_0;
    %assign/vec4 v000002059b8fa8c0_0, 0;
T_13.2 ;
T_13.1 ;
    %jmp T_13;
    .thread T_13;
    .scope S_000002059b9cd780;
T_14 ;
    %wait E_000002059b936f60;
    %load/vec4 v000002059b8fa000_0;
    %flag_set/vec4 8;
    %jmp/0xz  T_14.0, 8;
    %pushi/vec4 0, 0, 48;
    %assign/vec4 v000002059b8f8e80_0, 0;
    %jmp T_14.1;
T_14.0 ;
    %load/vec4 v000002059b8f8660_0;
    %flag_set/vec4 8;
    %jmp/0xz  T_14.2, 8;
    %load/vec4 v000002059b8f9e20_0;
    %assign/vec4 v000002059b8f8e80_0, 0;
T_14.2 ;
T_14.1 ;
    %jmp T_14;
    .thread T_14;
    .scope S_000002059b9d00f0;
T_15 ;
    %wait E_000002059b9378e0;
    %load/vec4 v000002059b75f6e0_0;
    %flag_set/vec4 8;
    %jmp/0xz  T_15.0, 8;
    %load/vec4 v000002059b760d60_0;
    %flag_set/vec4 8;
    %jmp/0xz  T_15.2, 8;
    %load/vec4 v000002059b75fb40_0;
    %ix/getv 4, v000002059b7605e0_0;
    %shiftr 4;
    %store/vec4 v000002059b760c20_0, 0, 48;
    %jmp T_15.3;
T_15.2 ;
    %load/vec4 v000002059b75fb40_0;
    %ix/getv 4, v000002059b7605e0_0;
    %shiftl 4;
    %store/vec4 v000002059b760c20_0, 0, 48;
T_15.3 ;
    %jmp T_15.1;
T_15.0 ;
    %load/vec4 v000002059b75fb40_0;
    %store/vec4 v000002059b760c20_0, 0, 48;
T_15.1 ;
    %jmp T_15;
    .thread T_15, $push;
    .scope S_000002059b9d0280;
T_16 ;
    %wait E_000002059b937c20;
    %load/vec4 v000002059b760220_0;
    %flag_set/vec4 8;
    %jmp/0xz  T_16.0, 8;
    %load/vec4 v000002059b760180_0;
    %flag_set/vec4 8;
    %jmp/0xz  T_16.2, 8;
    %load/vec4 v000002059b760400_0;
    %ix/getv 4, v000002059b760f40_0;
    %shiftr 4;
    %store/vec4 v000002059b7600e0_0, 0, 48;
    %jmp T_16.3;
T_16.2 ;
    %load/vec4 v000002059b760400_0;
    %ix/getv 4, v000002059b760f40_0;
    %shiftl 4;
    %store/vec4 v000002059b7600e0_0, 0, 48;
T_16.3 ;
    %jmp T_16.1;
T_16.0 ;
    %load/vec4 v000002059b760400_0;
    %store/vec4 v000002059b7600e0_0, 0, 48;
T_16.1 ;
    %jmp T_16;
    .thread T_16, $push;
    .scope S_000002059b9cd140;
T_17 ;
    %wait E_000002059b936f60;
    %load/vec4 v000002059b8fa320_0;
    %flag_set/vec4 8;
    %jmp/0xz  T_17.0, 8;
    %pushi/vec4 0, 0, 1;
    %assign/vec4 v000002059b8f88e0_0, 0;
    %jmp T_17.1;
T_17.0 ;
    %load/vec4 v000002059b8f8c00_0;
    %flag_set/vec4 8;
    %jmp/0xz  T_17.2, 8;
    %load/vec4 v000002059b8fa820_0;
    %assign/vec4 v000002059b8f88e0_0, 0;
T_17.2 ;
T_17.1 ;
    %jmp T_17;
    .thread T_17;
    .scope S_000002059b9ce400;
T_18 ;
    %wait E_000002059b936f60;
    %load/vec4 v000002059b8f9100_0;
    %flag_set/vec4 8;
    %jmp/0xz  T_18.0, 8;
    %pushi/vec4 0, 0, 1;
    %assign/vec4 v000002059b8f8ca0_0, 0;
    %jmp T_18.1;
T_18.0 ;
    %load/vec4 v000002059b8faaa0_0;
    %flag_set/vec4 8;
    %jmp/0xz  T_18.2, 8;
    %load/vec4 v000002059b8fa3c0_0;
    %assign/vec4 v000002059b8f8ca0_0, 0;
T_18.2 ;
T_18.1 ;
    %jmp T_18;
    .thread T_18;
    .scope S_000002059b9cd2d0;
T_19 ;
    %wait E_000002059b936f60;
    %load/vec4 v000002059b8f9920_0;
    %flag_set/vec4 8;
    %jmp/0xz  T_19.0, 8;
    %pushi/vec4 0, 0, 1;
    %assign/vec4 v000002059b8f96a0_0, 0;
    %jmp T_19.1;
T_19.0 ;
    %load/vec4 v000002059b8f9b00_0;
    %flag_set/vec4 8;
    %jmp/0xz  T_19.2, 8;
    %load/vec4 v000002059b8f8fc0_0;
    %assign/vec4 v000002059b8f96a0_0, 0;
T_19.2 ;
T_19.1 ;
    %jmp T_19;
    .thread T_19;
    .scope S_000002059b9d2fe0;
T_20 ;
    %wait E_000002059b9381e0;
    %load/vec4 v000002059b7604a0_0;
    %flag_set/vec4 8;
    %jmp/0xz  T_20.0, 8;
    %load/vec4 v000002059b760ea0_0;
    %inv;
    %store/vec4 v000002059b760720_0, 0, 48;
    %pushi/vec4 1, 0, 1;
    %store/vec4 v000002059b761120_0, 0, 1;
    %jmp T_20.1;
T_20.0 ;
    %load/vec4 v000002059b760ea0_0;
    %store/vec4 v000002059b760720_0, 0, 48;
    %pushi/vec4 0, 0, 1;
    %store/vec4 v000002059b761120_0, 0, 1;
T_20.1 ;
    %jmp T_20;
    .thread T_20, $push;
    .scope S_000002059b9d3300;
T_21 ;
    %wait E_000002059b9376e0;
    %load/vec4 v000002059b86c0c0_0;
    %flag_set/vec4 8;
    %jmp/0xz  T_21.0, 8;
    %load/vec4 v000002059b75f280_0;
    %inv;
    %store/vec4 v000002059b873500_0, 0, 48;
    %pushi/vec4 1, 0, 1;
    %store/vec4 v000002059b7607c0_0, 0, 1;
    %jmp T_21.1;
T_21.0 ;
    %load/vec4 v000002059b75f280_0;
    %store/vec4 v000002059b873500_0, 0, 48;
    %pushi/vec4 0, 0, 1;
    %store/vec4 v000002059b7607c0_0, 0, 1;
T_21.1 ;
    %jmp T_21;
    .thread T_21, $push;
    .scope S_000002059b9cc7e0;
T_22 ;
    %wait E_000002059b936f60;
    %load/vec4 v000002059b8fb540_0;
    %flag_set/vec4 8;
    %jmp/0xz  T_22.0, 8;
    %pushi/vec4 0, 0, 1;
    %assign/vec4 v000002059b8fbea0_0, 0;
    %jmp T_22.1;
T_22.0 ;
    %load/vec4 v000002059b8fb4a0_0;
    %flag_set/vec4 8;
    %jmp/0xz  T_22.2, 8;
    %load/vec4 v000002059b8fb360_0;
    %assign/vec4 v000002059b8fbea0_0, 0;
T_22.2 ;
T_22.1 ;
    %jmp T_22;
    .thread T_22;
    .scope S_000002059b9cd910;
T_23 ;
    %wait E_000002059b936f60;
    %load/vec4 v000002059b8fd5c0_0;
    %flag_set/vec4 8;
    %jmp/0xz  T_23.0, 8;
    %pushi/vec4 0, 0, 48;
    %assign/vec4 v000002059b8fb9a0_0, 0;
    %jmp T_23.1;
T_23.0 ;
    %load/vec4 v000002059b8fed80_0;
    %flag_set/vec4 8;
    %jmp/0xz  T_23.2, 8;
    %load/vec4 v000002059b8fb680_0;
    %assign/vec4 v000002059b8fb9a0_0, 0;
T_23.2 ;
T_23.1 ;
    %jmp T_23;
    .thread T_23;
    .scope S_000002059b9cf150;
T_24 ;
    %wait E_000002059b936f60;
    %load/vec4 v000002059b8fd660_0;
    %flag_set/vec4 8;
    %jmp/0xz  T_24.0, 8;
    %pushi/vec4 0, 0, 48;
    %assign/vec4 v000002059b8fe880_0, 0;
    %jmp T_24.1;
T_24.0 ;
    %load/vec4 v000002059b8fd8e0_0;
    %flag_set/vec4 8;
    %jmp/0xz  T_24.2, 8;
    %load/vec4 v000002059b8fe6a0_0;
    %assign/vec4 v000002059b8fe880_0, 0;
T_24.2 ;
T_24.1 ;
    %jmp T_24;
    .thread T_24;
    .scope S_000002059b9cd460;
T_25 ;
    %wait E_000002059b936f60;
    %load/vec4 v000002059b8f8840_0;
    %flag_set/vec4 8;
    %jmp/0xz  T_25.0, 8;
    %pushi/vec4 0, 0, 48;
    %assign/vec4 v000002059b8fac80_0, 0;
    %jmp T_25.1;
T_25.0 ;
    %load/vec4 v000002059b8f8700_0;
    %flag_set/vec4 8;
    %jmp/0xz  T_25.2, 8;
    %load/vec4 v000002059b8fab40_0;
    %assign/vec4 v000002059b8fac80_0, 0;
T_25.2 ;
T_25.1 ;
    %jmp T_25;
    .thread T_25;
    .scope S_000002059b9cd5f0;
T_26 ;
    %wait E_000002059b936f60;
    %load/vec4 v000002059b8fb720_0;
    %flag_set/vec4 8;
    %jmp/0xz  T_26.0, 8;
    %pushi/vec4 0, 0, 48;
    %assign/vec4 v000002059b8fafa0_0, 0;
    %jmp T_26.1;
T_26.0 ;
    %load/vec4 v000002059b8fcbc0_0;
    %flag_set/vec4 8;
    %jmp/0xz  T_26.2, 8;
    %load/vec4 v000002059b8fd340_0;
    %assign/vec4 v000002059b8fafa0_0, 0;
T_26.2 ;
T_26.1 ;
    %jmp T_26;
    .thread T_26;
    .scope S_000002059ba197f0;
T_27 ;
    %wait E_000002059b938520;
    %load/vec4 v000002059ba24eb0_0;
    %cmpi/e 1, 0, 1;
    %jmp/0xz  T_27.0, 4;
    %pushi/vec4 0, 0, 1;
    %store/vec4 v000002059ba25bd0_0, 0, 1;
    %load/vec4 v000002059ba256d0_0;
    %cmpi/e 1, 0, 1;
    %jmp/0xz  T_27.2, 4;
    %load/vec4 v000002059ba265d0_0;
    %store/vec4 v000002059ba25270_0, 0, 48;
    %jmp T_27.3;
T_27.2 ;
    %load/vec4 v000002059ba24af0_0;
    %store/vec4 v000002059ba25270_0, 0, 48;
T_27.3 ;
    %jmp T_27.1;
T_27.0 ;
    %load/vec4 v000002059ba265d0_0;
    %store/vec4 v000002059ba25270_0, 0, 48;
    %load/vec4 v000002059ba256d0_0;
    %store/vec4 v000002059ba25bd0_0, 0, 1;
T_27.1 ;
    %jmp T_27;
    .thread T_27, $push;
    .scope S_000002059b9cefc0;
T_28 ;
    %wait E_000002059b936f60;
    %load/vec4 v000002059b8fe4c0_0;
    %flag_set/vec4 8;
    %jmp/0xz  T_28.0, 8;
    %pushi/vec4 0, 0, 48;
    %assign/vec4 v000002059b8fde80_0, 0;
    %jmp T_28.1;
T_28.0 ;
    %load/vec4 v000002059b8fdf20_0;
    %flag_set/vec4 8;
    %jmp/0xz  T_28.2, 8;
    %load/vec4 v000002059b8feec0_0;
    %assign/vec4 v000002059b8fde80_0, 0;
T_28.2 ;
T_28.1 ;
    %jmp T_28;
    .thread T_28;
    .scope S_000002059b9ceb10;
T_29 ;
    %wait E_000002059b936f60;
    %load/vec4 v000002059b8fdd40_0;
    %flag_set/vec4 8;
    %jmp/0xz  T_29.0, 8;
    %pushi/vec4 0, 0, 1;
    %assign/vec4 v000002059b8fea60_0, 0;
    %jmp T_29.1;
T_29.0 ;
    %load/vec4 v000002059b8feb00_0;
    %flag_set/vec4 8;
    %jmp/0xz  T_29.2, 8;
    %load/vec4 v000002059b8fdca0_0;
    %assign/vec4 v000002059b8fea60_0, 0;
T_29.2 ;
T_29.1 ;
    %jmp T_29;
    .thread T_29;
    .scope S_000002059ba18530;
T_30 ;
    %wait E_000002059b937f60;
    %load/vec4 v000002059ba260d0_0;
    %store/vec4 v000002059ba24230_0, 0, 64;
    %pushi/vec4 0, 0, 6;
    %store/vec4 v000002059ba25c70_0, 0, 6;
    %pushi/vec4 0, 0, 1;
    %store/vec4 v000002059ba26710_0, 0, 1;
    %load/vec4 v000002059ba24230_0;
    %cmpi/e 0, 0, 64;
    %jmp/0xz  T_30.0, 4;
    %pushi/vec4 1, 0, 1;
    %store/vec4 v000002059ba26710_0, 0, 1;
    %pushi/vec4 0, 0, 6;
    %store/vec4 v000002059ba25c70_0, 0, 6;
    %jmp T_30.1;
T_30.0 ;
    %load/vec4 v000002059ba24230_0;
    %parti/s 32, 32, 7;
    %cmpi/e 0, 0, 32;
    %jmp/0xz  T_30.2, 4;
    %pushi/vec4 1, 0, 1;
    %ix/load 4, 5, 0;
    %flag_set/imm 4, 0;
    %store/vec4 v000002059ba25c70_0, 4, 1;
    %load/vec4 v000002059ba24230_0;
    %ix/load 4, 32, 0;
    %flag_set/imm 4, 0;
    %shiftl 4;
    %store/vec4 v000002059ba24230_0, 0, 64;
T_30.2 ;
    %load/vec4 v000002059ba24230_0;
    %parti/s 16, 48, 7;
    %cmpi/e 0, 0, 16;
    %jmp/0xz  T_30.4, 4;
    %pushi/vec4 1, 0, 1;
    %ix/load 4, 4, 0;
    %flag_set/imm 4, 0;
    %store/vec4 v000002059ba25c70_0, 4, 1;
    %load/vec4 v000002059ba24230_0;
    %ix/load 4, 16, 0;
    %flag_set/imm 4, 0;
    %shiftl 4;
    %store/vec4 v000002059ba24230_0, 0, 64;
T_30.4 ;
    %load/vec4 v000002059ba24230_0;
    %parti/s 8, 56, 7;
    %cmpi/e 0, 0, 8;
    %jmp/0xz  T_30.6, 4;
    %pushi/vec4 1, 0, 1;
    %ix/load 4, 3, 0;
    %flag_set/imm 4, 0;
    %store/vec4 v000002059ba25c70_0, 4, 1;
    %load/vec4 v000002059ba24230_0;
    %ix/load 4, 8, 0;
    %flag_set/imm 4, 0;
    %shiftl 4;
    %store/vec4 v000002059ba24230_0, 0, 64;
T_30.6 ;
    %load/vec4 v000002059ba24230_0;
    %parti/s 4, 60, 7;
    %cmpi/e 0, 0, 4;
    %jmp/0xz  T_30.8, 4;
    %pushi/vec4 1, 0, 1;
    %ix/load 4, 2, 0;
    %flag_set/imm 4, 0;
    %store/vec4 v000002059ba25c70_0, 4, 1;
    %load/vec4 v000002059ba24230_0;
    %ix/load 4, 4, 0;
    %flag_set/imm 4, 0;
    %shiftl 4;
    %store/vec4 v000002059ba24230_0, 0, 64;
T_30.8 ;
    %load/vec4 v000002059ba24230_0;
    %parti/s 2, 62, 7;
    %cmpi/e 0, 0, 2;
    %jmp/0xz  T_30.10, 4;
    %pushi/vec4 1, 0, 1;
    %ix/load 4, 1, 0;
    %flag_set/imm 4, 0;
    %store/vec4 v000002059ba25c70_0, 4, 1;
    %load/vec4 v000002059ba24230_0;
    %ix/load 4, 2, 0;
    %flag_set/imm 4, 0;
    %shiftl 4;
    %store/vec4 v000002059ba24230_0, 0, 64;
T_30.10 ;
    %load/vec4 v000002059ba24230_0;
    %parti/s 1, 63, 7;
    %cmpi/e 0, 0, 1;
    %jmp/0xz  T_30.12, 4;
    %pushi/vec4 1, 0, 1;
    %ix/load 4, 0, 0;
    %flag_set/imm 4, 0;
    %store/vec4 v000002059ba25c70_0, 4, 1;
T_30.12 ;
T_30.1 ;
    %jmp T_30;
    .thread T_30, $push;
    .scope S_000002059ba186c0;
T_31 ;
    %wait E_000002059b937ae0;
    %pushi/vec4 0, 0, 8;
    %store/vec4 v000002059ba26170_0, 0, 8;
    %pushi/vec4 0, 0, 1;
    %store/vec4 v000002059ba244b0_0, 0, 1;
    %pushi/vec4 0, 0, 1;
    %store/vec4 v000002059ba26210_0, 0, 1;
    %load/vec4 v000002059ba25630_0;
    %flag_set/vec4 8;
    %jmp/0xz  T_31.0, 8;
    %load/vec4 v000002059ba26850_0;
    %flag_set/vec4 8;
    %jmp/0xz  T_31.2, 8;
    %pushi/vec4 0, 0, 1;
    %store/vec4 v000002059ba26210_0, 0, 1;
    %pushi/vec4 0, 0, 1;
    %store/vec4 v000002059ba244b0_0, 0, 1;
    %pushi/vec4 0, 0, 8;
    %store/vec4 v000002059ba26170_0, 0, 8;
    %jmp T_31.3;
T_31.2 ;
    %pushi/vec4 0, 0, 2;
    %load/vec4 v000002059ba24b90_0;
    %concat/vec4; draw_concat_vec4
    %store/vec4 v000002059ba26170_0, 0, 8;
    %pushi/vec4 0, 0, 1;
    %store/vec4 v000002059ba244b0_0, 0, 1;
    %pushi/vec4 1, 0, 1;
    %store/vec4 v000002059ba26210_0, 0, 1;
T_31.3 ;
    %jmp T_31.1;
T_31.0 ;
    %load/vec4 v000002059ba25310_0;
    %flag_set/vec4 8;
    %jmp/0xz  T_31.4, 8;
    %pushi/vec4 1, 0, 8;
    %store/vec4 v000002059ba26170_0, 0, 8;
    %pushi/vec4 1, 0, 1;
    %store/vec4 v000002059ba244b0_0, 0, 1;
    %pushi/vec4 1, 0, 1;
    %store/vec4 v000002059ba26210_0, 0, 1;
    %jmp T_31.5;
T_31.4 ;
    %pushi/vec4 0, 0, 1;
    %store/vec4 v000002059ba26210_0, 0, 1;
    %pushi/vec4 0, 0, 1;
    %store/vec4 v000002059ba244b0_0, 0, 1;
    %pushi/vec4 0, 0, 8;
    %store/vec4 v000002059ba26170_0, 0, 8;
T_31.5 ;
T_31.1 ;
    %jmp T_31;
    .thread T_31, $push;
    .scope S_000002059b9d05a0;
T_32 ;
    %wait E_000002059b936f60;
    %load/vec4 v000002059b9011c0_0;
    %flag_set/vec4 8;
    %jmp/0xz  T_32.0, 8;
    %pushi/vec4 0, 0, 8;
    %assign/vec4 v000002059b901080_0, 0;
    %jmp T_32.1;
T_32.0 ;
    %load/vec4 v000002059b901bc0_0;
    %flag_set/vec4 8;
    %jmp/0xz  T_32.2, 8;
    %load/vec4 v000002059b901f80_0;
    %assign/vec4 v000002059b901080_0, 0;
T_32.2 ;
T_32.1 ;
    %jmp T_32;
    .thread T_32;
    .scope S_000002059b9cee30;
T_33 ;
    %wait E_000002059b936f60;
    %load/vec4 v000002059b900040_0;
    %flag_set/vec4 8;
    %jmp/0xz  T_33.0, 8;
    %pushi/vec4 0, 0, 1;
    %assign/vec4 v000002059b9013a0_0, 0;
    %jmp T_33.1;
T_33.0 ;
    %load/vec4 v000002059b901c60_0;
    %flag_set/vec4 8;
    %jmp/0xz  T_33.2, 8;
    %load/vec4 v000002059b900cc0_0;
    %assign/vec4 v000002059b9013a0_0, 0;
T_33.2 ;
T_33.1 ;
    %jmp T_33;
    .thread T_33;
    .scope S_000002059b9cf600;
T_34 ;
    %wait E_000002059b936f60;
    %load/vec4 v000002059b900680_0;
    %flag_set/vec4 8;
    %jmp/0xz  T_34.0, 8;
    %pushi/vec4 0, 0, 1;
    %assign/vec4 v000002059b9000e0_0, 0;
    %jmp T_34.1;
T_34.0 ;
    %load/vec4 v000002059b900540_0;
    %flag_set/vec4 8;
    %jmp/0xz  T_34.2, 8;
    %load/vec4 v000002059b901260_0;
    %assign/vec4 v000002059b9000e0_0, 0;
T_34.2 ;
T_34.1 ;
    %jmp T_34;
    .thread T_34;
    .scope S_000002059b9cfc40;
T_35 ;
    %wait E_000002059b936f60;
    %load/vec4 v000002059b9002c0_0;
    %flag_set/vec4 8;
    %jmp/0xz  T_35.0, 8;
    %pushi/vec4 0, 0, 49;
    %assign/vec4 v000002059b901620_0, 0;
    %jmp T_35.1;
T_35.0 ;
    %load/vec4 v000002059b900d60_0;
    %flag_set/vec4 8;
    %jmp/0xz  T_35.2, 8;
    %load/vec4 v000002059b901e40_0;
    %assign/vec4 v000002059b901620_0, 0;
T_35.2 ;
T_35.1 ;
    %jmp T_35;
    .thread T_35;
    .scope S_000002059ba18850;
T_36 ;
    %wait E_000002059b937fe0;
    %load/vec4 v000002059ba25810_0;
    %flag_set/vec4 8;
    %jmp/0xz  T_36.0, 8;
    %load/vec4 v000002059ba24f50_0;
    %flag_set/vec4 8;
    %jmp/0xz  T_36.2, 8;
    %load/vec4 v000002059ba25d10_0;
    %ix/getv 4, v000002059ba26350_0;
    %shiftr 4;
    %store/vec4 v000002059ba24d70_0, 0, 49;
    %jmp T_36.3;
T_36.2 ;
    %load/vec4 v000002059ba25d10_0;
    %ix/getv 4, v000002059ba26350_0;
    %shiftl 4;
    %store/vec4 v000002059ba24d70_0, 0, 49;
T_36.3 ;
    %jmp T_36.1;
T_36.0 ;
    %load/vec4 v000002059ba25d10_0;
    %store/vec4 v000002059ba24d70_0, 0, 49;
T_36.1 ;
    %jmp T_36;
    .thread T_36, $push;
    .scope S_000002059b9cf790;
T_37 ;
    %wait E_000002059b936f60;
    %load/vec4 v000002059b900ea0_0;
    %flag_set/vec4 8;
    %jmp/0xz  T_37.0, 8;
    %pushi/vec4 0, 0, 48;
    %assign/vec4 v000002059b9023e0_0, 0;
    %jmp T_37.1;
T_37.0 ;
    %load/vec4 v000002059b9007c0_0;
    %flag_set/vec4 8;
    %jmp/0xz  T_37.2, 8;
    %load/vec4 v000002059b9020c0_0;
    %assign/vec4 v000002059b9023e0_0, 0;
T_37.2 ;
T_37.1 ;
    %jmp T_37;
    .thread T_37;
    .scope S_000002059ba19340;
T_38 ;
    %wait E_000002059b938420;
    %load/vec4 v000002059ba26fd0_0;
    %dup/vec4;
    %pushi/vec4 0, 0, 3;
    %cmp/u;
    %jmp/1 T_38.0, 6;
    %dup/vec4;
    %pushi/vec4 1, 0, 3;
    %cmp/u;
    %jmp/1 T_38.1, 6;
    %pushi/vec4 0, 0, 1;
    %store/vec4 v000002059ba27070_0, 0, 1;
    %jmp T_38.3;
T_38.0 ;
    %load/vec4 v000002059ba271b0_0;
    %load/vec4 v000002059ba28d30_0;
    %load/vec4 v000002059ba28a10_0;
    %or;
    %load/vec4 v000002059ba28970_0;
    %or;
    %and;
    %store/vec4 v000002059ba27070_0, 0, 1;
    %jmp T_38.3;
T_38.1 ;
    %pushi/vec4 0, 0, 1;
    %store/vec4 v000002059ba27070_0, 0, 1;
    %jmp T_38.3;
T_38.3 ;
    %pop/vec4 1;
    %jmp T_38;
    .thread T_38, $push;
    .scope S_000002059b9cfdd0;
T_39 ;
    %wait E_000002059b937ba0;
    %load/vec4 v000002059b758840_0;
    %load/vec4 v000002059b758700_0;
    %cmp/u;
    %jmp/0xz  T_39.0, 5;
    %load/vec4 v000002059b758700_0;
    %load/vec4 v000002059b758840_0;
    %sub;
    %store/vec4 v000002059b758020_0, 0, 8;
    %pushi/vec4 1, 0, 1;
    %store/vec4 v000002059b7597e0_0, 0, 1;
    %pushi/vec4 0, 0, 1;
    %store/vec4 v000002059b758a20_0, 0, 1;
    %pushi/vec4 1, 0, 1;
    %store/vec4 v000002059b758520_0, 0, 1;
    %jmp T_39.1;
T_39.0 ;
    %load/vec4 v000002059b758700_0;
    %load/vec4 v000002059b758840_0;
    %cmp/u;
    %jmp/0xz  T_39.2, 5;
    %load/vec4 v000002059b758840_0;
    %load/vec4 v000002059b758700_0;
    %sub;
    %store/vec4 v000002059b758020_0, 0, 8;
    %pushi/vec4 1, 0, 1;
    %store/vec4 v000002059b7597e0_0, 0, 1;
    %pushi/vec4 1, 0, 1;
    %store/vec4 v000002059b758a20_0, 0, 1;
    %pushi/vec4 0, 0, 1;
    %store/vec4 v000002059b758520_0, 0, 1;
    %jmp T_39.3;
T_39.2 ;
    %pushi/vec4 0, 0, 8;
    %store/vec4 v000002059b758020_0, 0, 8;
    %pushi/vec4 1, 0, 1;
    %store/vec4 v000002059b7597e0_0, 0, 1;
    %pushi/vec4 0, 0, 1;
    %store/vec4 v000002059b758a20_0, 0, 1;
    %pushi/vec4 0, 0, 1;
    %store/vec4 v000002059b758520_0, 0, 1;
T_39.3 ;
T_39.1 ;
    %jmp T_39;
    .thread T_39, $push;
    .scope S_000002059b9ce270;
T_40 ;
    %wait E_000002059b936f60;
    %load/vec4 v000002059b8f9ce0_0;
    %flag_set/vec4 8;
    %jmp/0xz  T_40.0, 8;
    %pushi/vec4 0, 0, 8;
    %assign/vec4 v000002059b8f9740_0, 0;
    %jmp T_40.1;
T_40.0 ;
    %load/vec4 v000002059b8f8ac0_0;
    %flag_set/vec4 8;
    %jmp/0xz  T_40.2, 8;
    %load/vec4 v000002059b908380_0;
    %assign/vec4 v000002059b8f9740_0, 0;
T_40.2 ;
T_40.1 ;
    %jmp T_40;
    .thread T_40;
    .scope S_000002059b9cddc0;
T_41 ;
    %wait E_000002059b936f60;
    %load/vec4 v000002059b8f8a20_0;
    %flag_set/vec4 8;
    %jmp/0xz  T_41.0, 8;
    %pushi/vec4 0, 0, 1;
    %assign/vec4 v000002059b8f9c40_0, 0;
    %jmp T_41.1;
T_41.0 ;
    %load/vec4 v000002059b8f8980_0;
    %flag_set/vec4 8;
    %jmp/0xz  T_41.2, 8;
    %load/vec4 v000002059b8fa460_0;
    %assign/vec4 v000002059b8f9c40_0, 0;
T_41.2 ;
T_41.1 ;
    %jmp T_41;
    .thread T_41;
    .scope S_000002059b9cc970;
T_42 ;
    %wait E_000002059b936f60;
    %load/vec4 v000002059b8f97e0_0;
    %flag_set/vec4 8;
    %jmp/0xz  T_42.0, 8;
    %pushi/vec4 0, 0, 1;
    %assign/vec4 v000002059b8f8520_0, 0;
    %jmp T_42.1;
T_42.0 ;
    %load/vec4 v000002059b8f91a0_0;
    %flag_set/vec4 8;
    %jmp/0xz  T_42.2, 8;
    %load/vec4 v000002059b8f9d80_0;
    %assign/vec4 v000002059b8f8520_0, 0;
T_42.2 ;
T_42.1 ;
    %jmp T_42;
    .thread T_42;
    .scope S_000002059b9cdf50;
T_43 ;
    %wait E_000002059b936f60;
    %load/vec4 v000002059b8f99c0_0;
    %flag_set/vec4 8;
    %jmp/0xz  T_43.0, 8;
    %pushi/vec4 0, 0, 1;
    %assign/vec4 v000002059b8fa780_0, 0;
    %jmp T_43.1;
T_43.0 ;
    %load/vec4 v000002059b8fa280_0;
    %flag_set/vec4 8;
    %jmp/0xz  T_43.2, 8;
    %load/vec4 v000002059b8f9380_0;
    %assign/vec4 v000002059b8fa780_0, 0;
T_43.2 ;
T_43.1 ;
    %jmp T_43;
    .thread T_43;
    .scope S_000002059b9cce20;
T_44 ;
    %wait E_000002059b936f60;
    %load/vec4 v000002059b8f9ec0_0;
    %flag_set/vec4 8;
    %jmp/0xz  T_44.0, 8;
    %pushi/vec4 0, 0, 8;
    %assign/vec4 v000002059b8f85c0_0, 0;
    %jmp T_44.1;
T_44.0 ;
    %load/vec4 v000002059b8fa140_0;
    %flag_set/vec4 8;
    %jmp/0xz  T_44.2, 8;
    %load/vec4 v000002059b8fa0a0_0;
    %assign/vec4 v000002059b8f85c0_0, 0;
T_44.2 ;
T_44.1 ;
    %jmp T_44;
    .thread T_44;
    .scope S_000002059b9ccfb0;
T_45 ;
    %wait E_000002059b936f60;
    %load/vec4 v000002059b8faa00_0;
    %flag_set/vec4 8;
    %jmp/0xz  T_45.0, 8;
    %pushi/vec4 0, 0, 8;
    %assign/vec4 v000002059b8f9ba0_0, 0;
    %jmp T_45.1;
T_45.0 ;
    %load/vec4 v000002059b8f9f60_0;
    %flag_set/vec4 8;
    %jmp/0xz  T_45.2, 8;
    %load/vec4 v000002059b8fa6e0_0;
    %assign/vec4 v000002059b8f9ba0_0, 0;
T_45.2 ;
T_45.1 ;
    %jmp T_45;
    .thread T_45;
    .scope S_000002059b9d0410;
T_46 ;
    %wait E_000002059b936f60;
    %load/vec4 v000002059b8fdac0_0;
    %flag_set/vec4 8;
    %jmp/0xz  T_46.0, 8;
    %pushi/vec4 0, 0, 8;
    %assign/vec4 v000002059b8fee20_0, 0;
    %jmp T_46.1;
T_46.0 ;
    %load/vec4 v000002059b8fd980_0;
    %flag_set/vec4 8;
    %jmp/0xz  T_46.2, 8;
    %load/vec4 v000002059b8ffc80_0;
    %assign/vec4 v000002059b8fee20_0, 0;
T_46.2 ;
T_46.1 ;
    %jmp T_46;
    .thread T_46;
    .scope S_000002059b9ce980;
T_47 ;
    %wait E_000002059b936f60;
    %load/vec4 v000002059b900fe0_0;
    %flag_set/vec4 8;
    %jmp/0xz  T_47.0, 8;
    %pushi/vec4 0, 0, 8;
    %assign/vec4 v000002059b901a80_0, 0;
    %jmp T_47.1;
T_47.0 ;
    %load/vec4 v000002059b9009a0_0;
    %flag_set/vec4 8;
    %jmp/0xz  T_47.2, 8;
    %load/vec4 v000002059b9018a0_0;
    %assign/vec4 v000002059b901a80_0, 0;
T_47.2 ;
T_47.1 ;
    %jmp T_47;
    .thread T_47;
    .scope S_000002059ba18b70;
T_48 ;
    %wait E_000002059b938020;
    %load/vec4 v000002059ba26cb0_0;
    %cmpi/e 0, 0, 1;
    %jmp/0xz  T_48.0, 4;
    %load/vec4 v000002059ba25130_0;
    %store/vec4 v000002059ba263f0_0, 0, 9;
    %jmp T_48.1;
T_48.0 ;
    %load/vec4 v000002059ba283d0_0;
    %flag_set/vec4 8;
    %jmp/0xz  T_48.2, 8;
    %load/vec4 v000002059ba25130_0;
    %addi 1, 0, 9;
    %store/vec4 v000002059ba263f0_0, 0, 9;
    %jmp T_48.3;
T_48.2 ;
    %load/vec4 v000002059ba25130_0;
    %pushi/vec4 0, 0, 3;
    %load/vec4 v000002059ba26490_0;
    %concat/vec4; draw_concat_vec4
    %sub;
    %store/vec4 v000002059ba263f0_0, 0, 9;
T_48.3 ;
T_48.1 ;
    %jmp T_48;
    .thread T_48, $push;
    .scope S_000002059b9cf470;
T_49 ;
    %wait E_000002059b936f60;
    %load/vec4 v000002059b900a40_0;
    %flag_set/vec4 8;
    %jmp/0xz  T_49.0, 8;
    %pushi/vec4 0, 0, 9;
    %assign/vec4 v000002059b900900_0, 0;
    %jmp T_49.1;
T_49.0 ;
    %load/vec4 v000002059b8ffd20_0;
    %flag_set/vec4 8;
    %jmp/0xz  T_49.2, 8;
    %load/vec4 v000002059b9022a0_0;
    %assign/vec4 v000002059b900900_0, 0;
T_49.2 ;
T_49.1 ;
    %jmp T_49;
    .thread T_49;
    .scope S_000002059b9ce590;
T_50 ;
    %wait E_000002059b936f60;
    %load/vec4 v000002059b8fa1e0_0;
    %flag_set/vec4 8;
    %jmp/0xz  T_50.0, 8;
    %pushi/vec4 0, 0, 1;
    %assign/vec4 v000002059b8fa960_0, 0;
    %jmp T_50.1;
T_50.0 ;
    %load/vec4 v000002059b8fa640_0;
    %flag_set/vec4 8;
    %jmp/0xz  T_50.2, 8;
    %load/vec4 v000002059b8f9240_0;
    %assign/vec4 v000002059b8fa960_0, 0;
T_50.2 ;
T_50.1 ;
    %jmp T_50;
    .thread T_50;
    .scope S_000002059b9d2b30;
T_51 ;
    %wait E_000002059b9381a0;
    %load/vec4 v000002059b86e960_0;
    %cmpi/e 1, 0, 1;
    %jmp/0xz  T_51.0, 4;
    %load/vec4 v000002059b86c160_0;
    %load/vec4 v000002059b86c5c0_0;
    %cmp/ne;
    %jmp/0xz  T_51.2, 4;
    %load/vec4 v000002059b86c160_0;
    %store/vec4 v000002059b86f860_0, 0, 1;
    %jmp T_51.3;
T_51.2 ;
    %load/vec4 v000002059b86cf20_0;
    %flag_set/vec4 8;
    %jmp/0 T_51.4, 8;
    %load/vec4 v000002059b86c160_0;
    %inv;
    %jmp/1 T_51.5, 8;
T_51.4 ; End of true expr.
    %load/vec4 v000002059b86c160_0;
    %jmp/0 T_51.5, 8;
 ; End of false expr.
    %blend;
T_51.5;
    %store/vec4 v000002059b86f860_0, 0, 1;
T_51.3 ;
    %jmp T_51.1;
T_51.0 ;
    %load/vec4 v000002059b86c160_0;
    %load/vec4 v000002059b86c5c0_0;
    %cmp/e;
    %jmp/0xz  T_51.6, 4;
    %load/vec4 v000002059b86c160_0;
    %store/vec4 v000002059b86f860_0, 0, 1;
    %jmp T_51.7;
T_51.6 ;
    %load/vec4 v000002059b86cf20_0;
    %flag_set/vec4 8;
    %jmp/0 T_51.8, 8;
    %load/vec4 v000002059b86c5c0_0;
    %jmp/1 T_51.9, 8;
T_51.8 ; End of true expr.
    %load/vec4 v000002059b86c160_0;
    %jmp/0 T_51.9, 8;
 ; End of false expr.
    %blend;
T_51.9;
    %store/vec4 v000002059b86f860_0, 0, 1;
T_51.7 ;
T_51.1 ;
    %jmp T_51;
    .thread T_51, $push;
    .scope S_000002059b9ce7f0;
T_52 ;
    %wait E_000002059b936f60;
    %load/vec4 v000002059b8fef60_0;
    %flag_set/vec4 8;
    %jmp/0xz  T_52.0, 8;
    %pushi/vec4 0, 0, 1;
    %assign/vec4 v000002059b8ffb40_0, 0;
    %jmp T_52.1;
T_52.0 ;
    %load/vec4 v000002059b8ff8c0_0;
    %flag_set/vec4 8;
    %jmp/0xz  T_52.2, 8;
    %load/vec4 v000002059b8fe560_0;
    %assign/vec4 v000002059b8ffb40_0, 0;
T_52.2 ;
T_52.1 ;
    %jmp T_52;
    .thread T_52;
    .scope S_000002059b9ceca0;
T_53 ;
    %wait E_000002059b936f60;
    %load/vec4 v000002059b9014e0_0;
    %flag_set/vec4 8;
    %jmp/0xz  T_53.0, 8;
    %pushi/vec4 0, 0, 1;
    %assign/vec4 v000002059b8fe060_0, 0;
    %jmp T_53.1;
T_53.0 ;
    %load/vec4 v000002059b8fe2e0_0;
    %flag_set/vec4 8;
    %jmp/0xz  T_53.2, 8;
    %load/vec4 v000002059b8fdfc0_0;
    %assign/vec4 v000002059b8fe060_0, 0;
T_53.2 ;
T_53.1 ;
    %jmp T_53;
    .thread T_53;
    .scope S_000002059b9cf2e0;
T_54 ;
    %wait E_000002059b936f60;
    %load/vec4 v000002059b902200_0;
    %flag_set/vec4 8;
    %jmp/0xz  T_54.0, 8;
    %pushi/vec4 0, 0, 1;
    %assign/vec4 v000002059b900360_0, 0;
    %jmp T_54.1;
T_54.0 ;
    %load/vec4 v000002059b9019e0_0;
    %flag_set/vec4 8;
    %jmp/0xz  T_54.2, 8;
    %load/vec4 v000002059b9004a0_0;
    %assign/vec4 v000002059b900360_0, 0;
T_54.2 ;
T_54.1 ;
    %jmp T_54;
    .thread T_54;
    .scope S_000002059b9cf920;
T_55 ;
    %wait E_000002059b936f60;
    %load/vec4 v000002059b759240_0;
    %flag_set/vec4 8;
    %jmp/0xz  T_55.0, 8;
    %pushi/vec4 0, 0, 1;
    %assign/vec4 v000002059b758980_0, 0;
    %jmp T_55.1;
T_55.0 ;
    %load/vec4 v000002059b758480_0;
    %flag_set/vec4 8;
    %jmp/0xz  T_55.2, 8;
    %load/vec4 v000002059b901300_0;
    %assign/vec4 v000002059b758980_0, 0;
T_55.2 ;
T_55.1 ;
    %jmp T_55;
    .thread T_55;
    .scope S_000002059ba191b0;
T_56 ;
    %wait E_000002059b938460;
    %pushi/vec4 0, 0, 1;
    %store/vec4 v000002059ba272f0_0, 0, 1;
    %pushi/vec4 1, 0, 1;
    %store/vec4 v000002059ba28dd0_0, 0, 1;
    %pushi/vec4 0, 0, 32;
    %store/vec4 v000002059ba26b70_0, 0, 32;
    %load/vec4 v000002059ba28790_0;
    %cmpi/u 255, 0, 9;
    %flag_inv 5; GE is !LT
    %jmp/0xz  T_56.0, 5;
    %load/vec4 v000002059ba26d50_0;
    %concati/vec4 255, 0, 8;
    %concati/vec4 0, 0, 23;
    %store/vec4 v000002059ba26b70_0, 0, 32;
    %pushi/vec4 1, 0, 1;
    %store/vec4 v000002059ba272f0_0, 0, 1;
    %pushi/vec4 0, 0, 1;
    %store/vec4 v000002059ba28dd0_0, 0, 1;
    %jmp T_56.1;
T_56.0 ;
    %load/vec4 v000002059ba28790_0;
    %parti/s 1, 8, 5;
    %cmpi/e 1, 0, 1;
    %flag_mov 8, 4;
    %load/vec4 v000002059ba28790_0;
    %cmpi/e 0, 0, 9;
    %flag_or 4, 8;
    %jmp/0xz  T_56.2, 4;
    %load/vec4 v000002059ba26d50_0;
    %concati/vec4 0, 0, 8;
    %concati/vec4 0, 0, 23;
    %store/vec4 v000002059ba26b70_0, 0, 32;
    %pushi/vec4 0, 0, 1;
    %store/vec4 v000002059ba272f0_0, 0, 1;
    %pushi/vec4 1, 0, 1;
    %store/vec4 v000002059ba28dd0_0, 0, 1;
    %jmp T_56.3;
T_56.2 ;
    %load/vec4 v000002059ba26d50_0;
    %load/vec4 v000002059ba28790_0;
    %parti/s 8, 0, 2;
    %concat/vec4; draw_concat_vec4
    %load/vec4 v000002059ba280b0_0;
    %concat/vec4; draw_concat_vec4
    %store/vec4 v000002059ba26b70_0, 0, 32;
    %pushi/vec4 0, 0, 1;
    %store/vec4 v000002059ba272f0_0, 0, 1;
    %pushi/vec4 0, 0, 1;
    %store/vec4 v000002059ba28dd0_0, 0, 1;
T_56.3 ;
T_56.1 ;
    %jmp T_56;
    .thread T_56, $push;
    .scope S_000002059ba4ea10;
T_57 ;
    %wait E_000002059b936f60;
    %load/vec4 v000002059ba2f090_0;
    %flag_set/vec4 8;
    %jmp/0xz  T_57.0, 8;
    %pushi/vec4 0, 0, 1;
    %assign/vec4 v000002059ba2eff0_0, 0;
    %jmp T_57.1;
T_57.0 ;
    %load/vec4 v000002059ba30850_0;
    %assign/vec4 v000002059ba2eff0_0, 0;
T_57.1 ;
    %jmp T_57;
    .thread T_57;
    .scope S_000002059ba4ed30;
T_58 ;
    %wait E_000002059b936f60;
    %load/vec4 v000002059ba2e230_0;
    %flag_set/vec4 8;
    %jmp/0xz  T_58.0, 8;
    %pushi/vec4 0, 0, 1;
    %assign/vec4 v000002059ba30670_0, 0;
    %jmp T_58.1;
T_58.0 ;
    %load/vec4 v000002059ba30490_0;
    %assign/vec4 v000002059ba30670_0, 0;
T_58.1 ;
    %jmp T_58;
    .thread T_58;
    .scope S_000002059ba4eec0;
T_59 ;
    %wait E_000002059b936f60;
    %load/vec4 v000002059ba2f4f0_0;
    %flag_set/vec4 8;
    %jmp/0xz  T_59.0, 8;
    %pushi/vec4 0, 0, 1;
    %assign/vec4 v000002059ba2f3b0_0, 0;
    %jmp T_59.1;
T_59.0 ;
    %load/vec4 v000002059ba2e2d0_0;
    %assign/vec4 v000002059ba2f3b0_0, 0;
T_59.1 ;
    %jmp T_59;
    .thread T_59;
    .scope S_000002059ba4f050;
T_60 ;
    %wait E_000002059b936f60;
    %load/vec4 v000002059ba2f810_0;
    %flag_set/vec4 8;
    %jmp/0xz  T_60.0, 8;
    %pushi/vec4 0, 0, 1;
    %assign/vec4 v000002059ba2e690_0, 0;
    %jmp T_60.1;
T_60.0 ;
    %load/vec4 v000002059ba2e370_0;
    %assign/vec4 v000002059ba2e690_0, 0;
T_60.1 ;
    %jmp T_60;
    .thread T_60;
    .scope S_000002059ba4d4b0;
T_61 ;
    %wait E_000002059b936f60;
    %load/vec4 v000002059ba2fbd0_0;
    %flag_set/vec4 8;
    %jmp/0xz  T_61.0, 8;
    %pushi/vec4 0, 0, 1;
    %assign/vec4 v000002059ba2fa90_0, 0;
    %jmp T_61.1;
T_61.0 ;
    %load/vec4 v000002059ba2fe50_0;
    %flag_set/vec4 8;
    %jmp/0xz  T_61.2, 8;
    %load/vec4 v000002059ba2fb30_0;
    %assign/vec4 v000002059ba2fa90_0, 0;
T_61.2 ;
T_61.1 ;
    %jmp T_61;
    .thread T_61;
    .scope S_000002059ba4d960;
T_62 ;
    %wait E_000002059b936f60;
    %load/vec4 v000002059ba2ec30_0;
    %flag_set/vec4 8;
    %jmp/0xz  T_62.0, 8;
    %pushi/vec4 0, 0, 1;
    %assign/vec4 v000002059ba2f630_0, 0;
    %jmp T_62.1;
T_62.0 ;
    %load/vec4 v000002059ba2ee10_0;
    %flag_set/vec4 8;
    %jmp/0xz  T_62.2, 8;
    %load/vec4 v000002059ba2e870_0;
    %assign/vec4 v000002059ba2f630_0, 0;
T_62.2 ;
T_62.1 ;
    %jmp T_62;
    .thread T_62;
    .scope S_000002059ba4c510;
T_63 ;
    %wait E_000002059b936f60;
    %load/vec4 v000002059ba2fc70_0;
    %flag_set/vec4 8;
    %jmp/0xz  T_63.0, 8;
    %pushi/vec4 0, 0, 1;
    %assign/vec4 v000002059ba2f770_0, 0;
    %jmp T_63.1;
T_63.0 ;
    %load/vec4 v000002059ba2eaf0_0;
    %flag_set/vec4 8;
    %jmp/0xz  T_63.2, 8;
    %load/vec4 v000002059ba2ea50_0;
    %assign/vec4 v000002059ba2f770_0, 0;
T_63.2 ;
T_63.1 ;
    %jmp T_63;
    .thread T_63;
    .scope S_000002059ba4c6a0;
T_64 ;
    %wait E_000002059b936f60;
    %load/vec4 v000002059ba2ecd0_0;
    %flag_set/vec4 8;
    %jmp/0xz  T_64.0, 8;
    %pushi/vec4 0, 0, 1;
    %assign/vec4 v000002059ba305d0_0, 0;
    %jmp T_64.1;
T_64.0 ;
    %load/vec4 v000002059ba2fef0_0;
    %flag_set/vec4 8;
    %jmp/0xz  T_64.2, 8;
    %load/vec4 v000002059ba303f0_0;
    %assign/vec4 v000002059ba305d0_0, 0;
T_64.2 ;
T_64.1 ;
    %jmp T_64;
    .thread T_64;
    .scope S_000002059ba50310;
T_65 ;
    %wait E_000002059b936f60;
    %load/vec4 v000002059ba2fdb0_0;
    %flag_set/vec4 8;
    %jmp/0xz  T_65.0, 8;
    %pushi/vec4 0, 0, 1;
    %assign/vec4 v000002059ba2eeb0_0, 0;
    %jmp T_65.1;
T_65.0 ;
    %load/vec4 v000002059ba2e4b0_0;
    %flag_set/vec4 8;
    %jmp/0xz  T_65.2, 8;
    %load/vec4 v000002059ba2ed70_0;
    %assign/vec4 v000002059ba2eeb0_0, 0;
T_65.2 ;
T_65.1 ;
    %jmp T_65;
    .thread T_65;
    .scope S_000002059ba4fb40;
T_66 ;
    %wait E_000002059b936f60;
    %load/vec4 v000002059ba302b0_0;
    %flag_set/vec4 8;
    %jmp/0xz  T_66.0, 8;
    %pushi/vec4 0, 0, 1;
    %assign/vec4 v000002059ba2ff90_0, 0;
    %jmp T_66.1;
T_66.0 ;
    %load/vec4 v000002059ba30170_0;
    %flag_set/vec4 8;
    %jmp/0xz  T_66.2, 8;
    %load/vec4 v000002059ba2f310_0;
    %assign/vec4 v000002059ba2ff90_0, 0;
T_66.2 ;
T_66.1 ;
    %jmp T_66;
    .thread T_66;
    .scope S_000002059ba4cb50;
T_67 ;
    %wait E_000002059b936f60;
    %load/vec4 v000002059ba2e9b0_0;
    %flag_set/vec4 8;
    %jmp/0xz  T_67.0, 8;
    %pushi/vec4 0, 0, 8;
    %assign/vec4 v000002059ba2d970_0, 0;
    %jmp T_67.1;
T_67.0 ;
    %load/vec4 v000002059ba2e910_0;
    %flag_set/vec4 8;
    %jmp/0xz  T_67.2, 8;
    %load/vec4 v000002059ba2d8d0_0;
    %assign/vec4 v000002059ba2d970_0, 0;
T_67.2 ;
T_67.1 ;
    %jmp T_67;
    .thread T_67;
    .scope S_000002059ba4d320;
T_68 ;
    %wait E_000002059b936f60;
    %load/vec4 v000002059ba2f270_0;
    %flag_set/vec4 8;
    %jmp/0xz  T_68.0, 8;
    %pushi/vec4 0, 0, 8;
    %assign/vec4 v000002059ba2e190_0, 0;
    %jmp T_68.1;
T_68.0 ;
    %load/vec4 v000002059ba2fd10_0;
    %flag_set/vec4 8;
    %jmp/0xz  T_68.2, 8;
    %load/vec4 v000002059ba2f950_0;
    %assign/vec4 v000002059ba2e190_0, 0;
T_68.2 ;
T_68.1 ;
    %jmp T_68;
    .thread T_68;
    .scope S_000002059ba4c1f0;
T_69 ;
    %wait E_000002059b936f60;
    %load/vec4 v000002059ba2d1f0_0;
    %flag_set/vec4 8;
    %jmp/0xz  T_69.0, 8;
    %pushi/vec4 0, 0, 9;
    %assign/vec4 v000002059ba2ced0_0, 0;
    %jmp T_69.1;
T_69.0 ;
    %load/vec4 v000002059ba2d010_0;
    %flag_set/vec4 8;
    %jmp/0xz  T_69.2, 8;
    %load/vec4 v000002059ba2ba30_0;
    %assign/vec4 v000002059ba2ced0_0, 0;
T_69.2 ;
T_69.1 ;
    %jmp T_69;
    .thread T_69;
    .scope S_000002059ba4c380;
T_70 ;
    %wait E_000002059b936f60;
    %load/vec4 v000002059ba2d650_0;
    %flag_set/vec4 8;
    %jmp/0xz  T_70.0, 8;
    %pushi/vec4 0, 0, 9;
    %assign/vec4 v000002059ba2bad0_0, 0;
    %jmp T_70.1;
T_70.0 ;
    %load/vec4 v000002059ba2d510_0;
    %flag_set/vec4 8;
    %jmp/0xz  T_70.2, 8;
    %load/vec4 v000002059ba2d290_0;
    %assign/vec4 v000002059ba2bad0_0, 0;
T_70.2 ;
T_70.1 ;
    %jmp T_70;
    .thread T_70;
    .scope S_000002059ba50180;
T_71 ;
    %wait E_000002059b9391e0;
    %load/vec4 v000002059ba319d0_0;
    %flag_set/vec4 8;
    %jmp/0xz  T_71.0, 8;
    %pushi/vec4 255, 0, 8;
    %store/vec4 v000002059ba31430_0, 0, 8;
    %jmp T_71.1;
T_71.0 ;
    %load/vec4 v000002059ba32dd0_0;
    %flag_set/vec4 8;
    %jmp/0xz  T_71.2, 8;
    %pushi/vec4 0, 0, 8;
    %store/vec4 v000002059ba31430_0, 0, 8;
    %jmp T_71.3;
T_71.2 ;
    %load/vec4 v000002059ba32970_0;
    %parti/s 8, 0, 2;
    %store/vec4 v000002059ba31430_0, 0, 8;
T_71.3 ;
T_71.1 ;
    %jmp T_71;
    .thread T_71, $push;
    .scope S_000002059ba4ce70;
T_72 ;
    %wait E_000002059b936f60;
    %load/vec4 v000002059ba2dd30_0;
    %flag_set/vec4 8;
    %jmp/0xz  T_72.0, 8;
    %pushi/vec4 0, 0, 8;
    %assign/vec4 v000002059ba2bcb0_0, 0;
    %jmp T_72.1;
T_72.0 ;
    %load/vec4 v000002059ba2c1b0_0;
    %flag_set/vec4 8;
    %jmp/0xz  T_72.2, 8;
    %load/vec4 v000002059ba2c430_0;
    %assign/vec4 v000002059ba2bcb0_0, 0;
T_72.2 ;
T_72.1 ;
    %jmp T_72;
    .thread T_72;
    .scope S_000002059ba4d7d0;
T_73 ;
    %wait E_000002059b936f60;
    %load/vec4 v000002059ba2c2f0_0;
    %flag_set/vec4 8;
    %jmp/0xz  T_73.0, 8;
    %pushi/vec4 0, 0, 8;
    %assign/vec4 v000002059ba2bfd0_0, 0;
    %jmp T_73.1;
T_73.0 ;
    %load/vec4 v000002059ba2c390_0;
    %flag_set/vec4 8;
    %jmp/0xz  T_73.2, 8;
    %load/vec4 v000002059ba2da10_0;
    %assign/vec4 v000002059ba2bfd0_0, 0;
T_73.2 ;
T_73.1 ;
    %jmp T_73;
    .thread T_73;
    .scope S_000002059ba4d640;
T_74 ;
    %wait E_000002059b936f60;
    %load/vec4 v000002059ba2c7f0_0;
    %flag_set/vec4 8;
    %jmp/0xz  T_74.0, 8;
    %pushi/vec4 0, 0, 1;
    %assign/vec4 v000002059ba2dc90_0, 0;
    %jmp T_74.1;
T_74.0 ;
    %load/vec4 v000002059ba2dab0_0;
    %flag_set/vec4 8;
    %jmp/0xz  T_74.2, 8;
    %load/vec4 v000002059ba2d3d0_0;
    %assign/vec4 v000002059ba2dc90_0, 0;
T_74.2 ;
T_74.1 ;
    %jmp T_74;
    .thread T_74;
    .scope S_000002059ba4d000;
T_75 ;
    %wait E_000002059b936f60;
    %load/vec4 v000002059ba2b8f0_0;
    %flag_set/vec4 8;
    %jmp/0xz  T_75.0, 8;
    %pushi/vec4 0, 0, 1;
    %assign/vec4 v000002059ba2cc50_0, 0;
    %jmp T_75.1;
T_75.0 ;
    %load/vec4 v000002059ba2bd50_0;
    %flag_set/vec4 8;
    %jmp/0xz  T_75.2, 8;
    %load/vec4 v000002059ba2c9d0_0;
    %assign/vec4 v000002059ba2cc50_0, 0;
T_75.2 ;
T_75.1 ;
    %jmp T_75;
    .thread T_75;
    .scope S_000002059ba4d190;
T_76 ;
    %wait E_000002059b936f60;
    %load/vec4 v000002059ba2d830_0;
    %flag_set/vec4 8;
    %jmp/0xz  T_76.0, 8;
    %pushi/vec4 0, 0, 1;
    %assign/vec4 v000002059ba2d790_0, 0;
    %jmp T_76.1;
T_76.0 ;
    %load/vec4 v000002059ba2e050_0;
    %flag_set/vec4 8;
    %jmp/0xz  T_76.2, 8;
    %load/vec4 v000002059ba2c070_0;
    %assign/vec4 v000002059ba2d790_0, 0;
T_76.2 ;
T_76.1 ;
    %jmp T_76;
    .thread T_76;
    .scope S_000002059ba4c9c0;
T_77 ;
    %wait E_000002059b936f60;
    %load/vec4 v000002059ba2c6b0_0;
    %flag_set/vec4 8;
    %jmp/0xz  T_77.0, 8;
    %pushi/vec4 0, 0, 1;
    %assign/vec4 v000002059ba2b990_0, 0;
    %jmp T_77.1;
T_77.0 ;
    %load/vec4 v000002059ba2c570_0;
    %flag_set/vec4 8;
    %jmp/0xz  T_77.2, 8;
    %load/vec4 v000002059ba2ce30_0;
    %assign/vec4 v000002059ba2b990_0, 0;
T_77.2 ;
T_77.1 ;
    %jmp T_77;
    .thread T_77;
    .scope S_000002059ba4de10;
T_78 ;
    %wait E_000002059b936f60;
    %load/vec4 v000002059ba2f1d0_0;
    %flag_set/vec4 8;
    %jmp/0xz  T_78.0, 8;
    %pushi/vec4 0, 0, 23;
    %assign/vec4 v000002059ba2e730_0, 0;
    %jmp T_78.1;
T_78.0 ;
    %load/vec4 v000002059ba30210_0;
    %flag_set/vec4 8;
    %jmp/0xz  T_78.2, 8;
    %load/vec4 v000002059ba2eb90_0;
    %assign/vec4 v000002059ba2e730_0, 0;
T_78.2 ;
T_78.1 ;
    %jmp T_78;
    .thread T_78;
    .scope S_000002059ba4cce0;
T_79 ;
    %wait E_000002059b936f60;
    %load/vec4 v000002059ba2f130_0;
    %flag_set/vec4 8;
    %jmp/0xz  T_79.0, 8;
    %pushi/vec4 0, 0, 23;
    %assign/vec4 v000002059ba2ef50_0, 0;
    %jmp T_79.1;
T_79.0 ;
    %load/vec4 v000002059ba2f8b0_0;
    %flag_set/vec4 8;
    %jmp/0xz  T_79.2, 8;
    %load/vec4 v000002059ba30350_0;
    %assign/vec4 v000002059ba2ef50_0, 0;
T_79.2 ;
T_79.1 ;
    %jmp T_79;
    .thread T_79;
    .scope S_000002059ba19660;
T_80 ;
    %wait E_000002059b936f60;
    %load/vec4 v000002059ba294b0_0;
    %flag_set/vec4 8;
    %jmp/0xz  T_80.0, 8;
    %pushi/vec4 0, 0, 48;
    %assign/vec4 v000002059ba29190_0, 0;
    %jmp T_80.1;
T_80.0 ;
    %load/vec4 v000002059ba292d0_0;
    %flag_set/vec4 8;
    %jmp/0xz  T_80.2, 8;
    %load/vec4 v000002059ba29e10_0;
    %assign/vec4 v000002059ba29190_0, 0;
T_80.2 ;
T_80.1 ;
    %jmp T_80;
    .thread T_80;
    .scope S_000002059ba19b10;
T_81 ;
    %wait E_000002059b936f60;
    %load/vec4 v000002059ba2db50_0;
    %flag_set/vec4 8;
    %jmp/0xz  T_81.0, 8;
    %pushi/vec4 0, 0, 48;
    %assign/vec4 v000002059ba29eb0_0, 0;
    %jmp T_81.1;
T_81.0 ;
    %load/vec4 v000002059ba2bb70_0;
    %flag_set/vec4 8;
    %jmp/0xz  T_81.2, 8;
    %load/vec4 v000002059ba29550_0;
    %assign/vec4 v000002059ba29eb0_0, 0;
T_81.2 ;
T_81.1 ;
    %jmp T_81;
    .thread T_81;
    .scope S_000002059ba4eba0;
T_82 ;
    %wait E_000002059b939360;
    %pushi/vec4 0, 0, 1;
    %store/vec4 v000002059ba32b50_0, 0, 1;
    %pushi/vec4 0, 0, 3;
    %split/vec4 1;
    %store/vec4 v000002059ba31f70_0, 0, 1;
    %split/vec4 1;
    %store/vec4 v000002059ba328d0_0, 0, 1;
    %store/vec4 v000002059ba31e30_0, 0, 1;
    %load/vec4 v000002059ba31cf0_0;
    %parti/s 1, 47, 7;
    %cmpi/e 1, 0, 1;
    %jmp/0xz  T_82.0, 4;
    %load/vec4 v000002059ba31cf0_0;
    %parti/s 23, 24, 6;
    %store/vec4 v000002059ba30c10_0, 0, 23;
    %pushi/vec4 1, 0, 1;
    %store/vec4 v000002059ba32b50_0, 0, 1;
    %load/vec4 v000002059ba32bf0_0;
    %cmpi/e 0, 0, 3;
    %jmp/0xz  T_82.2, 4;
    %load/vec4 v000002059ba30c10_0;
    %parti/s 1, 0, 2;
    %store/vec4 v000002059ba31e30_0, 0, 1;
    %load/vec4 v000002059ba31cf0_0;
    %parti/s 1, 23, 6;
    %store/vec4 v000002059ba328d0_0, 0, 1;
    %load/vec4 v000002059ba31cf0_0;
    %parti/s 23, 0, 2;
    %or/r;
    %store/vec4 v000002059ba31f70_0, 0, 1;
T_82.2 ;
    %jmp T_82.1;
T_82.0 ;
    %load/vec4 v000002059ba31cf0_0;
    %parti/s 23, 23, 6;
    %store/vec4 v000002059ba30c10_0, 0, 23;
    %pushi/vec4 0, 0, 1;
    %store/vec4 v000002059ba32b50_0, 0, 1;
    %load/vec4 v000002059ba32bf0_0;
    %cmpi/e 0, 0, 3;
    %jmp/0xz  T_82.4, 4;
    %load/vec4 v000002059ba30c10_0;
    %parti/s 1, 0, 2;
    %store/vec4 v000002059ba31e30_0, 0, 1;
    %load/vec4 v000002059ba31cf0_0;
    %parti/s 1, 22, 6;
    %store/vec4 v000002059ba328d0_0, 0, 1;
    %load/vec4 v000002059ba31cf0_0;
    %parti/s 22, 0, 2;
    %or/r;
    %store/vec4 v000002059ba31f70_0, 0, 1;
T_82.4 ;
T_82.1 ;
    %jmp T_82;
    .thread T_82, $push;
    .scope S_000002059ba4c060;
T_83 ;
    %wait E_000002059b936f60;
    %load/vec4 v000002059ba2c250_0;
    %flag_set/vec4 8;
    %jmp/0xz  T_83.0, 8;
    %pushi/vec4 0, 0, 1;
    %assign/vec4 v000002059ba2ca70_0, 0;
    %jmp T_83.1;
T_83.0 ;
    %load/vec4 v000002059ba2bdf0_0;
    %flag_set/vec4 8;
    %jmp/0xz  T_83.2, 8;
    %load/vec4 v000002059ba2bf30_0;
    %assign/vec4 v000002059ba2ca70_0, 0;
T_83.2 ;
T_83.1 ;
    %jmp T_83;
    .thread T_83;
    .scope S_000002059ba4dc80;
T_84 ;
    %wait E_000002059b936f60;
    %load/vec4 v000002059ba2dbf0_0;
    %flag_set/vec4 8;
    %jmp/0xz  T_84.0, 8;
    %pushi/vec4 0, 0, 1;
    %assign/vec4 v000002059ba2c890_0, 0;
    %jmp T_84.1;
T_84.0 ;
    %load/vec4 v000002059ba2cbb0_0;
    %flag_set/vec4 8;
    %jmp/0xz  T_84.2, 8;
    %load/vec4 v000002059ba2d150_0;
    %assign/vec4 v000002059ba2c890_0, 0;
T_84.2 ;
T_84.1 ;
    %jmp T_84;
    .thread T_84;
    .scope S_000002059ba4c830;
T_85 ;
    %wait E_000002059b936f60;
    %load/vec4 v000002059ba2d0b0_0;
    %flag_set/vec4 8;
    %jmp/0xz  T_85.0, 8;
    %pushi/vec4 0, 0, 23;
    %assign/vec4 v000002059ba2ddd0_0, 0;
    %jmp T_85.1;
T_85.0 ;
    %load/vec4 v000002059ba2cb10_0;
    %flag_set/vec4 8;
    %jmp/0xz  T_85.2, 8;
    %load/vec4 v000002059ba2cd90_0;
    %assign/vec4 v000002059ba2ddd0_0, 0;
T_85.2 ;
T_85.1 ;
    %jmp T_85;
    .thread T_85;
    .scope S_000002059ba4daf0;
T_86 ;
    %wait E_000002059b936f60;
    %load/vec4 v000002059ba2c110_0;
    %flag_set/vec4 8;
    %jmp/0xz  T_86.0, 8;
    %pushi/vec4 0, 0, 23;
    %assign/vec4 v000002059ba2c610_0, 0;
    %jmp T_86.1;
T_86.0 ;
    %load/vec4 v000002059ba2dfb0_0;
    %flag_set/vec4 8;
    %jmp/0xz  T_86.2, 8;
    %load/vec4 v000002059ba2d6f0_0;
    %assign/vec4 v000002059ba2c610_0, 0;
T_86.2 ;
T_86.1 ;
    %jmp T_86;
    .thread T_86;
    .scope S_000002059b333630;
T_87 ;
    %wait E_000002059b936f60;
    %load/vec4 v000002059b902840_0;
    %flag_set/vec4 8;
    %jmp/0xz  T_87.0, 8;
    %pushi/vec4 0, 0, 2;
    %assign/vec4 v000002059b9036a0_0, 0;
    %jmp T_87.1;
T_87.0 ;
    %load/vec4 v000002059b904500_0;
    %assign/vec4 v000002059b9036a0_0, 0;
T_87.1 ;
    %jmp T_87;
    .thread T_87;
    .scope S_000002059b32fbb0;
T_88 ;
    %wait E_000002059b936f60;
    %load/vec4 v000002059b902a20_0;
    %flag_set/vec4 8;
    %jmp/0xz  T_88.0, 8;
    %pushi/vec4 0, 0, 1;
    %assign/vec4 v000002059b903380_0, 0;
    %jmp T_88.1;
T_88.0 ;
    %load/vec4 v000002059b902660_0;
    %assign/vec4 v000002059b903380_0, 0;
T_88.1 ;
    %jmp T_88;
    .thread T_88;
    .scope S_000002059b32d410;
T_89 ;
    %wait E_000002059b936f60;
    %load/vec4 v000002059b903560_0;
    %flag_set/vec4 8;
    %jmp/0xz  T_89.0, 8;
    %pushi/vec4 0, 0, 1;
    %assign/vec4 v000002059b902c00_0, 0;
    %jmp T_89.1;
T_89.0 ;
    %load/vec4 v000002059b902ac0_0;
    %assign/vec4 v000002059b902c00_0, 0;
T_89.1 ;
    %jmp T_89;
    .thread T_89;
    .scope S_000002059b32d5a0;
T_90 ;
    %wait E_000002059b936f60;
    %load/vec4 v000002059b903b00_0;
    %flag_set/vec4 8;
    %jmp/0xz  T_90.0, 8;
    %pushi/vec4 0, 0, 1;
    %assign/vec4 v000002059b903f60_0, 0;
    %jmp T_90.1;
T_90.0 ;
    %load/vec4 v000002059b9039c0_0;
    %assign/vec4 v000002059b903f60_0, 0;
T_90.1 ;
    %jmp T_90;
    .thread T_90;
    .scope S_000002059b32d730;
T_91 ;
    %wait E_000002059b936f60;
    %load/vec4 v000002059b906620_0;
    %flag_set/vec4 8;
    %jmp/0xz  T_91.0, 8;
    %pushi/vec4 0, 0, 1;
    %assign/vec4 v000002059b9066c0_0, 0;
    %jmp T_91.1;
T_91.0 ;
    %load/vec4 v000002059b903ce0_0;
    %assign/vec4 v000002059b9066c0_0, 0;
T_91.1 ;
    %jmp T_91;
    .thread T_91;
    .scope S_000002059b32cec0;
T_92 ;
    %wait E_000002059b936f60;
    %load/vec4 v000002059b905f40_0;
    %flag_set/vec4 8;
    %jmp/0xz  T_92.0, 8;
    %pushi/vec4 0, 0, 1;
    %assign/vec4 v000002059b906e40_0, 0;
    %jmp T_92.1;
T_92.0 ;
    %load/vec4 v000002059b9050e0_0;
    %assign/vec4 v000002059b906e40_0, 0;
T_92.1 ;
    %jmp T_92;
    .thread T_92;
    .scope S_000002059b8ccdb0;
T_93 ;
    %wait E_000002059b936fe0;
    %load/vec4 v000002059b905540_0;
    %parti/s 1, 31, 6;
    %store/vec4 v000002059b907980_0, 0, 1;
    %load/vec4 v000002059b905540_0;
    %parti/s 31, 0, 2;
    %cmpi/e 0, 0, 31;
    %flag_mov 8, 4;
    %jmp/0 T_93.0, 8;
    %pushi/vec4 1, 0, 1;
    %jmp/1 T_93.1, 8;
T_93.0 ; End of true expr.
    %pushi/vec4 0, 0, 1;
    %jmp/0 T_93.1, 8;
 ; End of false expr.
    %blend;
T_93.1;
    %store/vec4 v000002059b907520_0, 0, 1;
    %load/vec4 v000002059b9078e0_0;
    %flag_set/vec4 8;
    %jmp/0xz  T_93.2, 8;
    %load/vec4 v000002059b9055e0_0;
    %store/vec4 v000002059b905540_0, 0, 32;
    %load/vec4 v000002059b905860_0;
    %store/vec4 v000002059b905680_0, 0, 1;
    %load/vec4 v000002059b907b60_0;
    %store/vec4 v000002059b9063a0_0, 0, 1;
    %pushi/vec4 0, 0, 1;
    %store/vec4 v000002059b907a20_0, 0, 1;
    %jmp T_93.3;
T_93.2 ;
    %load/vec4 v000002059b905d60_0;
    %store/vec4 v000002059b905540_0, 0, 32;
    %load/vec4 v000002059b9057c0_0;
    %store/vec4 v000002059b905680_0, 0, 1;
    %load/vec4 v000002059b908060_0;
    %store/vec4 v000002059b9063a0_0, 0, 1;
    %load/vec4 v000002059b907840_0;
    %store/vec4 v000002059b907a20_0, 0, 1;
T_93.3 ;
    %jmp T_93;
    .thread T_93, $push;
    .scope S_000002059b337a00;
T_94 ;
    %wait E_000002059b936f60;
    %load/vec4 v000002059b904780_0;
    %flag_set/vec4 8;
    %jmp/0xz  T_94.0, 8;
    %pushi/vec4 0, 0, 1;
    %assign/vec4 v000002059b9032e0_0, 0;
    %jmp T_94.1;
T_94.0 ;
    %load/vec4 v000002059b902980_0;
    %assign/vec4 v000002059b9032e0_0, 0;
T_94.1 ;
    %jmp T_94;
    .thread T_94;
    .scope S_000002059b8cc5e0;
T_95 ;
    %wait E_000002059b936f60;
    %load/vec4 v000002059b905220_0;
    %flag_set/vec4 8;
    %jmp/0xz  T_95.0, 8;
    %pushi/vec4 0, 0, 1;
    %assign/vec4 v000002059b906b20_0, 0;
    %jmp T_95.1;
T_95.0 ;
    %load/vec4 v000002059b905cc0_0;
    %assign/vec4 v000002059b906b20_0, 0;
T_95.1 ;
    %jmp T_95;
    .thread T_95;
    .scope S_000002059b333310;
T_96 ;
    %wait E_000002059b936f60;
    %load/vec4 v000002059b904460_0;
    %flag_set/vec4 8;
    %jmp/0xz  T_96.0, 8;
    %pushi/vec4 0, 0, 1;
    %assign/vec4 v000002059b9037e0_0, 0;
    %jmp T_96.1;
T_96.0 ;
    %load/vec4 v000002059b904820_0;
    %assign/vec4 v000002059b9037e0_0, 0;
T_96.1 ;
    %jmp T_96;
    .thread T_96;
    .scope S_000002059b337b90;
T_97 ;
    %wait E_000002059b936f60;
    %load/vec4 v000002059b903c40_0;
    %flag_set/vec4 8;
    %jmp/0xz  T_97.0, 8;
    %pushi/vec4 0, 0, 1;
    %assign/vec4 v000002059b9031a0_0, 0;
    %jmp T_97.1;
T_97.0 ;
    %load/vec4 v000002059b903060_0;
    %assign/vec4 v000002059b9031a0_0, 0;
T_97.1 ;
    %jmp T_97;
    .thread T_97;
    .scope S_000002059b3334a0;
T_98 ;
    %wait E_000002059b936f60;
    %load/vec4 v000002059b903e20_0;
    %flag_set/vec4 8;
    %jmp/0xz  T_98.0, 8;
    %pushi/vec4 0, 0, 1;
    %assign/vec4 v000002059b904a00_0, 0;
    %jmp T_98.1;
T_98.0 ;
    %load/vec4 v000002059b9048c0_0;
    %assign/vec4 v000002059b904a00_0, 0;
T_98.1 ;
    %jmp T_98;
    .thread T_98;
    .scope S_000002059b337870;
T_99 ;
    %wait E_000002059b936f60;
    %load/vec4 v000002059b9046e0_0;
    %flag_set/vec4 8;
    %jmp/0xz  T_99.0, 8;
    %pushi/vec4 0, 0, 32;
    %assign/vec4 v000002059b904320_0, 0;
    %jmp T_99.1;
T_99.0 ;
    %load/vec4 v000002059b904b40_0;
    %assign/vec4 v000002059b904320_0, 0;
T_99.1 ;
    %jmp T_99;
    .thread T_99;
    .scope S_000002059ba4fff0;
T_100 ;
    %wait E_000002059b936f60;
    %load/vec4 v000002059ba36ed0_0;
    %flag_set/vec4 8;
    %jmp/0xz  T_100.0, 8;
    %pushi/vec4 0, 0, 7;
    %assign/vec4 v000002059ba36070_0, 0;
    %jmp T_100.1;
T_100.0 ;
    %load/vec4 v000002059ba35e90_0;
    %ix/load 4, 0, 0;
    %ix/load 5, 0, 0;
    %flag_set/imm 4, 0;
    %assign/vec4/off/d v000002059ba36070_0, 4, 5;
    %load/vec4 v000002059ba36070_0;
    %parti/s 6, 0, 2;
    %ix/load 4, 1, 0;
    %ix/load 5, 0, 0;
    %flag_set/imm 4, 0;
    %assign/vec4/off/d v000002059ba36070_0, 4, 5;
T_100.1 ;
    %jmp T_100;
    .thread T_100;
    .scope S_000002059b2e2210;
T_101 ;
    %delay 5, 0;
    %load/vec4 v000002059ba37150_0;
    %inv;
    %store/vec4 v000002059ba37150_0, 0, 1;
    %jmp T_101;
    .thread T_101;
    .scope S_000002059b2e2210;
T_102 ;
    %vpi_call 2 16 "$dumpfile", "FPU.vcd" {0 0 0};
    %vpi_call 2 17 "$dumpvars", 32'sb00000000000000000000000000000000, S_000002059b2e2210 {0 0 0};
    %end;
    .thread T_102;
    .scope S_000002059b2e2210;
T_103 ;
    %pushi/vec4 0, 0, 1;
    %store/vec4 v000002059ba37150_0, 0, 1;
    %pushi/vec4 1, 0, 1;
    %store/vec4 v000002059ba37f10_0, 0, 1;
    %pushi/vec4 0, 0, 32;
    %store/vec4 v000002059ba36570_0, 0, 32;
    %pushi/vec4 0, 0, 32;
    %store/vec4 v000002059ba366b0_0, 0, 32;
    %pushi/vec4 3, 0, 2;
    %store/vec4 v000002059ba35f30_0, 0, 2;
    %pushi/vec4 0, 0, 3;
    %store/vec4 v000002059ba37510_0, 0, 3;
    %pushi/vec4 0, 0, 1;
    %store/vec4 v000002059ba36390_0, 0, 1;
    %pushi/vec4 0, 0, 1;
    %store/vec4 v000002059ba37e70_0, 0, 1;
    %delay 9, 0;
    %pushi/vec4 1, 0, 1;
    %store/vec4 v000002059ba36390_0, 0, 1;
    %pushi/vec4 0, 0, 1;
    %store/vec4 v000002059ba37f10_0, 0, 1;
    %wait E_000002059b9364a0;
    %pushi/vec4 1, 0, 1;
    %store/vec4 v000002059ba37e70_0, 0, 1;
    %pushi/vec4 1080662426, 0, 32;
    %store/vec4 v000002059ba36570_0, 0, 32;
    %pushi/vec4 1067895398, 0, 32;
    %store/vec4 v000002059ba366b0_0, 0, 32;
    %pushi/vec4 2, 0, 2;
    %store/vec4 v000002059ba35f30_0, 0, 2;
    %wait E_000002059b9364a0;
    %pushi/vec4 1080662426, 0, 32;
    %store/vec4 v000002059ba36570_0, 0, 32;
    %pushi/vec4 1067895398, 0, 32;
    %store/vec4 v000002059ba366b0_0, 0, 32;
    %pushi/vec4 1, 0, 2;
    %store/vec4 v000002059ba35f30_0, 0, 2;
    %wait E_000002059b9364a0;
    %pushi/vec4 1080662426, 0, 32;
    %store/vec4 v000002059ba36570_0, 0, 32;
    %pushi/vec4 1067895398, 0, 32;
    %store/vec4 v000002059ba366b0_0, 0, 32;
    %pushi/vec4 0, 0, 2;
    %store/vec4 v000002059ba35f30_0, 0, 2;
    %delay 100, 0;
    %pushi/vec4 0, 0, 1;
    %store/vec4 v000002059ba36390_0, 0, 1;
    %delay 30, 0;
    %vpi_call 2 81 "$finish" {0 0 0};
    %end;
    .thread T_103;
# The file index is used to find the file name in the following table.
:file_names 31;
    "N/A";
    "<interactive>";
    "./verilog/Project10_mini_CPU/tb/FPU_tb.v";
    "./verilog/Project10_mini_CPU/src_mini_CPU/Top_module/FPU.v";
    "./verilog/Project10_mini_CPU/src_mini_CPU/Register/Pipe_reg_1clk.v";
    "./verilog/Project10_mini_CPU/src_mini_CPU/FPU_common/FPU_unpack.v";
    "./verilog/Project10_mini_CPU/src_mini_CPU/FPU_common/MUX.v";
    "./verilog/Project10_mini_CPU/src_mini_CPU/FADD/FADD_core.v";
    "./verilog/Project10_mini_CPU/src_mini_CPU/Register/Pipe_reg_1clk_en.v";
    "./verilog/Project10_mini_CPU/src_mini_CPU/FADD/comparator.v";
    "./verilog/Project10_mini_CPU/src_mini_CPU/FADD/EXPO_SUB.v";
    "./verilog/Project10_mini_CPU/src_mini_CPU/FADD/Mode_Detector.v";
    "./verilog/Project10_mini_CPU/src_mini_CPU/FADD/barrel_shifter.v";
    "./verilog/Project10_mini_CPU/src_mini_CPU/FADD/Cond_Inverter.v";
    "./verilog/Project10_mini_CPU/src_mini_CPU/FADD/SIGN.v";
    "./verilog/Project10_mini_CPU/src_mini_CPU/FADD/CLA.v";
    "./verilog/Project10_mini_CPU/src_mini_CPU/FADD/Magnitude_Restoration.v";
    "./verilog/Project10_mini_CPU/src_mini_CPU/FADD/Normalization_Controller.v";
    "./verilog/Project10_mini_CPU/src_mini_CPU/FADD/LZD.v";
    "./verilog/Project10_mini_CPU/src_mini_CPU/FADD/EXPO_CAL.v";
    "./verilog/Project10_mini_CPU/src_mini_CPU/FADD/Exception_Handler_ADD.v";
    "./verilog/Project10_mini_CPU/src_mini_CPU/FADD/EXPO_MUX.v";
    "./verilog/Project10_mini_CPU/src_mini_CPU/FADD/Rounding.v";
    "./verilog/Project10_mini_CPU/src_mini_CPU/FMUL/FMUL_core.v";
    "./verilog/Project10_mini_CPU/src_mini_CPU/FMUL/MUL_EXPO_ADD.v";
    "./verilog/Project10_mini_CPU/src_mini_CPU/FMUL/MUL_SIGN.v";
    "./verilog/Project10_mini_CPU/src_mini_CPU/FMUL/Multiplier.v";
    "./verilog/Project10_mini_CPU/src_mini_CPU/FMUL/MUL_EXPO.v";
    "./verilog/Project10_mini_CPU/src_mini_CPU/FMUL/Normalization_MUL.v";
    "./verilog/Project10_mini_CPU/src_mini_CPU/FMUL/Exception_Handler.v";
    "./verilog/STAGE.v";
